dataset,generator,method,domain,temperature,n_ai,AUROC
main2a,Qwen2.5-3B,Likelihood,cmv,0.6,36,1.0
main2a,Qwen2.5-3B,Likelihood,eli5,0.6,41,0.9976121439536074
main2a,Qwen2.5-3B,Likelihood,sci_gen,0.6,52,0.9985207100591715
main2a,Qwen2.5-3B,Likelihood,squad,0.6,43,0.9253537160513905
main2a,Qwen2.5-3B,Likelihood,wp,0.6,47,0.9900312453503943
main2a,Qwen2.5-3B,Likelihood,xsum,0.6,45,0.9638497652582159
main2a,Qwen2.5-3B,Likelihood,yelp,0.6,36,0.9391996891996891
main2a,Qwen2.5-3B,Likelihood,cmv,0.8,36,0.9081196581196581
main2a,Qwen2.5-3B,Likelihood,eli5,0.8,41,0.9515606344874638
main2a,Qwen2.5-3B,Likelihood,sci_gen,0.8,52,0.9029047875201722
main2a,Qwen2.5-3B,Likelihood,squad,0.8,43,0.8019190112213368
main2a,Qwen2.5-3B,Likelihood,wp,0.8,47,0.9006100282696028
main2a,Qwen2.5-3B,Likelihood,xsum,0.8,45,0.6560250391236307
main2a,Qwen2.5-3B,Likelihood,yelp,0.8,36,0.8240093240093239
main2a,Qwen2.5-3B,Likelihood,cmv,0.9,36,0.5347707847707848
main2a,Qwen2.5-3B,Likelihood,eli5,0.9,41,0.764455057137984
main2a,Qwen2.5-3B,Likelihood,sci_gen,0.9,52,0.7686928456159225
main2a,Qwen2.5-3B,Likelihood,squad,0.9,43,0.5007318263132217
main2a,Qwen2.5-3B,Likelihood,wp,0.9,47,0.6899270941824134
main2a,Qwen2.5-3B,Likelihood,xsum,0.9,45,0.35508607198748043
main2a,Qwen2.5-3B,Likelihood,yelp,0.9,36,0.6227661227661228
main2a,Qwen2.5-3B,Likelihood,cmv,0.92,36,0.5
main2a,Qwen2.5-3B,Likelihood,eli5,0.92,41,0.6554664847347774
main2a,Qwen2.5-3B,Likelihood,sci_gen,0.92,52,0.6296395911780527
main2a,Qwen2.5-3B,Likelihood,squad,0.92,43,0.41161164416978374
main2a,Qwen2.5-3B,Likelihood,wp,0.92,47,0.5203094777562862
main2a,Qwen2.5-3B,Likelihood,xsum,0.92,45,0.2211267605633803
main2a,Qwen2.5-3B,Likelihood,yelp,0.92,36,0.4566822066822067
main2a,Qwen2.5-3B,Likelihood,cmv,0.94,36,0.4522144522144522
main2a,Qwen2.5-3B,Likelihood,eli5,0.94,41,0.556711581101825
main2a,Qwen2.5-3B,Likelihood,sci_gen,0.94,52,0.456831629908553
main2a,Qwen2.5-3B,Likelihood,squad,0.94,43,0.3538786794600748
main2a,Qwen2.5-3B,Likelihood,wp,0.94,47,0.47567326290730544
main2a,Qwen2.5-3B,Likelihood,xsum,0.94,45,0.23067292644757434
main2a,Qwen2.5-3B,Likelihood,yelp,0.94,36,0.36344211344211347
main2a,Qwen2.5-3B,Likelihood,cmv,0.96,36,0.26728826728826727
main2a,Qwen2.5-3B,Likelihood,eli5,0.96,41,0.44652908067542213
main2a,Qwen2.5-3B,Likelihood,sci_gen,0.96,52,0.37197417966648744
main2a,Qwen2.5-3B,Likelihood,squad,0.96,43,0.31029435680598466
main2a,Qwen2.5-3B,Likelihood,wp,0.96,47,0.36527302484749297
main2a,Qwen2.5-3B,Likelihood,xsum,0.96,45,0.16025039123630672
main2a,Qwen2.5-3B,Likelihood,yelp,0.96,36,0.257964257964258
main2a,Qwen2.5-3B,Likelihood,cmv,0.98,36,0.22008547008547008
main2a,Qwen2.5-3B,Likelihood,eli5,0.98,41,0.4236738870885213
main2a,Qwen2.5-3B,Likelihood,sci_gen,0.98,52,0.26976869284561594
main2a,Qwen2.5-3B,Likelihood,squad,0.98,43,0.23028134656041635
main2a,Qwen2.5-3B,Likelihood,wp,0.98,47,0.2935575063234638
main2a,Qwen2.5-3B,Likelihood,xsum,0.98,45,0.12848200312989044
main2a,Qwen2.5-3B,Likelihood,yelp,0.98,36,0.27272727272727276
main2a,Qwen2.5-3B,Likelihood,cmv,1.0,36,0.2573815073815074
main2a,Qwen2.5-3B,Likelihood,eli5,1.0,41,0.2421968275626812
main2a,Qwen2.5-3B,Likelihood,sci_gen,1.0,52,0.24556213017751477
main2a,Qwen2.5-3B,Likelihood,squad,1.0,43,0.21141649048625794
main2a,Qwen2.5-3B,Likelihood,wp,1.0,47,0.21276595744680848
main2a,Qwen2.5-3B,Likelihood,xsum,1.0,45,0.097339593114241
main2a,Qwen2.5-3B,Likelihood,yelp,1.0,36,0.2492229992229992
main2a,Qwen2.5-3B,Likelihood,cmv,1.02,36,0.18978243978243978
main2a,Qwen2.5-3B,Likelihood,eli5,1.02,41,0.22087668429131843
main2a,Qwen2.5-3B,Likelihood,sci_gen,1.02,52,0.15761161915008068
main2a,Qwen2.5-3B,Likelihood,squad,1.02,43,0.1933647747601236
main2a,Qwen2.5-3B,Likelihood,wp,1.02,47,0.16262460943312007
main2a,Qwen2.5-3B,Likelihood,xsum,1.02,45,0.057902973395931145
main2a,Qwen2.5-3B,Likelihood,yelp,1.02,36,0.1882284382284382
main2a,Qwen2.5-3B,Likelihood,cmv,1.04,36,0.12276612276612277
main2a,Qwen2.5-3B,Likelihood,eli5,1.04,41,0.11239979532662459
main2a,Qwen2.5-3B,Likelihood,sci_gen,1.04,52,0.09709521247982786
main2a,Qwen2.5-3B,Likelihood,squad,1.04,43,0.1522198731501057
main2a,Qwen2.5-3B,Likelihood,wp,1.04,47,0.06502008629668203
main2a,Qwen2.5-3B,Likelihood,xsum,1.04,45,0.04522691705790297
main2a,Qwen2.5-3B,Likelihood,yelp,1.04,36,0.11033411033411034
main2a,Qwen2.5-3B,Likelihood,cmv,1.06,36,0.12198912198912198
main2a,Qwen2.5-3B,Likelihood,eli5,1.06,41,0.1209278526351697
main2a,Qwen2.5-3B,Likelihood,sci_gen,1.06,52,0.06320602474448628
main2a,Qwen2.5-3B,Likelihood,squad,1.06,43,0.10066677508537974
main2a,Qwen2.5-3B,Likelihood,wp,1.06,47,0.04032138074691266
main2a,Qwen2.5-3B,Likelihood,xsum,1.06,45,0.01517996870109546
main2a,Qwen2.5-3B,Likelihood,yelp,1.06,36,0.1256798756798757
main2a,Qwen2.5-3B,Likelihood,cmv,1.1,36,0.023892773892773885
main2a,Qwen2.5-3B,Likelihood,eli5,1.1,41,0.042299164250383756
main2a,Qwen2.5-3B,Likelihood,sci_gen,1.1,52,0.021920387305002693
main2a,Qwen2.5-3B,Likelihood,squad,1.1,43,0.041470157749227514
main2a,Qwen2.5-3B,Likelihood,wp,1.1,47,0.04299955363785151
main2a,Qwen2.5-3B,Likelihood,xsum,1.1,45,0.01377151799687011
main2a,Qwen2.5-3B,Likelihood,yelp,1.1,36,0.050699300699300696
main2a,Qwen2.5-3B,Likelihood,cmv,1.2,36,0.0
main2a,Qwen2.5-3B,Likelihood,eli5,1.2,41,0.0
main2a,Qwen2.5-3B,Likelihood,sci_gen,1.2,52,0.019096288327057558
main2a,Qwen2.5-3B,Likelihood,squad,1.2,43,0.025532606927955764
main2a,Qwen2.5-3B,Likelihood,wp,1.2,47,0.0
main2a,Qwen2.5-3B,Likelihood,xsum,1.2,45,0.0003129890453834112
main2a,Qwen2.5-3B,Likelihood,yelp,1.2,36,0.0009712509712509722
main2a,Qwen2.5-3B,LogRank,cmv,0.6,36,1.0
main2a,Qwen2.5-3B,LogRank,eli5,0.6,41,0.9979532662459492
main2a,Qwen2.5-3B,LogRank,sci_gen,0.6,52,0.999596557288865
main2a,Qwen2.5-3B,LogRank,squad,0.6,43,0.9401528703854285
main2a,Qwen2.5-3B,LogRank,wp,0.6,47,0.9941972920696325
main2a,Qwen2.5-3B,LogRank,xsum,0.6,45,0.9868544600938968
main2a,Qwen2.5-3B,LogRank,yelp,0.6,36,0.9362859362859364
main2a,Qwen2.5-3B,LogRank,cmv,0.8,36,0.9125874125874126
main2a,Qwen2.5-3B,LogRank,eli5,0.8,41,0.9495139007334129
main2a,Qwen2.5-3B,LogRank,sci_gen,0.8,52,0.9064012910166757
main2a,Qwen2.5-3B,LogRank,squad,0.8,43,0.7960644007155635
main2a,Qwen2.5-3B,LogRank,wp,0.8,47,0.9215890492486238
main2a,Qwen2.5-3B,LogRank,xsum,0.8,45,0.666510172143975
main2a,Qwen2.5-3B,LogRank,yelp,0.8,36,0.8354700854700855
main2a,Qwen2.5-3B,LogRank,cmv,0.9,36,0.5394327894327894
main2a,Qwen2.5-3B,LogRank,eli5,0.9,41,0.7675251577690603
main2a,Qwen2.5-3B,LogRank,sci_gen,0.9,52,0.7842926304464766
main2a,Qwen2.5-3B,LogRank,squad,0.9,43,0.4852821597007643
main2a,Qwen2.5-3B,LogRank,wp,0.9,47,0.7106085403957745
main2a,Qwen2.5-3B,LogRank,xsum,0.9,45,0.35524256651017216
main2a,Qwen2.5-3B,LogRank,yelp,0.9,36,0.6324786324786325
main2a,Qwen2.5-3B,LogRank,cmv,0.92,36,0.4887334887334887
main2a,Qwen2.5-3B,LogRank,eli5,0.92,41,0.6496674057649667
main2a,Qwen2.5-3B,LogRank,sci_gen,0.92,52,0.6323292092522862
main2a,Qwen2.5-3B,LogRank,squad,0.92,43,0.4031549845503334
main2a,Qwen2.5-3B,LogRank,wp,0.92,47,0.5406933492039875
main2a,Qwen2.5-3B,LogRank,xsum,0.92,45,0.2236306729264476
main2a,Qwen2.5-3B,LogRank,yelp,0.92,36,0.45202020202020204
main2a,Qwen2.5-3B,LogRank,cmv,0.94,36,0.44075369075369075
main2a,Qwen2.5-3B,LogRank,eli5,0.94,41,0.5519358690090398
main2a,Qwen2.5-3B,LogRank,sci_gen,0.94,52,0.4386767079074771
main2a,Qwen2.5-3B,LogRank,squad,0.94,43,0.34558464791022925
main2a,Qwen2.5-3B,LogRank,wp,0.94,47,0.4909983633387889
main2a,Qwen2.5-3B,LogRank,xsum,0.94,45,0.23724569640062598
main2a,Qwen2.5-3B,LogRank,yelp,0.94,36,0.3785936285936286
main2a,Qwen2.5-3B,LogRank,cmv,0.96,36,0.26223776223776224
main2a,Qwen2.5-3B,LogRank,eli5,0.96,41,0.43441923929728804
main2a,Qwen2.5-3B,LogRank,sci_gen,0.96,52,0.3612157073695535
main2a,Qwen2.5-3B,LogRank,squad,0.96,43,0.2927305252886648
main2a,Qwen2.5-3B,LogRank,wp,0.96,47,0.36497545008183296
main2a,Qwen2.5-3B,LogRank,xsum,0.96,45,0.16744913928012517
main2a,Qwen2.5-3B,LogRank,yelp,0.96,36,0.2602952602952603
main2a,Qwen2.5-3B,LogRank,cmv,0.98,36,0.20707070707070707
main2a,Qwen2.5-3B,LogRank,eli5,0.98,41,0.41122292341804534
main2a,Qwen2.5-3B,LogRank,sci_gen,0.98,52,0.25578267885960193
main2a,Qwen2.5-3B,LogRank,squad,0.98,43,0.21759635713124087
main2a,Qwen2.5-3B,LogRank,wp,0.98,47,0.30159202499628035
main2a,Qwen2.5-3B,LogRank,xsum,0.98,45,0.13615023474178403
main2a,Qwen2.5-3B,LogRank,yelp,0.98,36,0.26146076146076147
main2a,Qwen2.5-3B,LogRank,cmv,1.0,36,0.24961149961149962
main2a,Qwen2.5-3B,LogRank,eli5,1.0,41,0.2491898345556882
main2a,Qwen2.5-3B,LogRank,sci_gen,1.0,52,0.23910704679935446
main2a,Qwen2.5-3B,LogRank,squad,1.0,43,0.1967799642218247
main2a,Qwen2.5-3B,LogRank,wp,1.0,47,0.2065168873679512
main2a,Qwen2.5-3B,LogRank,xsum,1.0,45,0.11220657276995305
main2a,Qwen2.5-3B,LogRank,yelp,1.0,36,0.24087024087024086
main2a,Qwen2.5-3B,LogRank,cmv,1.02,36,0.1794871794871795
main2a,Qwen2.5-3B,LogRank,eli5,1.02,41,0.2043322531127409
main2a,Qwen2.5-3B,LogRank,sci_gen,1.02,52,0.1445669714900484
main2a,Qwen2.5-3B,LogRank,squad,1.02,43,0.19759310456984877
main2a,Qwen2.5-3B,LogRank,wp,1.02,47,0.15756583841690225
main2a,Qwen2.5-3B,LogRank,xsum,1.02,45,0.06431924882629107
main2a,Qwen2.5-3B,LogRank,yelp,1.02,36,0.17929292929292928
main2a,Qwen2.5-3B,LogRank,cmv,1.04,36,0.12082362082362082
main2a,Qwen2.5-3B,LogRank,eli5,1.04,41,0.09994883165614873
main2a,Qwen2.5-3B,LogRank,sci_gen,1.04,52,0.08095750403442711
main2a,Qwen2.5-3B,LogRank,squad,1.04,43,0.14571475036591314
main2a,Qwen2.5-3B,LogRank,wp,1.04,47,0.06576402321083172
main2a,Qwen2.5-3B,LogRank,xsum,1.04,45,0.04209702660406886
main2a,Qwen2.5-3B,LogRank,yelp,1.04,36,0.10742035742035741
main2a,Qwen2.5-3B,LogRank,cmv,1.06,36,0.11169386169386168
main2a,Qwen2.5-3B,LogRank,eli5,1.06,41,0.11120586730342827
main2a,Qwen2.5-3B,LogRank,sci_gen,1.06,52,0.059037116729424424
main2a,Qwen2.5-3B,LogRank,squad,1.06,43,0.09708895755407385
main2a,Qwen2.5-3B,LogRank,wp,1.06,47,0.043743490552001184
main2a,Qwen2.5-3B,LogRank,xsum,1.06,45,0.01784037558685446
main2a,Qwen2.5-3B,LogRank,yelp,1.06,36,0.11324786324786325
main2a,Qwen2.5-3B,LogRank,cmv,1.1,36,0.018648018648018645
main2a,Qwen2.5-3B,LogRank,eli5,1.1,41,0.04008186935016203
main2a,Qwen2.5-3B,LogRank,sci_gen,1.1,52,0.012910166756320604
main2a,Qwen2.5-3B,LogRank,squad,1.1,43,0.03919336477476012
main2a,Qwen2.5-3B,LogRank,wp,1.1,47,0.03600654664484452
main2a,Qwen2.5-3B,LogRank,xsum,1.1,45,0.014241001564945226
main2a,Qwen2.5-3B,LogRank,yelp,1.1,36,0.048951048951048945
main2a,Qwen2.5-3B,LogRank,cmv,1.2,36,0.0
main2a,Qwen2.5-3B,LogRank,eli5,1.2,41,0.0
main2a,Qwen2.5-3B,LogRank,sci_gen,1.2,52,0.017616998386229155
main2a,Qwen2.5-3B,LogRank,squad,1.2,43,0.022280045535859494
main2a,Qwen2.5-3B,LogRank,wp,1.2,47,0.0001487873828299357
main2a,Qwen2.5-3B,LogRank,xsum,1.2,45,0.0006259780907668224
main2a,Qwen2.5-3B,LogRank,yelp,1.2,36,0.0007770007770007753
main2a,Qwen2.5-3B,Entropy,cmv,0.6,36,0.07575757575757576
main2a,Qwen2.5-3B,Entropy,eli5,0.6,41,0.03871738018079481
main2a,Qwen2.5-3B,Entropy,sci_gen,0.6,52,0.17953200645508335
main2a,Qwen2.5-3B,Entropy,squad,0.6,43,0.2406895430151244
main2a,Qwen2.5-3B,Entropy,wp,0.6,47,0.07870852551703615
main2a,Qwen2.5-3B,Entropy,xsum,0.6,45,0.37981220657277
main2a,Qwen2.5-3B,Entropy,yelp,0.6,36,0.19910644910644912
main2a,Qwen2.5-3B,Entropy,cmv,0.8,36,0.36033411033411034
main2a,Qwen2.5-3B,Entropy,eli5,0.8,41,0.2045028142589118
main2a,Qwen2.5-3B,Entropy,sci_gen,0.8,52,0.3331091984938139
main2a,Qwen2.5-3B,Entropy,squad,0.8,43,0.3503008619287689
main2a,Qwen2.5-3B,Entropy,wp,0.8,47,0.33625948519565546
main2a,Qwen2.5-3B,Entropy,xsum,0.8,45,0.5442879499217528
main2a,Qwen2.5-3B,Entropy,yelp,0.8,36,0.34867909867909874
main2a,Qwen2.5-3B,Entropy,cmv,0.9,36,0.5955710955710956
main2a,Qwen2.5-3B,Entropy,eli5,0.9,41,0.36670646426743986
main2a,Qwen2.5-3B,Entropy,sci_gen,0.9,52,0.4487627756858526
main2a,Qwen2.5-3B,Entropy,squad,0.9,43,0.5422019840624492
main2a,Qwen2.5-3B,Entropy,wp,0.9,47,0.4662996577890195
main2a,Qwen2.5-3B,Entropy,xsum,0.9,45,0.6708920187793428
main2a,Qwen2.5-3B,Entropy,yelp,0.9,36,0.43589743589743585
main2a,Qwen2.5-3B,Entropy,cmv,0.92,36,0.6231546231546232
main2a,Qwen2.5-3B,Entropy,eli5,0.92,41,0.4693842742623231
main2a,Qwen2.5-3B,Entropy,sci_gen,0.92,52,0.5365788058095751
main2a,Qwen2.5-3B,Entropy,squad,0.92,43,0.5810700926979997
main2a,Qwen2.5-3B,Entropy,wp,0.92,47,0.58131230471656
main2a,Qwen2.5-3B,Entropy,xsum,0.92,45,0.7474178403755869
main2a,Qwen2.5-3B,Entropy,yelp,0.92,36,0.5147630147630148
main2a,Qwen2.5-3B,Entropy,cmv,0.94,36,0.6239316239316239
main2a,Qwen2.5-3B,Entropy,eli5,0.94,41,0.5360736824151457
main2a,Qwen2.5-3B,Entropy,sci_gen,0.94,52,0.6066433566433567
main2a,Qwen2.5-3B,Entropy,squad,0.94,43,0.5755407383314359
main2a,Qwen2.5-3B,Entropy,wp,0.94,47,0.5732777860437434
main2a,Qwen2.5-3B,Entropy,xsum,0.94,45,0.6763693270735525
main2a,Qwen2.5-3B,Entropy,yelp,0.94,36,0.595959595959596
main2a,Qwen2.5-3B,Entropy,cmv,0.96,36,0.7138694638694637
main2a,Qwen2.5-3B,Entropy,eli5,0.96,41,0.5657513218488828
main2a,Qwen2.5-3B,Entropy,sci_gen,0.96,52,0.6633942980096826
main2a,Qwen2.5-3B,Entropy,squad,0.96,43,0.5859489347861441
main2a,Qwen2.5-3B,Entropy,wp,0.96,47,0.6327927391757179
main2a,Qwen2.5-3B,Entropy,xsum,0.96,45,0.6902973395931142
main2a,Qwen2.5-3B,Entropy,yelp,0.96,36,0.6971639471639471
main2a,Qwen2.5-3B,Entropy,cmv,0.98,36,0.7154234654234654
main2a,Qwen2.5-3B,Entropy,eli5,0.98,41,0.5915060549206891
main2a,Qwen2.5-3B,Entropy,sci_gen,0.98,52,0.6885422270037654
main2a,Qwen2.5-3B,Entropy,squad,0.98,43,0.6823873800617987
main2a,Qwen2.5-3B,Entropy,wp,0.98,47,0.690968605862223
main2a,Qwen2.5-3B,Entropy,xsum,0.98,45,0.6968701095461659
main2a,Qwen2.5-3B,Entropy,yelp,0.98,36,0.648989898989899
main2a,Qwen2.5-3B,Entropy,cmv,1.0,36,0.6952214452214451
main2a,Qwen2.5-3B,Entropy,eli5,1.0,41,0.7178918642333276
main2a,Qwen2.5-3B,Entropy,sci_gen,1.0,52,0.7135556750941368
main2a,Qwen2.5-3B,Entropy,squad,1.0,43,0.7072694747113353
main2a,Qwen2.5-3B,Entropy,wp,1.0,47,0.7518226454396667
main2a,Qwen2.5-3B,Entropy,xsum,1.0,45,0.7522691705790298
main2a,Qwen2.5-3B,Entropy,yelp,1.0,36,0.66006216006216
main2a,Qwen2.5-3B,Entropy,cmv,1.02,36,0.7558275058275058
main2a,Qwen2.5-3B,Entropy,eli5,1.02,41,0.7006651884700664
main2a,Qwen2.5-3B,Entropy,sci_gen,1.02,52,0.7455621301775148
main2a,Qwen2.5-3B,Entropy,squad,1.02,43,0.693446088794926
main2a,Qwen2.5-3B,Entropy,wp,1.02,47,0.7665525963398303
main2a,Qwen2.5-3B,Entropy,xsum,1.02,45,0.8237871674491393
main2a,Qwen2.5-3B,Entropy,yelp,1.02,36,0.6575369075369075
main2a,Qwen2.5-3B,Entropy,cmv,1.04,36,0.8043900543900544
main2a,Qwen2.5-3B,Entropy,eli5,1.04,41,0.802831315026437
main2a,Qwen2.5-3B,Entropy,sci_gen,1.04,52,0.8259817105970951
main2a,Qwen2.5-3B,Entropy,squad,1.04,43,0.740608228980322
main2a,Qwen2.5-3B,Entropy,wp,1.04,47,0.8684719535783365
main2a,Qwen2.5-3B,Entropy,xsum,1.04,45,0.8579029733959311
main2a,Qwen2.5-3B,Entropy,yelp,1.04,36,0.782051282051282
main2a,Qwen2.5-3B,Entropy,cmv,1.06,36,0.7810800310800311
main2a,Qwen2.5-3B,Entropy,eli5,1.06,41,0.8033429984649497
main2a,Qwen2.5-3B,Entropy,sci_gen,1.06,52,0.8651156535771921
main2a,Qwen2.5-3B,Entropy,squad,1.06,43,0.7931370954626769
main2a,Qwen2.5-3B,Entropy,wp,1.06,47,0.9123642315131677
main2a,Qwen2.5-3B,Entropy,xsum,1.06,45,0.952112676056338
main2a,Qwen2.5-3B,Entropy,yelp,1.06,36,0.7432012432012431
main2a,Qwen2.5-3B,Entropy,cmv,1.1,36,0.9186091686091686
main2a,Qwen2.5-3B,Entropy,eli5,1.1,41,0.8894763772812554
main2a,Qwen2.5-3B,Entropy,sci_gen,1.1,52,0.9338353953738568
main2a,Qwen2.5-3B,Entropy,squad,1.1,43,0.8785168320052041
main2a,Qwen2.5-3B,Entropy,wp,1.1,47,0.8924267222139561
main2a,Qwen2.5-3B,Entropy,xsum,1.1,45,0.917527386541471
main2a,Qwen2.5-3B,Entropy,yelp,1.1,36,0.8166278166278167
main2a,Qwen2.5-3B,Entropy,cmv,1.2,36,0.986985236985237
main2a,Qwen2.5-3B,Entropy,eli5,1.2,41,0.9884018420603786
main2a,Qwen2.5-3B,Entropy,sci_gen,1.2,52,0.9763313609467454
main2a,Qwen2.5-3B,Entropy,squad,1.2,43,0.95202471946658
main2a,Qwen2.5-3B,Entropy,wp,1.2,47,0.9720279720279719
main2a,Qwen2.5-3B,Entropy,xsum,1.2,45,0.9804381846635367
main2a,Qwen2.5-3B,Entropy,yelp,1.2,36,0.9491064491064491
main2a,Qwen2.5-3B,LRR,cmv,0.6,36,1.0
main2a,Qwen2.5-3B,LRR,eli5,0.6,41,0.9967593382227529
main2a,Qwen2.5-3B,LRR,sci_gen,0.6,52,0.9983862291554599
main2a,Qwen2.5-3B,LRR,squad,0.6,43,0.9489347861440884
main2a,Qwen2.5-3B,LRR,wp,0.6,47,0.9980657640232108
main2a,Qwen2.5-3B,LRR,xsum,0.6,45,0.9823161189358371
main2a,Qwen2.5-3B,LRR,yelp,0.6,36,0.9071484071484072
main2a,Qwen2.5-3B,LRR,cmv,0.8,36,0.9102564102564102
main2a,Qwen2.5-3B,LRR,eli5,0.8,41,0.9264881460003411
main2a,Qwen2.5-3B,LRR,sci_gen,0.8,52,0.8824636901559978
main2a,Qwen2.5-3B,LRR,squad,0.8,43,0.7399577167019027
main2a,Qwen2.5-3B,LRR,wp,0.8,47,0.9479244160095224
main2a,Qwen2.5-3B,LRR,xsum,0.8,45,0.6638497652582159
main2a,Qwen2.5-3B,LRR,yelp,0.8,36,0.83003108003108
main2a,Qwen2.5-3B,LRR,cmv,0.9,36,0.563131313131313
main2a,Qwen2.5-3B,LRR,eli5,0.9,41,0.7223264540337712
main2a,Qwen2.5-3B,LRR,sci_gen,0.9,52,0.7942442173211405
main2a,Qwen2.5-3B,LRR,squad,0.9,43,0.4649536510001626
main2a,Qwen2.5-3B,LRR,wp,0.9,47,0.7250409165302782
main2a,Qwen2.5-3B,LRR,xsum,0.9,45,0.39906103286384975
main2a,Qwen2.5-3B,LRR,yelp,0.9,36,0.6179098679098679
main2a,Qwen2.5-3B,LRR,cmv,0.92,36,0.4504662004662004
main2a,Qwen2.5-3B,LRR,eli5,0.92,41,0.6102677809994883
main2a,Qwen2.5-3B,LRR,sci_gen,0.92,52,0.6203604088219473
main2a,Qwen2.5-3B,LRR,squad,0.92,43,0.405269149455196
main2a,Qwen2.5-3B,LRR,wp,0.92,47,0.5871150126469274
main2a,Qwen2.5-3B,LRR,xsum,0.92,45,0.2510172143974961
main2a,Qwen2.5-3B,LRR,yelp,0.92,36,0.45046620046620045
main2a,Qwen2.5-3B,LRR,cmv,0.94,36,0.4131701631701632
main2a,Qwen2.5-3B,LRR,eli5,0.94,41,0.5273750639604298
main2a,Qwen2.5-3B,LRR,sci_gen,0.94,52,0.4043840774610006
main2a,Qwen2.5-3B,LRR,squad,0.94,43,0.3418442023093186
main2a,Qwen2.5-3B,LRR,wp,0.94,47,0.536973664633239
main2a,Qwen2.5-3B,LRR,xsum,0.94,45,0.27527386541471044
main2a,Qwen2.5-3B,LRR,yelp,0.94,36,0.4155011655011655
main2a,Qwen2.5-3B,LRR,cmv,0.96,36,0.2777777777777778
main2a,Qwen2.5-3B,LRR,eli5,0.96,41,0.38239808971516287
main2a,Qwen2.5-3B,LRR,sci_gen,0.96,52,0.3442711135018827
main2a,Qwen2.5-3B,LRR,squad,0.96,43,0.26687266222149947
main2a,Qwen2.5-3B,LRR,wp,0.96,47,0.37955661359916676
main2a,Qwen2.5-3B,LRR,xsum,0.96,45,0.21705790297339592
main2a,Qwen2.5-3B,LRR,yelp,0.96,36,0.27525252525252525
main2a,Qwen2.5-3B,LRR,cmv,0.98,36,0.1926961926961927
main2a,Qwen2.5-3B,LRR,eli5,0.98,41,0.350844277673546
main2a,Qwen2.5-3B,LRR,sci_gen,0.98,52,0.24098977945131791
main2a,Qwen2.5-3B,LRR,squad,0.98,43,0.19710522036103434
main2a,Qwen2.5-3B,LRR,wp,0.98,47,0.34518672816545154
main2a,Qwen2.5-3B,LRR,xsum,0.98,45,0.20234741784037558
main2a,Qwen2.5-3B,LRR,yelp,0.98,36,0.256993006993007
main2a,Qwen2.5-3B,LRR,cmv,1.0,36,0.23057498057498058
main2a,Qwen2.5-3B,LRR,eli5,1.0,41,0.26368753198021494
main2a,Qwen2.5-3B,LRR,sci_gen,1.0,52,0.2361484669176977
main2a,Qwen2.5-3B,LRR,squad,1.0,43,0.1875101642543503
main2a,Qwen2.5-3B,LRR,wp,1.0,47,0.20934384764171998
main2a,Qwen2.5-3B,LRR,xsum,1.0,45,0.17683881064162754
main2a,Qwen2.5-3B,LRR,yelp,1.0,36,0.23562548562548563
main2a,Qwen2.5-3B,LRR,cmv,1.02,36,0.1785159285159285
main2a,Qwen2.5-3B,LRR,eli5,1.02,41,0.172778441071124
main2a,Qwen2.5-3B,LRR,sci_gen,1.02,52,0.1526358257127488
main2a,Qwen2.5-3B,LRR,squad,1.02,43,0.21873475361847455
main2a,Qwen2.5-3B,LRR,wp,1.02,47,0.16961761642612705
main2a,Qwen2.5-3B,LRR,xsum,1.02,45,0.1219092331768388
main2a,Qwen2.5-3B,LRR,yelp,1.02,36,0.15734265734265734
main2a,Qwen2.5-3B,LRR,cmv,1.04,36,0.12917637917637917
main2a,Qwen2.5-3B,LRR,eli5,1.04,41,0.08152822786969129
main2a,Qwen2.5-3B,LRR,sci_gen,1.04,52,0.07988165680473373
main2a,Qwen2.5-3B,LRR,squad,1.04,43,0.15335826963733942
main2a,Qwen2.5-3B,LRR,wp,1.04,47,0.07528641571194762
main2a,Qwen2.5-3B,LRR,xsum,1.04,45,0.05195618153364632
main2a,Qwen2.5-3B,LRR,yelp,1.04,36,0.11072261072261072
main2a,Qwen2.5-3B,LRR,cmv,1.06,36,0.09673659673659672
main2a,Qwen2.5-3B,LRR,eli5,1.06,41,0.08800955142418557
main2a,Qwen2.5-3B,LRR,sci_gen,1.06,52,0.0516406670252824
main2a,Qwen2.5-3B,LRR,squad,1.06,43,0.08879492600422834
main2a,Qwen2.5-3B,LRR,wp,1.06,47,0.06442493676536229
main2a,Qwen2.5-3B,LRR,xsum,1.06,45,0.0325508607198748
main2a,Qwen2.5-3B,LRR,yelp,1.06,36,0.09829059829059827
main2a,Qwen2.5-3B,LRR,cmv,1.1,36,0.016899766899766896
main2a,Qwen2.5-3B,LRR,eli5,1.1,41,0.035476718403547665
main2a,Qwen2.5-3B,LRR,sci_gen,1.1,52,0.011565357719203872
main2a,Qwen2.5-3B,LRR,squad,1.1,43,0.04325906651488048
main2a,Qwen2.5-3B,LRR,wp,1.1,47,0.028120815354857907
main2a,Qwen2.5-3B,LRR,xsum,1.1,45,0.02629107981220657
main2a,Qwen2.5-3B,LRR,yelp,1.1,36,0.05497280497280496
main2a,Qwen2.5-3B,LRR,cmv,1.2,36,0.0
main2a,Qwen2.5-3B,LRR,eli5,1.2,41,0.0
main2a,Qwen2.5-3B,LRR,sci_gen,1.2,52,0.0016137708445400762
main2a,Qwen2.5-3B,LRR,squad,1.2,43,0.010570824524312898
main2a,Qwen2.5-3B,LRR,wp,1.2,47,0.0014878738282993595
main2a,Qwen2.5-3B,LRR,xsum,1.2,45,0.004381846635367762
main2a,Qwen2.5-3B,LRR,yelp,1.2,36,0.0007770007770007753
main2a,Qwen2.5-3B,FastDetectGPT,cmv,0.6,36,1.0
main2a,Qwen2.5-3B,FastDetectGPT,eli5,0.6,41,1.0
main2a,Qwen2.5-3B,FastDetectGPT,sci_gen,0.6,52,1.0
main2a,Qwen2.5-3B,FastDetectGPT,squad,0.6,43,0.9990242315823712
main2a,Qwen2.5-3B,FastDetectGPT,wp,0.6,47,0.9971730397262313
main2a,Qwen2.5-3B,FastDetectGPT,xsum,0.6,45,0.9998435054773083
main2a,Qwen2.5-3B,FastDetectGPT,yelp,0.6,36,0.995920745920746
main2a,Qwen2.5-3B,FastDetectGPT,cmv,0.8,36,0.9963092463092462
main2a,Qwen2.5-3B,FastDetectGPT,eli5,0.8,41,0.9979532662459492
main2a,Qwen2.5-3B,FastDetectGPT,sci_gen,0.8,52,0.9938138784292632
main2a,Qwen2.5-3B,FastDetectGPT,squad,0.8,43,0.9629208001301024
main2a,Qwen2.5-3B,FastDetectGPT,wp,0.8,47,0.9965778901949114
main2a,Qwen2.5-3B,FastDetectGPT,xsum,0.8,45,0.9727699530516432
main2a,Qwen2.5-3B,FastDetectGPT,yelp,0.8,36,0.9932012432012431
main2a,Qwen2.5-3B,FastDetectGPT,cmv,0.9,36,0.9419191919191919
main2a,Qwen2.5-3B,FastDetectGPT,eli5,0.9,41,0.949343339587242
main2a,Qwen2.5-3B,FastDetectGPT,sci_gen,0.9,52,0.9627487896718666
main2a,Qwen2.5-3B,FastDetectGPT,squad,0.9,43,0.8503821759635714
main2a,Qwen2.5-3B,FastDetectGPT,wp,0.9,47,0.9061151614343104
main2a,Qwen2.5-3B,FastDetectGPT,xsum,0.9,45,0.8597809076682317
main2a,Qwen2.5-3B,FastDetectGPT,yelp,0.9,36,0.8898601398601398
main2a,Qwen2.5-3B,FastDetectGPT,cmv,0.92,36,0.8848096348096348
main2a,Qwen2.5-3B,FastDetectGPT,eli5,0.92,41,0.9082381033600546
main2a,Qwen2.5-3B,FastDetectGPT,sci_gen,0.92,52,0.8850188273265196
main2a,Qwen2.5-3B,FastDetectGPT,squad,0.92,43,0.769393397300374
main2a,Qwen2.5-3B,FastDetectGPT,wp,0.92,47,0.8619253087338193
main2a,Qwen2.5-3B,FastDetectGPT,xsum,0.92,45,0.7003129890453834
main2a,Qwen2.5-3B,FastDetectGPT,yelp,0.92,36,0.8494560994560995
main2a,Qwen2.5-3B,FastDetectGPT,cmv,0.94,36,0.9085081585081585
main2a,Qwen2.5-3B,FastDetectGPT,eli5,0.94,41,0.841037011768719
main2a,Qwen2.5-3B,FastDetectGPT,sci_gen,0.94,52,0.7245831091984938
main2a,Qwen2.5-3B,FastDetectGPT,squad,0.94,43,0.6836884046186371
main2a,Qwen2.5-3B,FastDetectGPT,wp,0.94,47,0.8277042106829341
main2a,Qwen2.5-3B,FastDetectGPT,xsum,0.94,45,0.6801251956181533
main2a,Qwen2.5-3B,FastDetectGPT,yelp,0.94,36,0.7896270396270396
main2a,Qwen2.5-3B,FastDetectGPT,cmv,0.96,36,0.7748640248640248
main2a,Qwen2.5-3B,FastDetectGPT,eli5,0.96,41,0.7209619648644039
main2a,Qwen2.5-3B,FastDetectGPT,sci_gen,0.96,52,0.6250672404518558
main2a,Qwen2.5-3B,FastDetectGPT,squad,0.96,43,0.5394373068791672
main2a,Qwen2.5-3B,FastDetectGPT,wp,0.96,47,0.6443981550364528
main2a,Qwen2.5-3B,FastDetectGPT,xsum,0.96,45,0.5849765258215962
main2a,Qwen2.5-3B,FastDetectGPT,yelp,0.96,36,0.6468531468531469
main2a,Qwen2.5-3B,FastDetectGPT,cmv,0.98,36,0.5864413364413364
main2a,Qwen2.5-3B,FastDetectGPT,eli5,0.98,41,0.6356813917789528
main2a,Qwen2.5-3B,FastDetectGPT,sci_gen,0.98,52,0.43665949435180207
main2a,Qwen2.5-3B,FastDetectGPT,squad,0.98,43,0.43112701252236135
main2a,Qwen2.5-3B,FastDetectGPT,wp,0.98,47,0.5766998958488321
main2a,Qwen2.5-3B,FastDetectGPT,xsum,0.98,45,0.4350547730829421
main2a,Qwen2.5-3B,FastDetectGPT,yelp,0.98,36,0.6223776223776225
main2a,Qwen2.5-3B,FastDetectGPT,cmv,1.0,36,0.5505050505050505
main2a,Qwen2.5-3B,FastDetectGPT,eli5,1.0,41,0.4524987207914037
main2a,Qwen2.5-3B,FastDetectGPT,sci_gen,1.0,52,0.3375470683162991
main2a,Qwen2.5-3B,FastDetectGPT,squad,1.0,43,0.3664010408196454
main2a,Qwen2.5-3B,FastDetectGPT,wp,1.0,47,0.3908644546942419
main2a,Qwen2.5-3B,FastDetectGPT,xsum,1.0,45,0.4137715179968701
main2a,Qwen2.5-3B,FastDetectGPT,yelp,1.0,36,0.506021756021756
main2a,Qwen2.5-3B,FastDetectGPT,cmv,1.02,36,0.42094017094017094
main2a,Qwen2.5-3B,FastDetectGPT,eli5,1.02,41,0.336858263687532
main2a,Qwen2.5-3B,FastDetectGPT,sci_gen,1.02,52,0.1865250134480904
main2a,Qwen2.5-3B,FastDetectGPT,squad,1.02,43,0.3462351601886486
main2a,Qwen2.5-3B,FastDetectGPT,wp,1.02,47,0.26097306948370774
main2a,Qwen2.5-3B,FastDetectGPT,xsum,1.02,45,0.2549295774647887
main2a,Qwen2.5-3B,FastDetectGPT,yelp,1.02,36,0.39821289821289824
main2a,Qwen2.5-3B,FastDetectGPT,cmv,1.04,36,0.31507381507381504
main2a,Qwen2.5-3B,FastDetectGPT,eli5,1.04,41,0.23383933140030702
main2a,Qwen2.5-3B,FastDetectGPT,sci_gen,1.04,52,0.15021516944593866
main2a,Qwen2.5-3B,FastDetectGPT,squad,1.04,43,0.20962758172060494
main2a,Qwen2.5-3B,FastDetectGPT,wp,1.04,47,0.11917869364677876
main2a,Qwen2.5-3B,FastDetectGPT,xsum,1.04,45,0.14366197183098592
main2a,Qwen2.5-3B,FastDetectGPT,yelp,1.04,36,0.25874125874125875
main2a,Qwen2.5-3B,FastDetectGPT,cmv,1.06,36,0.23310023310023312
main2a,Qwen2.5-3B,FastDetectGPT,eli5,1.06,41,0.1635681391778953
main2a,Qwen2.5-3B,FastDetectGPT,sci_gen,1.06,52,0.08109198493813878
main2a,Qwen2.5-3B,FastDetectGPT,squad,1.06,43,0.10831029435680598
main2a,Qwen2.5-3B,FastDetectGPT,wp,1.06,47,0.07007885731289987
main2a,Qwen2.5-3B,FastDetectGPT,xsum,1.06,45,0.09577464788732394
main2a,Qwen2.5-3B,FastDetectGPT,yelp,1.06,36,0.30361305361305363
main2a,Qwen2.5-3B,FastDetectGPT,cmv,1.1,36,0.13694638694638694
main2a,Qwen2.5-3B,FastDetectGPT,eli5,1.1,41,0.10660071635681392
main2a,Qwen2.5-3B,FastDetectGPT,sci_gen,1.1,52,0.018692845615922535
main2a,Qwen2.5-3B,FastDetectGPT,squad,1.1,43,0.02927305252886648
main2a,Qwen2.5-3B,FastDetectGPT,wp,1.1,47,0.07290581758666864
main2a,Qwen2.5-3B,FastDetectGPT,xsum,1.1,45,0.0730829420970266
main2a,Qwen2.5-3B,FastDetectGPT,yelp,1.1,36,0.1418026418026418
main2a,Qwen2.5-3B,FastDetectGPT,cmv,1.2,36,0.0
main2a,Qwen2.5-3B,FastDetectGPT,eli5,1.2,41,0.0
main2a,Qwen2.5-3B,FastDetectGPT,sci_gen,1.2,52,0.000403442711135018
main2a,Qwen2.5-3B,FastDetectGPT,squad,1.2,43,0.03171247357293869
main2a,Qwen2.5-3B,FastDetectGPT,wp,1.2,47,0.0008927242969796166
main2a,Qwen2.5-3B,FastDetectGPT,xsum,1.2,45,0.017683881064162757
main2a,Qwen2.5-3B,FastDetectGPT,yelp,1.2,36,0.005827505827505828
main2a,Qwen2.5-3B,Binoculars,cmv,0.6,36,1.0
main2a,Qwen2.5-3B,Binoculars,eli5,0.6,41,1.0
main2a,Qwen2.5-3B,Binoculars,sci_gen,0.6,52,1.0
main2a,Qwen2.5-3B,Binoculars,squad,0.6,43,0.9967474386079038
main2a,Qwen2.5-3B,Binoculars,wp,0.6,47,0.9994048504686803
main2a,Qwen2.5-3B,Binoculars,xsum,0.6,45,1.0
main2a,Qwen2.5-3B,Binoculars,yelp,0.6,36,0.997086247086247
main2a,Qwen2.5-3B,Binoculars,cmv,0.8,36,0.994949494949495
main2a,Qwen2.5-3B,Binoculars,eli5,0.8,41,0.996588777076582
main2a,Qwen2.5-3B,Binoculars,sci_gen,0.8,52,0.9909897794513179
main2a,Qwen2.5-3B,Binoculars,squad,0.8,43,0.9601561229468205
main2a,Qwen2.5-3B,Binoculars,wp,0.8,47,0.9971730397262312
main2a,Qwen2.5-3B,Binoculars,xsum,0.8,45,0.9763693270735524
main2a,Qwen2.5-3B,Binoculars,yelp,0.8,36,0.993978243978244
main2a,Qwen2.5-3B,Binoculars,cmv,0.9,36,0.9343434343434344
main2a,Qwen2.5-3B,Binoculars,eli5,0.9,41,0.9450793109329695
main2a,Qwen2.5-3B,Binoculars,sci_gen,0.9,52,0.9537385691231846
main2a,Qwen2.5-3B,Binoculars,squad,0.9,43,0.8443649373881932
main2a,Qwen2.5-3B,Binoculars,wp,0.9,47,0.8927242969796161
main2a,Qwen2.5-3B,Binoculars,xsum,0.9,45,0.8503912363067293
main2a,Qwen2.5-3B,Binoculars,yelp,0.9,36,0.8848096348096348
main2a,Qwen2.5-3B,Binoculars,cmv,0.92,36,0.8766511266511265
main2a,Qwen2.5-3B,Binoculars,eli5,0.92,41,0.9015862186593894
main2a,Qwen2.5-3B,Binoculars,sci_gen,0.92,52,0.8784292630446476
main2a,Qwen2.5-3B,Binoculars,squad,0.92,43,0.75979834119369
main2a,Qwen2.5-3B,Binoculars,wp,0.92,47,0.8412438625204584
main2a,Qwen2.5-3B,Binoculars,xsum,0.92,45,0.6763693270735525
main2a,Qwen2.5-3B,Binoculars,yelp,0.92,36,0.8411033411033411
main2a,Qwen2.5-3B,Binoculars,cmv,0.94,36,0.898018648018648
main2a,Qwen2.5-3B,Binoculars,eli5,0.94,41,0.8250042640286542
main2a,Qwen2.5-3B,Binoculars,sci_gen,0.94,52,0.71624529316837
main2a,Qwen2.5-3B,Binoculars,squad,0.94,43,0.6713286713286714
main2a,Qwen2.5-3B,Binoculars,wp,0.94,47,0.8037494420473144
main2a,Qwen2.5-3B,Binoculars,xsum,0.94,45,0.6724569640062598
main2a,Qwen2.5-3B,Binoculars,yelp,0.94,36,0.7789432789432789
main2a,Qwen2.5-3B,Binoculars,cmv,0.96,36,0.7593240093240093
main2a,Qwen2.5-3B,Binoculars,eli5,0.96,41,0.7143100801637386
main2a,Qwen2.5-3B,Binoculars,sci_gen,0.96,52,0.6186121570736955
main2a,Qwen2.5-3B,Binoculars,squad,0.96,43,0.5353716051390469
main2a,Qwen2.5-3B,Binoculars,wp,0.96,47,0.6284779050736498
main2a,Qwen2.5-3B,Binoculars,xsum,0.96,45,0.5821596244131455
main2a,Qwen2.5-3B,Binoculars,yelp,0.96,36,0.6363636363636364
main2a,Qwen2.5-3B,Binoculars,cmv,0.98,36,0.5811965811965812
main2a,Qwen2.5-3B,Binoculars,eli5,0.98,41,0.6324407300017056
main2a,Qwen2.5-3B,Binoculars,sci_gen,0.98,52,0.43477676169983864
main2a,Qwen2.5-3B,Binoculars,squad,0.98,43,0.42966335989591803
main2a,Qwen2.5-3B,Binoculars,wp,0.98,47,0.5601844963547091
main2a,Qwen2.5-3B,Binoculars,xsum,0.98,45,0.4475743348982785
main2a,Qwen2.5-3B,Binoculars,yelp,0.98,36,0.6225718725718725
main2a,Qwen2.5-3B,Binoculars,cmv,1.0,36,0.5499222999223
main2a,Qwen2.5-3B,Binoculars,eli5,1.0,41,0.4630735118539997
main2a,Qwen2.5-3B,Binoculars,sci_gen,1.0,52,0.3431952662721894
main2a,Qwen2.5-3B,Binoculars,squad,1.0,43,0.3670515530980647
main2a,Qwen2.5-3B,Binoculars,wp,1.0,47,0.39264990328820115
main2a,Qwen2.5-3B,Binoculars,xsum,1.0,45,0.4234741784037559
main2a,Qwen2.5-3B,Binoculars,yelp,1.0,36,0.5089355089355089
main2a,Qwen2.5-3B,Binoculars,cmv,1.02,36,0.4182206682206682
main2a,Qwen2.5-3B,Binoculars,eli5,1.02,41,0.35203820569674227
main2a,Qwen2.5-3B,Binoculars,sci_gen,1.02,52,0.18867670790747715
main2a,Qwen2.5-3B,Binoculars,squad,1.02,43,0.34786144088469667
main2a,Qwen2.5-3B,Binoculars,wp,1.02,47,0.26692456479690524
main2a,Qwen2.5-3B,Binoculars,xsum,1.02,45,0.2657276995305164
main2a,Qwen2.5-3B,Binoculars,yelp,1.02,36,0.407925407925408
main2a,Qwen2.5-3B,Binoculars,cmv,1.04,36,0.31507381507381504
main2a,Qwen2.5-3B,Binoculars,eli5,1.04,41,0.2553300358178407
main2a,Qwen2.5-3B,Binoculars,sci_gen,1.04,52,0.15102205486820872
main2a,Qwen2.5-3B,Binoculars,squad,1.04,43,0.2158074483655879
main2a,Qwen2.5-3B,Binoculars,wp,1.04,47,0.1343550066954322
main2a,Qwen2.5-3B,Binoculars,xsum,1.04,45,0.14788732394366194
main2a,Qwen2.5-3B,Binoculars,yelp,1.04,36,0.27175602175602176
main2a,Qwen2.5-3B,Binoculars,cmv,1.06,36,0.2385392385392385
main2a,Qwen2.5-3B,Binoculars,eli5,1.06,41,0.17567798055602932
main2a,Qwen2.5-3B,Binoculars,sci_gen,1.06,52,0.08162990855298546
main2a,Qwen2.5-3B,Binoculars,squad,1.06,43,0.11644169783704666
main2a,Qwen2.5-3B,Binoculars,wp,1.06,47,0.0723106680553489
main2a,Qwen2.5-3B,Binoculars,xsum,1.06,45,0.09921752738654147
main2a,Qwen2.5-3B,Binoculars,yelp,1.06,36,0.3141025641025641
main2a,Qwen2.5-3B,Binoculars,cmv,1.1,36,0.13636363636363635
main2a,Qwen2.5-3B,Binoculars,eli5,1.1,41,0.11239979532662459
main2a,Qwen2.5-3B,Binoculars,sci_gen,1.1,52,0.0193652501344809
main2a,Qwen2.5-3B,Binoculars,squad,1.1,43,0.03447715075622052
main2a,Qwen2.5-3B,Binoculars,wp,1.1,47,0.07290581758666866
main2a,Qwen2.5-3B,Binoculars,xsum,1.1,45,0.07386541471048513
main2a,Qwen2.5-3B,Binoculars,yelp,1.1,36,0.14316239316239315
main2a,Qwen2.5-3B,Binoculars,cmv,1.2,36,0.0009712509712509693
main2a,Qwen2.5-3B,Binoculars,eli5,1.2,41,0.0022172949002217304
main2a,Qwen2.5-3B,Binoculars,sci_gen,1.2,52,0.0017482517482517446
main2a,Qwen2.5-3B,Binoculars,squad,1.2,43,0.0318751016425435
main2a,Qwen2.5-3B,Binoculars,wp,1.2,47,0.0013390864454694237
main2a,Qwen2.5-3B,Binoculars,xsum,1.2,45,0.020970266040688575
main2a,Qwen2.5-3B,Binoculars,yelp,1.2,36,0.0058275058275058245
main2a,Qwen2.5-3B,DMAP_position,cmv,0.6,36,0.9797979797979798
main2a,Qwen2.5-3B,DMAP_position,eli5,0.6,41,0.959918130649838
main2a,Qwen2.5-3B,DMAP_position,sci_gen,0.6,52,0.9994620763851534
main2a,Qwen2.5-3B,DMAP_position,squad,0.6,43,0.8921775898520085
main2a,Qwen2.5-3B,DMAP_position,wp,0.6,47,0.9532807617914002
main2a,Qwen2.5-3B,DMAP_position,xsum,0.6,45,0.9528951486697965
main2a,Qwen2.5-3B,DMAP_position,yelp,0.6,36,0.9463869463869464
main2a,Qwen2.5-3B,DMAP_position,cmv,0.8,36,0.8737373737373737
main2a,Qwen2.5-3B,DMAP_position,eli5,0.8,41,0.9085792256523963
main2a,Qwen2.5-3B,DMAP_position,sci_gen,0.8,52,0.9382732651963421
main2a,Qwen2.5-3B,DMAP_position,squad,0.8,43,0.763376158724996
main2a,Qwen2.5-3B,DMAP_position,wp,0.8,47,0.9251599464365422
main2a,Qwen2.5-3B,DMAP_position,xsum,0.8,45,0.7693270735524256
main2a,Qwen2.5-3B,DMAP_position,yelp,0.8,36,0.8523698523698523
main2a,Qwen2.5-3B,DMAP_position,cmv,0.9,36,0.6804584304584305
main2a,Qwen2.5-3B,DMAP_position,eli5,0.9,41,0.7670134743305476
main2a,Qwen2.5-3B,DMAP_position,sci_gen,0.9,52,0.8656535771920387
main2a,Qwen2.5-3B,DMAP_position,squad,0.9,43,0.5870873312733778
main2a,Qwen2.5-3B,DMAP_position,wp,0.9,47,0.7585180776670138
main2a,Qwen2.5-3B,DMAP_position,xsum,0.9,45,0.561189358372457
main2a,Qwen2.5-3B,DMAP_position,yelp,0.9,36,0.6383061383061382
main2a,Qwen2.5-3B,DMAP_position,cmv,0.92,36,0.6907536907536909
main2a,Qwen2.5-3B,DMAP_position,eli5,0.92,41,0.7368241514582978
main2a,Qwen2.5-3B,DMAP_position,sci_gen,0.92,52,0.7463690155997849
main2a,Qwen2.5-3B,DMAP_position,squad,0.92,43,0.5644820295983086
main2a,Qwen2.5-3B,DMAP_position,wp,0.92,47,0.6591281059366165
main2a,Qwen2.5-3B,DMAP_position,xsum,0.92,45,0.4561815336463224
main2a,Qwen2.5-3B,DMAP_position,yelp,0.92,36,0.49358974358974356
main2a,Qwen2.5-3B,DMAP_position,cmv,0.94,36,0.608003108003108
main2a,Qwen2.5-3B,DMAP_position,eli5,0.94,41,0.6704758655978168
main2a,Qwen2.5-3B,DMAP_position,sci_gen,0.94,52,0.6141742872512104
main2a,Qwen2.5-3B,DMAP_position,squad,0.94,43,0.4621889738168808
main2a,Qwen2.5-3B,DMAP_position,wp,0.94,47,0.5875613747954174
main2a,Qwen2.5-3B,DMAP_position,xsum,0.94,45,0.3517996870109546
main2a,Qwen2.5-3B,DMAP_position,yelp,0.94,36,0.46989121989121985
main2a,Qwen2.5-3B,DMAP_position,cmv,0.96,36,0.46658896658896654
main2a,Qwen2.5-3B,DMAP_position,eli5,0.96,41,0.5505713798396725
main2a,Qwen2.5-3B,DMAP_position,sci_gen,0.96,52,0.5731576116191501
main2a,Qwen2.5-3B,DMAP_position,squad,0.96,43,0.33664010408196454
main2a,Qwen2.5-3B,DMAP_position,wp,0.96,47,0.4618360363041214
main2a,Qwen2.5-3B,DMAP_position,xsum,0.96,45,0.2269170579029734
main2a,Qwen2.5-3B,DMAP_position,yelp,0.96,36,0.42463092463092467
main2a,Qwen2.5-3B,DMAP_position,cmv,0.98,36,0.3632478632478633
main2a,Qwen2.5-3B,DMAP_position,eli5,0.98,41,0.4804707487634317
main2a,Qwen2.5-3B,DMAP_position,sci_gen,0.98,52,0.43343195266272194
main2a,Qwen2.5-3B,DMAP_position,squad,0.98,43,0.2850870060172386
main2a,Qwen2.5-3B,DMAP_position,wp,0.98,47,0.44457669989584886
main2a,Qwen2.5-3B,DMAP_position,xsum,0.98,45,0.1672926447574335
main2a,Qwen2.5-3B,DMAP_position,yelp,0.98,36,0.35664335664335667
main2a,Qwen2.5-3B,DMAP_position,cmv,1.0,36,0.2783605283605283
main2a,Qwen2.5-3B,DMAP_position,eli5,1.0,41,0.3636363636363637
main2a,Qwen2.5-3B,DMAP_position,sci_gen,1.0,52,0.34628832705755785
main2a,Qwen2.5-3B,DMAP_position,squad,1.0,43,0.30216295332574405
main2a,Qwen2.5-3B,DMAP_position,wp,1.0,47,0.26632941526558546
main2a,Qwen2.5-3B,DMAP_position,xsum,1.0,45,0.14428794992175276
main2a,Qwen2.5-3B,DMAP_position,yelp,1.0,36,0.26223776223776224
main2a,Qwen2.5-3B,DMAP_position,cmv,1.02,36,0.21095571095571095
main2a,Qwen2.5-3B,DMAP_position,eli5,1.02,41,0.26709875490363294
main2a,Qwen2.5-3B,DMAP_position,sci_gen,1.02,52,0.23937600860677785
main2a,Qwen2.5-3B,DMAP_position,squad,1.02,43,0.23581070092697998
main2a,Qwen2.5-3B,DMAP_position,wp,1.02,47,0.20190447850022317
main2a,Qwen2.5-3B,DMAP_position,xsum,1.02,45,0.12018779342723004
main2a,Qwen2.5-3B,DMAP_position,yelp,1.02,36,0.135003885003885
main2a,Qwen2.5-3B,DMAP_position,cmv,1.04,36,0.21853146853146854
main2a,Qwen2.5-3B,DMAP_position,eli5,1.04,41,0.1816476206720109
main2a,Qwen2.5-3B,DMAP_position,sci_gen,1.04,52,0.21463152232383004
main2a,Qwen2.5-3B,DMAP_position,squad,1.04,43,0.16994633273703041
main2a,Qwen2.5-3B,DMAP_position,wp,1.04,47,0.08540395774438328
main2a,Qwen2.5-3B,DMAP_position,xsum,1.04,45,0.020187793427230045
main2a,Qwen2.5-3B,DMAP_position,yelp,1.04,36,0.06410256410256411
main2a,Qwen2.5-3B,DMAP_position,cmv,1.06,36,0.08624708624708625
main2a,Qwen2.5-3B,DMAP_position,eli5,1.06,41,0.12638580931263857
main2a,Qwen2.5-3B,DMAP_position,sci_gen,1.06,52,0.11108122646584184
main2a,Qwen2.5-3B,DMAP_position,squad,1.06,43,0.11302650837534559
main2a,Qwen2.5-3B,DMAP_position,wp,1.06,47,0.03645290879333432
main2a,Qwen2.5-3B,DMAP_position,xsum,1.06,45,0.01846635367762128
main2a,Qwen2.5-3B,DMAP_position,yelp,1.06,36,0.03651903651903653
main2a,Qwen2.5-3B,DMAP_position,cmv,1.1,36,0.032828282828282825
main2a,Qwen2.5-3B,DMAP_position,eli5,1.1,41,0.06805389732219
main2a,Qwen2.5-3B,DMAP_position,sci_gen,1.1,52,0.0307961269499731
main2a,Qwen2.5-3B,DMAP_position,squad,1.1,43,0.04309643844527566
main2a,Qwen2.5-3B,DMAP_position,wp,1.1,47,0.007588156524326733
main2a,Qwen2.5-3B,DMAP_position,xsum,1.1,45,0.009389671361502348
main2a,Qwen2.5-3B,DMAP_position,yelp,1.1,36,0.018453768453768452
main2a,Qwen2.5-3B,DMAP_position,cmv,1.2,36,0.0
main2a,Qwen2.5-3B,DMAP_position,eli5,1.2,41,0.00034112229234180383
main2a,Qwen2.5-3B,DMAP_position,sci_gen,1.2,52,0.0032275416890801506
main2a,Qwen2.5-3B,DMAP_position,squad,1.2,43,0.010896080663522524
main2a,Qwen2.5-3B,DMAP_position,wp,1.2,47,0.0
main2a,Qwen2.5-3B,DMAP_position,xsum,1.2,45,0.0
main2a,Qwen2.5-3B,DMAP_position,yelp,1.2,36,0.0005827505827505814
main2a,Qwen2.5-3B,DMAP_chi2,cmv,0.6,36,0.8869463869463869
main2a,Qwen2.5-3B,DMAP_chi2,eli5,0.6,41,0.847859457615555
main2a,Qwen2.5-3B,DMAP_chi2,sci_gen,0.6,52,0.9572350726196881
main2a,Qwen2.5-3B,DMAP_chi2,squad,0.6,43,0.6853146853146853
main2a,Qwen2.5-3B,DMAP_chi2,wp,0.6,47,0.9349799137033179
main2a,Qwen2.5-3B,DMAP_chi2,xsum,0.6,45,0.9023474178403755
main2a,Qwen2.5-3B,DMAP_chi2,yelp,0.6,36,0.7799145299145299
main2a,Qwen2.5-3B,DMAP_chi2,cmv,0.8,36,0.7358197358197358
main2a,Qwen2.5-3B,DMAP_chi2,eli5,0.8,41,0.659901074535221
main2a,Qwen2.5-3B,DMAP_chi2,sci_gen,0.8,52,0.7268692845615923
main2a,Qwen2.5-3B,DMAP_chi2,squad,0.8,43,0.4807285737518296
main2a,Qwen2.5-3B,DMAP_chi2,wp,0.8,47,0.7473590239547687
main2a,Qwen2.5-3B,DMAP_chi2,xsum,0.8,45,0.6951486697965571
main2a,Qwen2.5-3B,DMAP_chi2,yelp,0.8,36,0.62004662004662
main2a,Qwen2.5-3B,DMAP_chi2,cmv,0.9,36,0.563908313908314
main2a,Qwen2.5-3B,DMAP_chi2,eli5,0.9,41,0.5686508613337882
main2a,Qwen2.5-3B,DMAP_chi2,sci_gen,0.9,52,0.5363098440021516
main2a,Qwen2.5-3B,DMAP_chi2,squad,0.9,43,0.46690518783542034
main2a,Qwen2.5-3B,DMAP_chi2,wp,0.9,47,0.6015473887814313
main2a,Qwen2.5-3B,DMAP_chi2,xsum,0.9,45,0.5233176838810643
main2a,Qwen2.5-3B,DMAP_chi2,yelp,0.9,36,0.4831002331002331
main2a,Qwen2.5-3B,DMAP_chi2,cmv,0.92,36,0.5903263403263403
main2a,Qwen2.5-3B,DMAP_chi2,eli5,0.92,41,0.4603445335152652
main2a,Qwen2.5-3B,DMAP_chi2,sci_gen,0.92,52,0.5123722431414739
main2a,Qwen2.5-3B,DMAP_chi2,squad,0.92,43,0.47828915270775735
main2a,Qwen2.5-3B,DMAP_chi2,wp,0.92,47,0.49486683529236725
main2a,Qwen2.5-3B,DMAP_chi2,xsum,0.92,45,0.502660406885759
main2a,Qwen2.5-3B,DMAP_chi2,yelp,0.92,36,0.4524087024087024
main2a,Qwen2.5-3B,DMAP_chi2,cmv,0.94,36,0.5878010878010879
main2a,Qwen2.5-3B,DMAP_chi2,eli5,0.94,41,0.5058843595428961
main2a,Qwen2.5-3B,DMAP_chi2,sci_gen,0.94,52,0.5142549757934374
main2a,Qwen2.5-3B,DMAP_chi2,squad,0.94,43,0.4644657667913482
main2a,Qwen2.5-3B,DMAP_chi2,wp,0.94,47,0.5451569706888856
main2a,Qwen2.5-3B,DMAP_chi2,xsum,0.94,45,0.4751173708920188
main2a,Qwen2.5-3B,DMAP_chi2,yelp,0.94,36,0.5359362859362861
main2a,Qwen2.5-3B,DMAP_chi2,cmv,0.96,36,0.552059052059052
main2a,Qwen2.5-3B,DMAP_chi2,eli5,0.96,41,0.49718574108818014
main2a,Qwen2.5-3B,DMAP_chi2,sci_gen,0.96,52,0.5523130715438408
main2a,Qwen2.5-3B,DMAP_chi2,squad,0.96,43,0.5303301349812978
main2a,Qwen2.5-3B,DMAP_chi2,wp,0.96,47,0.5323612557655111
main2a,Qwen2.5-3B,DMAP_chi2,xsum,0.96,45,0.47120500782472613
main2a,Qwen2.5-3B,DMAP_chi2,yelp,0.96,36,0.5289432789432789
main2a,Qwen2.5-3B,DMAP_chi2,cmv,0.98,36,0.6555944055944055
main2a,Qwen2.5-3B,DMAP_chi2,eli5,0.98,41,0.48916936721814774
main2a,Qwen2.5-3B,DMAP_chi2,sci_gen,0.98,52,0.5681818181818182
main2a,Qwen2.5-3B,DMAP_chi2,squad,0.98,43,0.48804683688404615
main2a,Qwen2.5-3B,DMAP_chi2,wp,0.98,47,0.5655408421365868
main2a,Qwen2.5-3B,DMAP_chi2,xsum,0.98,45,0.428169014084507
main2a,Qwen2.5-3B,DMAP_chi2,yelp,0.98,36,0.5804195804195804
main2a,Qwen2.5-3B,DMAP_chi2,cmv,1.0,36,0.614996114996115
main2a,Qwen2.5-3B,DMAP_chi2,eli5,1.0,41,0.5272045028142589
main2a,Qwen2.5-3B,DMAP_chi2,sci_gen,1.0,52,0.5118343195266273
main2a,Qwen2.5-3B,DMAP_chi2,squad,1.0,43,0.5382989103919336
main2a,Qwen2.5-3B,DMAP_chi2,wp,1.0,47,0.5820562416307098
main2a,Qwen2.5-3B,DMAP_chi2,xsum,1.0,45,0.46478873239436624
main2a,Qwen2.5-3B,DMAP_chi2,yelp,1.0,36,0.6068376068376069
main2a,Qwen2.5-3B,DMAP_chi2,cmv,1.02,36,0.6157731157731158
main2a,Qwen2.5-3B,DMAP_chi2,eli5,1.02,41,0.5778611632270167
main2a,Qwen2.5-3B,DMAP_chi2,sci_gen,1.02,52,0.556750941366326
main2a,Qwen2.5-3B,DMAP_chi2,squad,1.02,43,0.5430151244104733
main2a,Qwen2.5-3B,DMAP_chi2,wp,1.02,47,0.6537717601547388
main2a,Qwen2.5-3B,DMAP_chi2,xsum,1.02,45,0.582472613458529
main2a,Qwen2.5-3B,DMAP_chi2,yelp,1.02,36,0.6862859362859363
main2a,Qwen2.5-3B,DMAP_chi2,cmv,1.04,36,0.6565656565656566
main2a,Qwen2.5-3B,DMAP_chi2,eli5,1.04,41,0.649326283472625
main2a,Qwen2.5-3B,DMAP_chi2,sci_gen,1.04,52,0.5701990317374933
main2a,Qwen2.5-3B,DMAP_chi2,squad,1.04,43,0.5926166856399414
main2a,Qwen2.5-3B,DMAP_chi2,wp,1.04,47,0.7043594703169171
main2a,Qwen2.5-3B,DMAP_chi2,xsum,1.04,45,0.6003129890453833
main2a,Qwen2.5-3B,DMAP_chi2,yelp,1.04,36,0.75
main2a,Qwen2.5-3B,DMAP_chi2,cmv,1.06,36,0.6895881895881897
main2a,Qwen2.5-3B,DMAP_chi2,eli5,1.06,41,0.7211325260105748
main2a,Qwen2.5-3B,DMAP_chi2,sci_gen,1.06,52,0.6473910704679935
main2a,Qwen2.5-3B,DMAP_chi2,squad,1.06,43,0.6584810538298911
main2a,Qwen2.5-3B,DMAP_chi2,wp,1.06,47,0.830382383573873
main2a,Qwen2.5-3B,DMAP_chi2,xsum,1.06,45,0.6726134585289515
main2a,Qwen2.5-3B,DMAP_chi2,yelp,1.06,36,0.7461149961149962
main2a,Qwen2.5-3B,DMAP_chi2,cmv,1.1,36,0.8649961149961151
main2a,Qwen2.5-3B,DMAP_chi2,eli5,1.1,41,0.8490533856387515
main2a,Qwen2.5-3B,DMAP_chi2,sci_gen,1.1,52,0.8476331360946745
main2a,Qwen2.5-3B,DMAP_chi2,squad,1.1,43,0.7684176288827452
main2a,Qwen2.5-3B,DMAP_chi2,wp,1.1,47,0.9833358131230472
main2a,Qwen2.5-3B,DMAP_chi2,xsum,1.1,45,0.8068857589984351
main2a,Qwen2.5-3B,DMAP_chi2,yelp,1.1,36,0.8908313908313908
main2a,Qwen2.5-3B,DMAP_chi2,cmv,1.2,36,0.9980574980574981
main2a,Qwen2.5-3B,DMAP_chi2,eli5,1.2,41,0.9897663312297459
main2a,Qwen2.5-3B,DMAP_chi2,sci_gen,1.2,52,0.9903173749327596
main2a,Qwen2.5-3B,DMAP_chi2,squad,1.2,43,0.9663359895918037
main2a,Qwen2.5-3B,DMAP_chi2,wp,1.2,47,0.9997024252343402
main2a,Qwen2.5-3B,DMAP_chi2,xsum,1.2,45,0.9942097026604069
main2a,Qwen2.5-3B,DMAP_chi2,yelp,1.2,36,0.9976689976689976
main2a,SmolLM2-1.7B,Likelihood,cmv,0.8,36,0.8504273504273504
main2a,SmolLM2-1.7B,Likelihood,eli5,0.8,41,0.9130138154528398
main2a,SmolLM2-1.7B,Likelihood,sci_gen,0.8,52,0.8552985476062399
main2a,SmolLM2-1.7B,Likelihood,squad,0.8,43,0.7980159375508212
main2a,SmolLM2-1.7B,Likelihood,wp,0.8,47,0.867281654515697
main2a,SmolLM2-1.7B,Likelihood,xsum,0.8,45,0.5139280125195618
main2a,SmolLM2-1.7B,Likelihood,yelp,0.8,36,0.7482517482517483
main2a,SmolLM2-1.7B,Likelihood,cmv,0.9,36,0.46017871017871015
main2a,SmolLM2-1.7B,Likelihood,eli5,0.9,41,0.6240832338393314
main2a,SmolLM2-1.7B,Likelihood,sci_gen,0.9,52,0.5095481441635289
main2a,SmolLM2-1.7B,Likelihood,squad,0.9,43,0.4514555212229631
main2a,SmolLM2-1.7B,Likelihood,wp,0.9,47,0.5017110549025443
main2a,SmolLM2-1.7B,Likelihood,xsum,0.9,45,0.15508607198748045
main2a,SmolLM2-1.7B,Likelihood,yelp,0.9,36,0.33352758352758355
main2a,SmolLM2-1.7B,Likelihood,cmv,0.94,36,0.3003108003108003
main2a,SmolLM2-1.7B,Likelihood,eli5,0.94,41,0.3968957871396896
main2a,SmolLM2-1.7B,Likelihood,sci_gen,0.94,52,0.3866325981710597
main2a,SmolLM2-1.7B,Likelihood,squad,0.94,43,0.2728899007968775
main2a,SmolLM2-1.7B,Likelihood,wp,0.94,47,0.311560779645886
main2a,SmolLM2-1.7B,Likelihood,xsum,0.94,45,0.03599374021909233
main2a,SmolLM2-1.7B,Likelihood,yelp,0.94,36,0.20163170163170163
main2a,SmolLM2-1.7B,Likelihood,cmv,0.98,36,0.09285159285159285
main2a,SmolLM2-1.7B,Likelihood,eli5,0.98,41,0.2244584683609074
main2a,SmolLM2-1.7B,Likelihood,sci_gen,0.98,52,0.21113501882732652
main2a,SmolLM2-1.7B,Likelihood,squad,0.98,43,0.11351439258416002
main2a,SmolLM2-1.7B,Likelihood,wp,0.98,47,0.1644100580270793
main2a,SmolLM2-1.7B,Likelihood,xsum,0.98,45,0.020500782472613457
main2a,SmolLM2-1.7B,Likelihood,yelp,0.98,36,0.1385003885003885
main2a,SmolLM2-1.7B,Likelihood,cmv,1.0,36,0.0402097902097902
main2a,SmolLM2-1.7B,Likelihood,eli5,1.0,41,0.11922224117346067
main2a,SmolLM2-1.7B,Likelihood,sci_gen,1.0,52,0.12291554599246907
main2a,SmolLM2-1.7B,Likelihood,squad,1.0,43,0.0839160839160839
main2a,SmolLM2-1.7B,Likelihood,wp,1.0,47,0.10519267966076476
main2a,SmolLM2-1.7B,Likelihood,xsum,1.0,45,0.007355242566510167
main2a,SmolLM2-1.7B,Likelihood,yelp,1.0,36,0.10819735819735819
main2a,SmolLM2-1.7B,Likelihood,cmv,1.04,36,0.010683760683760682
main2a,SmolLM2-1.7B,Likelihood,eli5,1.04,41,0.06413099096025925
main2a,SmolLM2-1.7B,Likelihood,sci_gen,1.04,52,0.03442711135018827
main2a,SmolLM2-1.7B,Likelihood,squad,1.04,43,0.033989266547406076
main2a,SmolLM2-1.7B,Likelihood,wp,1.04,47,0.026930516292218418
main2a,SmolLM2-1.7B,Likelihood,xsum,1.04,45,0.004851330203442878
main2a,SmolLM2-1.7B,Likelihood,yelp,1.04,36,0.013791763791763787
main2a,SmolLM2-1.7B,Likelihood,cmv,1.1,36,0.005633255633255633
main2a,SmolLM2-1.7B,Likelihood,eli5,1.1,41,0.03547671840354768
main2a,SmolLM2-1.7B,Likelihood,sci_gen,1.1,52,0.00766541151156536
main2a,SmolLM2-1.7B,Likelihood,squad,1.1,43,0.03268824199056757
main2a,SmolLM2-1.7B,Likelihood,wp,1.1,47,0.0001487873828299357
main2a,SmolLM2-1.7B,Likelihood,xsum,1.1,45,0.0
main2a,SmolLM2-1.7B,Likelihood,yelp,1.1,36,0.0005827505827505814
main2a,SmolLM2-1.7B,LogRank,cmv,0.8,36,0.8445998445998446
main2a,SmolLM2-1.7B,LogRank,eli5,0.8,41,0.9058502473136618
main2a,SmolLM2-1.7B,LogRank,sci_gen,0.8,52,0.8652501344809037
main2a,SmolLM2-1.7B,LogRank,squad,0.8,43,0.8238738006179865
main2a,SmolLM2-1.7B,LogRank,wp,0.8,47,0.8915339979169766
main2a,SmolLM2-1.7B,LogRank,xsum,0.8,45,0.5348982785602503
main2a,SmolLM2-1.7B,LogRank,yelp,0.8,36,0.7377622377622377
main2a,SmolLM2-1.7B,LogRank,cmv,0.9,36,0.47513597513597516
main2a,SmolLM2-1.7B,LogRank,eli5,0.9,41,0.615896298823128
main2a,SmolLM2-1.7B,LogRank,sci_gen,0.9,52,0.5164066702528242
main2a,SmolLM2-1.7B,LogRank,squad,0.9,43,0.45861115628557486
main2a,SmolLM2-1.7B,LogRank,wp,0.9,47,0.5055795268561226
main2a,SmolLM2-1.7B,LogRank,xsum,0.9,45,0.14992175273865416
main2a,SmolLM2-1.7B,LogRank,yelp,0.9,36,0.33760683760683763
main2a,SmolLM2-1.7B,LogRank,cmv,0.94,36,0.29856254856254855
main2a,SmolLM2-1.7B,LogRank,eli5,0.94,41,0.37796349991471945
main2a,SmolLM2-1.7B,LogRank,sci_gen,0.94,52,0.39389456697149006
main2a,SmolLM2-1.7B,LogRank,squad,0.94,43,0.2681736867783379
main2a,SmolLM2-1.7B,LogRank,wp,0.94,47,0.3182562118732331
main2a,SmolLM2-1.7B,LogRank,xsum,0.94,45,0.03849765258215962
main2a,SmolLM2-1.7B,LogRank,yelp,0.94,36,0.18356643356643357
main2a,SmolLM2-1.7B,LogRank,cmv,0.98,36,0.08721833721833722
main2a,SmolLM2-1.7B,LogRank,eli5,0.98,41,0.20876684291318437
main2a,SmolLM2-1.7B,LogRank,sci_gen,0.98,52,0.19755244755244758
main2a,SmolLM2-1.7B,LogRank,squad,0.98,43,0.10961131891364449
main2a,SmolLM2-1.7B,LogRank,wp,0.98,47,0.16113673560482072
main2a,SmolLM2-1.7B,LogRank,xsum,0.98,45,0.023161189358372452
main2a,SmolLM2-1.7B,LogRank,yelp,0.98,36,0.11538461538461539
main2a,SmolLM2-1.7B,LogRank,cmv,1.0,36,0.03962703962703962
main2a,SmolLM2-1.7B,LogRank,eli5,1.0,41,0.10506566604127579
main2a,SmolLM2-1.7B,LogRank,sci_gen,1.0,52,0.12345346960731578
main2a,SmolLM2-1.7B,LogRank,squad,1.0,43,0.08196454708082615
main2a,SmolLM2-1.7B,LogRank,wp,1.0,47,0.10668055348906412
main2a,SmolLM2-1.7B,LogRank,xsum,1.0,45,0.00657276995305164
main2a,SmolLM2-1.7B,LogRank,yelp,1.0,36,0.10003885003885003
main2a,SmolLM2-1.7B,LogRank,cmv,1.04,36,0.007575757575757574
main2a,SmolLM2-1.7B,LogRank,eli5,1.04,41,0.04809824322019443
main2a,SmolLM2-1.7B,LogRank,sci_gen,1.04,52,0.03362022592791824
main2a,SmolLM2-1.7B,LogRank,squad,1.04,43,0.029110424459261663
main2a,SmolLM2-1.7B,LogRank,wp,1.04,47,0.026484154143728605
main2a,SmolLM2-1.7B,LogRank,xsum,1.04,45,0.005790297339593114
main2a,SmolLM2-1.7B,LogRank,yelp,1.04,36,0.01573426573426573
main2a,SmolLM2-1.7B,LogRank,cmv,1.1,36,0.006993006993006993
main2a,SmolLM2-1.7B,LogRank,eli5,1.1,41,0.03479447381886405
main2a,SmolLM2-1.7B,LogRank,sci_gen,1.1,52,0.006993006993006994
main2a,SmolLM2-1.7B,LogRank,squad,1.1,43,0.027158887624003907
main2a,SmolLM2-1.7B,LogRank,wp,1.1,47,0.0001487873828299357
main2a,SmolLM2-1.7B,LogRank,xsum,1.1,45,0.0
main2a,SmolLM2-1.7B,LogRank,yelp,1.1,36,0.0005827505827505814
main2a,SmolLM2-1.7B,Entropy,cmv,0.8,36,0.5376845376845376
main2a,SmolLM2-1.7B,Entropy,eli5,0.8,41,0.33788163056455744
main2a,SmolLM2-1.7B,Entropy,sci_gen,0.8,52,0.41756320602474445
main2a,SmolLM2-1.7B,Entropy,squad,0.8,43,0.47032037729712145
main2a,SmolLM2-1.7B,Entropy,wp,0.8,47,0.3713733075435203
main2a,SmolLM2-1.7B,Entropy,xsum,0.8,45,0.7710485133020343
main2a,SmolLM2-1.7B,Entropy,yelp,0.8,36,0.5244755244755245
main2a,SmolLM2-1.7B,Entropy,cmv,0.9,36,0.7459207459207459
main2a,SmolLM2-1.7B,Entropy,eli5,0.9,41,0.5717209619648644
main2a,SmolLM2-1.7B,Entropy,sci_gen,0.9,52,0.6715976331360947
main2a,SmolLM2-1.7B,Entropy,squad,0.9,43,0.6389656854773134
main2a,SmolLM2-1.7B,Entropy,wp,0.9,47,0.6441005802707931
main2a,SmolLM2-1.7B,Entropy,xsum,0.9,45,0.8571205007824726
main2a,SmolLM2-1.7B,Entropy,yelp,0.9,36,0.7678710178710179
main2a,SmolLM2-1.7B,Entropy,cmv,0.94,36,0.7962315462315462
main2a,SmolLM2-1.7B,Entropy,eli5,0.94,41,0.698106771277503
main2a,SmolLM2-1.7B,Entropy,sci_gen,0.94,52,0.6710597095212479
main2a,SmolLM2-1.7B,Entropy,squad,0.94,43,0.7131240852171085
main2a,SmolLM2-1.7B,Entropy,wp,0.94,47,0.7336705847344145
main2a,SmolLM2-1.7B,Entropy,xsum,0.94,45,0.9245696400625978
main2a,SmolLM2-1.7B,Entropy,yelp,0.94,36,0.8129370629370629
main2a,SmolLM2-1.7B,Entropy,cmv,0.98,36,0.9184149184149184
main2a,SmolLM2-1.7B,Entropy,eli5,0.98,41,0.7745181647620673
main2a,SmolLM2-1.7B,Entropy,sci_gen,0.98,52,0.7833512641204948
main2a,SmolLM2-1.7B,Entropy,squad,0.98,43,0.8352577654903236
main2a,SmolLM2-1.7B,Entropy,wp,0.98,47,0.823389376580866
main2a,SmolLM2-1.7B,Entropy,xsum,0.98,45,0.9528951486697966
main2a,SmolLM2-1.7B,Entropy,yelp,0.98,36,0.8368298368298368
main2a,SmolLM2-1.7B,Entropy,cmv,1.0,36,0.9322066822066822
main2a,SmolLM2-1.7B,Entropy,eli5,1.0,41,0.8644038887941328
main2a,SmolLM2-1.7B,Entropy,sci_gen,1.0,52,0.8184507799892414
main2a,SmolLM2-1.7B,Entropy,squad,1.0,43,0.8437144251097739
main2a,SmolLM2-1.7B,Entropy,wp,1.0,47,0.8776967713137926
main2a,SmolLM2-1.7B,Entropy,xsum,1.0,45,0.9629107981220658
main2a,SmolLM2-1.7B,Entropy,yelp,1.0,36,0.8273115773115773
main2a,SmolLM2-1.7B,Entropy,cmv,1.04,36,0.9570707070707071
main2a,SmolLM2-1.7B,Entropy,eli5,1.04,41,0.8734436295411906
main2a,SmolLM2-1.7B,Entropy,sci_gen,1.04,52,0.9146046261430877
main2a,SmolLM2-1.7B,Entropy,squad,1.04,43,0.8988453407058058
main2a,SmolLM2-1.7B,Entropy,wp,1.04,47,0.9296235679214404
main2a,SmolLM2-1.7B,Entropy,xsum,1.04,45,0.9865414710485133
main2a,SmolLM2-1.7B,Entropy,yelp,1.04,36,0.9599844599844599
main2a,SmolLM2-1.7B,Entropy,cmv,1.1,36,0.9714452214452215
main2a,SmolLM2-1.7B,Entropy,eli5,1.1,41,0.9263175848541702
main2a,SmolLM2-1.7B,Entropy,sci_gen,1.1,52,0.9704142011834319
main2a,SmolLM2-1.7B,Entropy,squad,1.1,43,0.9445438282647585
main2a,SmolLM2-1.7B,Entropy,wp,1.1,47,0.9860139860139859
main2a,SmolLM2-1.7B,Entropy,xsum,1.1,45,0.9987480438184664
main2a,SmolLM2-1.7B,Entropy,yelp,1.1,36,0.9782439782439782
main2a,SmolLM2-1.7B,LRR,cmv,0.8,36,0.797008547008547
main2a,SmolLM2-1.7B,LRR,eli5,0.8,41,0.8563875149241004
main2a,SmolLM2-1.7B,LRR,sci_gen,0.8,52,0.8598708983324367
main2a,SmolLM2-1.7B,LRR,squad,0.8,43,0.8277768742885021
main2a,SmolLM2-1.7B,LRR,wp,0.8,47,0.9312602291325696
main2a,SmolLM2-1.7B,LRR,xsum,0.8,45,0.5863849765258216
main2a,SmolLM2-1.7B,LRR,yelp,0.8,36,0.7130924630924631
main2a,SmolLM2-1.7B,LRR,cmv,0.9,36,0.48445998445998456
main2a,SmolLM2-1.7B,LRR,eli5,0.9,41,0.5625106600716357
main2a,SmolLM2-1.7B,LRR,sci_gen,0.9,52,0.5384615384615384
main2a,SmolLM2-1.7B,LRR,squad,0.9,43,0.4727597983411937
main2a,SmolLM2-1.7B,LRR,wp,0.9,47,0.5289391459604226
main2a,SmolLM2-1.7B,LRR,xsum,0.9,45,0.17949921752738654
main2a,SmolLM2-1.7B,LRR,yelp,0.9,36,0.37801087801087807
main2a,SmolLM2-1.7B,LRR,cmv,0.94,36,0.32847707847707847
main2a,SmolLM2-1.7B,LRR,eli5,0.94,41,0.33754050827221554
main2a,SmolLM2-1.7B,LRR,sci_gen,0.94,52,0.4264389456697149
main2a,SmolLM2-1.7B,LRR,squad,0.94,43,0.27223938851845825
main2a,SmolLM2-1.7B,LRR,wp,0.94,47,0.3523285225412885
main2a,SmolLM2-1.7B,LRR,xsum,0.94,45,0.08215962441314553
main2a,SmolLM2-1.7B,LRR,yelp,0.94,36,0.17637917637917638
main2a,SmolLM2-1.7B,LRR,cmv,0.98,36,0.11713286713286714
main2a,SmolLM2-1.7B,LRR,eli5,0.98,41,0.19034623912672693
main2a,SmolLM2-1.7B,LRR,sci_gen,0.98,52,0.21893491124260353
main2a,SmolLM2-1.7B,LRR,squad,0.98,43,0.1322166205887136
main2a,SmolLM2-1.7B,LRR,wp,0.98,47,0.181371819669692
main2a,SmolLM2-1.7B,LRR,xsum,0.98,45,0.05367762128325508
main2a,SmolLM2-1.7B,LRR,yelp,0.98,36,0.0878010878010878
main2a,SmolLM2-1.7B,LRR,cmv,1.0,36,0.05905205905205905
main2a,SmolLM2-1.7B,LRR,eli5,1.0,41,0.08459832850076751
main2a,SmolLM2-1.7B,LRR,sci_gen,1.0,52,0.15532544378698224
main2a,SmolLM2-1.7B,LRR,squad,1.0,43,0.09822735404130753
main2a,SmolLM2-1.7B,LRR,wp,1.0,47,0.13316470763279276
main2a,SmolLM2-1.7B,LRR,xsum,1.0,45,0.018466353677621276
main2a,SmolLM2-1.7B,LRR,yelp,1.0,36,0.07847707847707847
main2a,SmolLM2-1.7B,LRR,cmv,1.04,36,0.01146076146076146
main2a,SmolLM2-1.7B,LRR,eli5,1.04,41,0.03155381204161692
main2a,SmolLM2-1.7B,LRR,sci_gen,1.04,52,0.052582033351264115
main2a,SmolLM2-1.7B,LRR,squad,1.04,43,0.02976093673768092
main2a,SmolLM2-1.7B,LRR,wp,1.04,47,0.03972623121559292
main2a,SmolLM2-1.7B,LRR,xsum,1.04,45,0.011893583724569634
main2a,SmolLM2-1.7B,LRR,yelp,1.04,36,0.028554778554778552
main2a,SmolLM2-1.7B,LRR,cmv,1.1,36,0.01437451437451437
main2a,SmolLM2-1.7B,LRR,eli5,1.1,41,0.04332253112740918
main2a,SmolLM2-1.7B,LRR,sci_gen,1.1,52,0.009010220548682085
main2a,SmolLM2-1.7B,LRR,squad,1.1,43,0.0130102455683851
main2a,SmolLM2-1.7B,LRR,wp,1.1,47,0.0016366612111292974
main2a,SmolLM2-1.7B,LRR,xsum,1.1,45,0.0009389671361502335
main2a,SmolLM2-1.7B,LRR,yelp,1.1,36,0.00038850038850038763
main2a,SmolLM2-1.7B,FastDetectGPT,cmv,0.8,36,0.9982517482517482
main2a,SmolLM2-1.7B,FastDetectGPT,eli5,0.8,41,0.994542043322531
main2a,SmolLM2-1.7B,FastDetectGPT,sci_gen,0.8,52,0.9928725121032813
main2a,SmolLM2-1.7B,FastDetectGPT,squad,0.8,43,0.98243616848268
main2a,SmolLM2-1.7B,FastDetectGPT,wp,0.8,47,0.992858205624163
main2a,SmolLM2-1.7B,FastDetectGPT,xsum,0.8,45,0.9805946791862284
main2a,SmolLM2-1.7B,FastDetectGPT,yelp,0.8,36,0.9572649572649572
main2a,SmolLM2-1.7B,FastDetectGPT,cmv,0.9,36,0.9329836829836828
main2a,SmolLM2-1.7B,FastDetectGPT,eli5,0.9,41,0.9293876854852464
main2a,SmolLM2-1.7B,FastDetectGPT,sci_gen,0.9,52,0.8898601398601398
main2a,SmolLM2-1.7B,FastDetectGPT,squad,0.9,43,0.8424134005529355
main2a,SmolLM2-1.7B,FastDetectGPT,wp,0.9,47,0.8717452760005953
main2a,SmolLM2-1.7B,FastDetectGPT,xsum,0.9,45,0.7222222222222222
main2a,SmolLM2-1.7B,FastDetectGPT,yelp,0.9,36,0.8333333333333334
main2a,SmolLM2-1.7B,FastDetectGPT,cmv,0.94,36,0.8255633255633256
main2a,SmolLM2-1.7B,FastDetectGPT,eli5,0.94,41,0.8430837455227699
main2a,SmolLM2-1.7B,FastDetectGPT,sci_gen,0.94,52,0.7144970414201184
main2a,SmolLM2-1.7B,FastDetectGPT,squad,0.94,43,0.5893641242478452
main2a,SmolLM2-1.7B,FastDetectGPT,wp,0.94,47,0.6531766106234193
main2a,SmolLM2-1.7B,FastDetectGPT,xsum,0.94,45,0.5660406885758997
main2a,SmolLM2-1.7B,FastDetectGPT,yelp,0.94,36,0.6674436674436675
main2a,SmolLM2-1.7B,FastDetectGPT,cmv,0.98,36,0.559052059052059
main2a,SmolLM2-1.7B,FastDetectGPT,eli5,0.98,41,0.509466143612485
main2a,SmolLM2-1.7B,FastDetectGPT,sci_gen,0.98,52,0.506993006993007
main2a,SmolLM2-1.7B,FastDetectGPT,squad,0.98,43,0.3428199707269475
main2a,SmolLM2-1.7B,FastDetectGPT,wp,0.98,47,0.42032435649456923
main2a,SmolLM2-1.7B,FastDetectGPT,xsum,0.98,45,0.26369327073552423
main2a,SmolLM2-1.7B,FastDetectGPT,yelp,0.98,36,0.4764957264957265
main2a,SmolLM2-1.7B,FastDetectGPT,cmv,1.0,36,0.29564879564879565
main2a,SmolLM2-1.7B,FastDetectGPT,eli5,1.0,41,0.39501961453180967
main2a,SmolLM2-1.7B,FastDetectGPT,sci_gen,1.0,52,0.3336471221086606
main2a,SmolLM2-1.7B,FastDetectGPT,squad,1.0,43,0.20377297121483168
main2a,SmolLM2-1.7B,FastDetectGPT,wp,1.0,47,0.30873381937211725
main2a,SmolLM2-1.7B,FastDetectGPT,xsum,1.0,45,0.17339593114241
main2a,SmolLM2-1.7B,FastDetectGPT,yelp,1.0,36,0.2632090132090132
main2a,SmolLM2-1.7B,FastDetectGPT,cmv,1.04,36,0.11072261072261072
main2a,SmolLM2-1.7B,FastDetectGPT,eli5,1.04,41,0.07521746546136791
main2a,SmolLM2-1.7B,FastDetectGPT,sci_gen,1.04,52,0.06186121570736956
main2a,SmolLM2-1.7B,FastDetectGPT,squad,1.04,43,0.08082615059359245
main2a,SmolLM2-1.7B,FastDetectGPT,wp,1.04,47,0.027972027972027972
main2a,SmolLM2-1.7B,FastDetectGPT,xsum,1.04,45,0.033333333333333326
main2a,SmolLM2-1.7B,FastDetectGPT,yelp,1.04,36,0.0804195804195804
main2a,SmolLM2-1.7B,FastDetectGPT,cmv,1.1,36,0.001165501165501163
main2a,SmolLM2-1.7B,FastDetectGPT,eli5,1.1,41,0.01586218659389391
main2a,SmolLM2-1.7B,FastDetectGPT,sci_gen,1.1,52,0.019768692845615922
main2a,SmolLM2-1.7B,FastDetectGPT,squad,1.1,43,0.0006505122784192538
main2a,SmolLM2-1.7B,FastDetectGPT,wp,1.1,47,0.0001487873828299357
main2a,SmolLM2-1.7B,FastDetectGPT,xsum,1.1,45,0.0001564945226917056
main2a,SmolLM2-1.7B,FastDetectGPT,yelp,1.1,36,0.003885003885003886
main2a,SmolLM2-1.7B,Binoculars,cmv,0.8,36,0.9986402486402486
main2a,SmolLM2-1.7B,Binoculars,eli5,0.8,41,0.994712604468702
main2a,SmolLM2-1.7B,Binoculars,sci_gen,0.8,52,0.9912587412587412
main2a,SmolLM2-1.7B,Binoculars,squad,0.8,43,0.9798341193690031
main2a,SmolLM2-1.7B,Binoculars,wp,0.8,47,0.990923969647374
main2a,SmolLM2-1.7B,Binoculars,xsum,0.8,45,0.9807511737089202
main2a,SmolLM2-1.7B,Binoculars,yelp,0.8,36,0.9564879564879565
main2a,SmolLM2-1.7B,Binoculars,cmv,0.9,36,0.9234654234654234
main2a,SmolLM2-1.7B,Binoculars,eli5,0.9,41,0.9186423332764797
main2a,SmolLM2-1.7B,Binoculars,sci_gen,0.9,52,0.8753362022592792
main2a,SmolLM2-1.7B,Binoculars,squad,0.9,43,0.8268011058708733
main2a,SmolLM2-1.7B,Binoculars,wp,0.9,47,0.848683231661955
main2a,SmolLM2-1.7B,Binoculars,xsum,0.9,45,0.7103286384976526
main2a,SmolLM2-1.7B,Binoculars,yelp,0.9,36,0.8224553224553225
main2a,SmolLM2-1.7B,Binoculars,cmv,0.94,36,0.8135198135198135
main2a,SmolLM2-1.7B,Binoculars,eli5,0.94,41,0.8338734436295412
main2a,SmolLM2-1.7B,Binoculars,sci_gen,0.94,52,0.7061592253899946
main2a,SmolLM2-1.7B,Binoculars,squad,0.94,43,0.5875752154821922
main2a,SmolLM2-1.7B,Binoculars,wp,0.94,47,0.6253533700342211
main2a,SmolLM2-1.7B,Binoculars,xsum,0.94,45,0.5497652582159624
main2a,SmolLM2-1.7B,Binoculars,yelp,0.94,36,0.6522921522921523
main2a,SmolLM2-1.7B,Binoculars,cmv,0.98,36,0.5485625485625485
main2a,SmolLM2-1.7B,Binoculars,eli5,0.98,41,0.5110011939280231
main2a,SmolLM2-1.7B,Binoculars,sci_gen,0.98,52,0.4974448628294782
main2a,SmolLM2-1.7B,Binoculars,squad,0.98,43,0.34769881281509185
main2a,SmolLM2-1.7B,Binoculars,wp,0.98,47,0.4060407677428954
main2a,SmolLM2-1.7B,Binoculars,xsum,0.98,45,0.2757433489827856
main2a,SmolLM2-1.7B,Binoculars,yelp,0.98,36,0.47183372183372185
main2a,SmolLM2-1.7B,Binoculars,cmv,1.0,36,0.29467754467754464
main2a,SmolLM2-1.7B,Binoculars,eli5,1.0,41,0.39826027630905675
main2a,SmolLM2-1.7B,Binoculars,sci_gen,1.0,52,0.33109198493813874
main2a,SmolLM2-1.7B,Binoculars,squad,1.0,43,0.20621239225890386
main2a,SmolLM2-1.7B,Binoculars,wp,1.0,47,0.304716560035709
main2a,SmolLM2-1.7B,Binoculars,xsum,1.0,45,0.18153364632237873
main2a,SmolLM2-1.7B,Binoculars,yelp,1.0,36,0.28923853923853915
main2a,SmolLM2-1.7B,Binoculars,cmv,1.04,36,0.10819735819735818
main2a,SmolLM2-1.7B,Binoculars,eli5,1.04,41,0.09619648644038888
main2a,SmolLM2-1.7B,Binoculars,sci_gen,1.04,52,0.07140935987089833
main2a,SmolLM2-1.7B,Binoculars,squad,1.04,43,0.08700601723857537
main2a,SmolLM2-1.7B,Binoculars,wp,1.04,47,0.035262609730694824
main2a,SmolLM2-1.7B,Binoculars,xsum,1.04,45,0.046009389671361506
main2a,SmolLM2-1.7B,Binoculars,yelp,1.04,36,0.09926184926184925
main2a,SmolLM2-1.7B,Binoculars,cmv,1.1,36,0.0023310023310023262
main2a,SmolLM2-1.7B,Binoculars,eli5,1.1,41,0.01842060378645744
main2a,SmolLM2-1.7B,Binoculars,sci_gen,1.1,52,0.023265196342119415
main2a,SmolLM2-1.7B,Binoculars,squad,1.1,43,0.0026020491136770152
main2a,SmolLM2-1.7B,Binoculars,wp,1.1,47,0.0008927242969796142
main2a,SmolLM2-1.7B,Binoculars,xsum,1.1,45,0.0
main2a,SmolLM2-1.7B,Binoculars,yelp,1.1,36,0.006604506604506603
main2a,SmolLM2-1.7B,DMAP_position,cmv,0.8,36,0.9605672105672105
main2a,SmolLM2-1.7B,DMAP_position,eli5,0.8,41,0.9247825345386321
main2a,SmolLM2-1.7B,DMAP_position,sci_gen,0.8,52,0.9487627756858525
main2a,SmolLM2-1.7B,DMAP_position,squad,0.8,43,0.889900796877541
main2a,SmolLM2-1.7B,DMAP_position,wp,0.8,47,0.9715816098794823
main2a,SmolLM2-1.7B,DMAP_position,xsum,0.8,45,0.9112676056338028
main2a,SmolLM2-1.7B,DMAP_position,yelp,0.8,36,0.9300699300699301
main2a,SmolLM2-1.7B,DMAP_position,cmv,0.9,36,0.8111888111888111
main2a,SmolLM2-1.7B,DMAP_position,eli5,0.9,41,0.8200579907896981
main2a,SmolLM2-1.7B,DMAP_position,sci_gen,0.9,52,0.7661377084454007
main2a,SmolLM2-1.7B,DMAP_position,squad,0.9,43,0.7365425272402016
main2a,SmolLM2-1.7B,DMAP_position,wp,0.9,47,0.7632792739175717
main2a,SmolLM2-1.7B,DMAP_position,xsum,0.9,45,0.4682316118935837
main2a,SmolLM2-1.7B,DMAP_position,yelp,0.9,36,0.7268842268842268
main2a,SmolLM2-1.7B,DMAP_position,cmv,0.94,36,0.7000777000777001
main2a,SmolLM2-1.7B,DMAP_position,eli5,0.94,41,0.7110694183864916
main2a,SmolLM2-1.7B,DMAP_position,sci_gen,0.94,52,0.6304464766003228
main2a,SmolLM2-1.7B,DMAP_position,squad,0.94,43,0.5330948121645795
main2a,SmolLM2-1.7B,DMAP_position,wp,0.94,47,0.5575063234637703
main2a,SmolLM2-1.7B,DMAP_position,xsum,0.94,45,0.2865414710485133
main2a,SmolLM2-1.7B,DMAP_position,yelp,0.94,36,0.5211732711732712
main2a,SmolLM2-1.7B,DMAP_position,cmv,0.98,36,0.4735819735819735
main2a,SmolLM2-1.7B,DMAP_position,eli5,0.98,41,0.4436295411905168
main2a,SmolLM2-1.7B,DMAP_position,sci_gen,0.98,52,0.4767348036578806
main2a,SmolLM2-1.7B,DMAP_position,squad,0.98,43,0.3382663847780127
main2a,SmolLM2-1.7B,DMAP_position,wp,0.98,47,0.34965034965034963
main2a,SmolLM2-1.7B,DMAP_position,xsum,0.98,45,0.1165884194053208
main2a,SmolLM2-1.7B,DMAP_position,yelp,0.98,36,0.32828282828282823
main2a,SmolLM2-1.7B,DMAP_position,cmv,1.0,36,0.3411033411033411
main2a,SmolLM2-1.7B,DMAP_position,eli5,1.0,41,0.376940133037694
main2a,SmolLM2-1.7B,DMAP_position,sci_gen,1.0,52,0.3094405594405595
main2a,SmolLM2-1.7B,DMAP_position,squad,1.0,43,0.2634574727597983
main2a,SmolLM2-1.7B,DMAP_position,wp,1.0,47,0.28820116054158607
main2a,SmolLM2-1.7B,DMAP_position,xsum,1.0,45,0.07699530516431924
main2a,SmolLM2-1.7B,DMAP_position,yelp,1.0,36,0.1581196581196581
main2a,SmolLM2-1.7B,DMAP_position,cmv,1.04,36,0.10178710178710179
main2a,SmolLM2-1.7B,DMAP_position,eli5,1.04,41,0.0989254647791233
main2a,SmolLM2-1.7B,DMAP_position,sci_gen,1.04,52,0.0984400215169446
main2a,SmolLM2-1.7B,DMAP_position,squad,1.04,43,0.1520572450805009
main2a,SmolLM2-1.7B,DMAP_position,wp,1.04,47,0.04002380598125279
main2a,SmolLM2-1.7B,DMAP_position,xsum,1.04,45,0.010798122065727691
main2a,SmolLM2-1.7B,DMAP_position,yelp,1.04,36,0.06351981351981352
main2a,SmolLM2-1.7B,DMAP_position,cmv,1.1,36,0.008352758352758357
main2a,SmolLM2-1.7B,DMAP_position,eli5,1.1,41,0.02473136619478082
main2a,SmolLM2-1.7B,DMAP_position,sci_gen,1.1,52,0.029047875201721352
main2a,SmolLM2-1.7B,DMAP_position,squad,1.1,43,0.03122458936412425
main2a,SmolLM2-1.7B,DMAP_position,wp,1.1,47,0.0026781728909388474
main2a,SmolLM2-1.7B,DMAP_position,xsum,1.1,45,0.0012519561815336473
main2a,SmolLM2-1.7B,DMAP_position,yelp,1.1,36,0.003302253302253301
main2a,SmolLM2-1.7B,DMAP_chi2,cmv,0.8,36,0.7806915306915307
main2a,SmolLM2-1.7B,DMAP_chi2,eli5,0.8,41,0.65973051338905
main2a,SmolLM2-1.7B,DMAP_chi2,sci_gen,0.8,52,0.7037385691231846
main2a,SmolLM2-1.7B,DMAP_chi2,squad,0.8,43,0.6313221662058871
main2a,SmolLM2-1.7B,DMAP_chi2,wp,0.8,47,0.7382829936021426
main2a,SmolLM2-1.7B,DMAP_chi2,xsum,0.8,45,0.7267605633802816
main2a,SmolLM2-1.7B,DMAP_chi2,yelp,0.8,36,0.6905594405594406
main2a,SmolLM2-1.7B,DMAP_chi2,cmv,0.9,36,0.6249028749028749
main2a,SmolLM2-1.7B,DMAP_chi2,eli5,0.9,41,0.6112911478765137
main2a,SmolLM2-1.7B,DMAP_chi2,sci_gen,0.9,52,0.5545992469069392
main2a,SmolLM2-1.7B,DMAP_chi2,squad,0.9,43,0.503008619287689
main2a,SmolLM2-1.7B,DMAP_chi2,wp,0.9,47,0.5567623865496205
main2a,SmolLM2-1.7B,DMAP_chi2,xsum,0.9,45,0.45352112676056333
main2a,SmolLM2-1.7B,DMAP_chi2,yelp,0.9,36,0.4893162393162393
main2a,SmolLM2-1.7B,DMAP_chi2,cmv,0.94,36,0.6190753690753691
main2a,SmolLM2-1.7B,DMAP_chi2,eli5,0.94,41,0.5524475524475524
main2a,SmolLM2-1.7B,DMAP_chi2,sci_gen,0.94,52,0.5394029047875202
main2a,SmolLM2-1.7B,DMAP_chi2,squad,0.94,43,0.4839811351439258
main2a,SmolLM2-1.7B,DMAP_chi2,wp,0.94,47,0.520755839904776
main2a,SmolLM2-1.7B,DMAP_chi2,xsum,0.94,45,0.4544600938967136
main2a,SmolLM2-1.7B,DMAP_chi2,yelp,0.94,36,0.49553224553224556
main2a,SmolLM2-1.7B,DMAP_chi2,cmv,0.98,36,0.614024864024864
main2a,SmolLM2-1.7B,DMAP_chi2,eli5,0.98,41,0.549718574108818
main2a,SmolLM2-1.7B,DMAP_chi2,sci_gen,0.98,52,0.45898332436793976
main2a,SmolLM2-1.7B,DMAP_chi2,squad,0.98,43,0.4973166368515205
main2a,SmolLM2-1.7B,DMAP_chi2,wp,0.98,47,0.46332391013242075
main2a,SmolLM2-1.7B,DMAP_chi2,xsum,0.98,45,0.5325508607198748
main2a,SmolLM2-1.7B,DMAP_chi2,yelp,0.98,36,0.5862470862470862
main2a,SmolLM2-1.7B,DMAP_chi2,cmv,1.0,36,0.5932400932400932
main2a,SmolLM2-1.7B,DMAP_chi2,eli5,1.0,41,0.5940644721132526
main2a,SmolLM2-1.7B,DMAP_chi2,sci_gen,1.0,52,0.548951048951049
main2a,SmolLM2-1.7B,DMAP_chi2,squad,1.0,43,0.5649699138071231
main2a,SmolLM2-1.7B,DMAP_chi2,wp,1.0,47,0.5450081833060556
main2a,SmolLM2-1.7B,DMAP_chi2,xsum,1.0,45,0.5320813771517996
main2a,SmolLM2-1.7B,DMAP_chi2,yelp,1.0,36,0.6138306138306138
main2a,SmolLM2-1.7B,DMAP_chi2,cmv,1.04,36,0.7317404817404817
main2a,SmolLM2-1.7B,DMAP_chi2,eli5,1.04,41,0.7282960941497527
main2a,SmolLM2-1.7B,DMAP_chi2,sci_gen,1.04,52,0.7210866057019903
main2a,SmolLM2-1.7B,DMAP_chi2,squad,1.04,43,0.6802732151569362
main2a,SmolLM2-1.7B,DMAP_chi2,wp,1.04,47,0.7841095075137628
main2a,SmolLM2-1.7B,DMAP_chi2,xsum,1.04,45,0.7358372456964007
main2a,SmolLM2-1.7B,DMAP_chi2,yelp,1.04,36,0.8166278166278166
main2a,SmolLM2-1.7B,DMAP_chi2,cmv,1.1,36,0.9256021756021756
main2a,SmolLM2-1.7B,DMAP_chi2,eli5,1.1,41,0.9060208084598328
main2a,SmolLM2-1.7B,DMAP_chi2,sci_gen,1.1,52,0.8899946207638515
main2a,SmolLM2-1.7B,DMAP_chi2,squad,1.1,43,0.8557489022605302
main2a,SmolLM2-1.7B,DMAP_chi2,wp,1.1,47,0.9776818925755095
main2a,SmolLM2-1.7B,DMAP_chi2,xsum,1.1,45,0.9715179968701095
main2a,SmolLM2-1.7B,DMAP_chi2,yelp,1.1,36,0.9753302253302254
main2a,phi-2,Likelihood,cmv,0.8,36,0.9607614607614607
main2a,phi-2,Likelihood,eli5,0.8,41,0.9416680880095514
main2a,phi-2,Likelihood,sci_gen,0.8,52,0.9306078536847767
main2a,phi-2,Likelihood,squad,0.8,43,0.8671328671328671
main2a,phi-2,Likelihood,wp,0.8,47,0.9504538015176314
main2a,phi-2,Likelihood,xsum,0.8,45,0.6920187793427229
main2a,phi-2,Likelihood,yelp,0.8,36,0.8465423465423466
main2a,phi-2,Likelihood,cmv,0.9,36,0.5848873348873349
main2a,phi-2,Likelihood,eli5,0.9,41,0.7243731877878219
main2a,phi-2,Likelihood,sci_gen,0.9,52,0.622108660570199
main2a,phi-2,Likelihood,squad,0.9,43,0.6236786469344608
main2a,phi-2,Likelihood,wp,0.9,47,0.7076327927391757
main2a,phi-2,Likelihood,xsum,0.9,45,0.34225352112676055
main2a,phi-2,Likelihood,yelp,0.9,36,0.5501165501165501
main2a,phi-2,Likelihood,cmv,0.94,36,0.38500388500388505
main2a,phi-2,Likelihood,eli5,0.94,41,0.6561487293194611
main2a,phi-2,Likelihood,sci_gen,0.94,52,0.4335664335664336
main2a,phi-2,Likelihood,squad,0.94,43,0.4919499105545617
main2a,phi-2,Likelihood,wp,0.94,47,0.6499032882011605
main2a,phi-2,Likelihood,xsum,0.94,45,0.13599374021909233
main2a,phi-2,Likelihood,yelp,0.94,36,0.3242035742035742
main2a,phi-2,Likelihood,cmv,0.98,36,0.20260295260295258
main2a,phi-2,Likelihood,eli5,0.98,41,0.4130990960259253
main2a,phi-2,Likelihood,sci_gen,0.98,52,0.25887573964497046
main2a,phi-2,Likelihood,squad,0.98,43,0.33468856724670676
main2a,phi-2,Likelihood,wp,0.98,47,0.3691414968010712
main2a,phi-2,Likelihood,xsum,0.98,45,0.08528951486697967
main2a,phi-2,Likelihood,yelp,0.98,36,0.20046620046620048
main2a,phi-2,Likelihood,cmv,1.0,36,0.1379176379176379
main2a,phi-2,Likelihood,eli5,1.0,41,0.25515947467166983
main2a,phi-2,Likelihood,sci_gen,1.0,52,0.15465303926842386
main2a,phi-2,Likelihood,squad,1.0,43,0.25841600260204917
main2a,phi-2,Likelihood,wp,1.0,47,0.32971284035113824
main2a,phi-2,Likelihood,xsum,1.0,45,0.06291079812206574
main2a,phi-2,Likelihood,yelp,1.0,36,0.09071484071484072
main2a,phi-2,Likelihood,cmv,1.04,36,0.08294483294483292
main2a,phi-2,Likelihood,eli5,1.04,41,0.17840695889476377
main2a,phi-2,Likelihood,sci_gen,1.04,52,0.08458848843464228
main2a,phi-2,Likelihood,squad,1.04,43,0.16913319238900634
main2a,phi-2,Likelihood,wp,1.04,47,0.20026781728909387
main2a,phi-2,Likelihood,xsum,1.04,45,0.0460093896713615
main2a,phi-2,Likelihood,yelp,1.04,36,0.07634032634032634
main2a,phi-2,Likelihood,cmv,1.1,36,0.004662004662004661
main2a,phi-2,Likelihood,eli5,1.1,41,0.05628517823639775
main2a,phi-2,Likelihood,sci_gen,1.1,52,0.060650887573964495
main2a,phi-2,Likelihood,squad,1.1,43,0.070743210278094
main2a,phi-2,Likelihood,wp,1.1,47,0.07945246243118582
main2a,phi-2,Likelihood,xsum,1.1,45,0.01737089201877934
main2a,phi-2,Likelihood,yelp,1.1,36,0.031080031080031077
main2a,phi-2,LogRank,cmv,0.8,36,0.9650349650349651
main2a,phi-2,LogRank,eli5,0.8,41,0.9382568650861334
main2a,phi-2,LogRank,sci_gen,0.8,52,0.942442173211404
main2a,phi-2,LogRank,squad,0.8,43,0.8783542039355992
main2a,phi-2,LogRank,wp,0.8,47,0.9623567921440263
main2a,phi-2,LogRank,xsum,0.8,45,0.6918622848200313
main2a,phi-2,LogRank,yelp,0.8,36,0.8576146076146076
main2a,phi-2,LogRank,cmv,0.9,36,0.5975135975135974
main2a,phi-2,LogRank,eli5,0.9,41,0.7161862527716186
main2a,phi-2,LogRank,sci_gen,0.9,52,0.6190155997848306
main2a,phi-2,LogRank,squad,0.9,43,0.6240039030736706
main2a,phi-2,LogRank,wp,0.9,47,0.7159648861776523
main2a,phi-2,LogRank,xsum,0.9,45,0.3453834115805947
main2a,phi-2,LogRank,yelp,0.9,36,0.5435120435120434
main2a,phi-2,LogRank,cmv,0.94,36,0.37859362859362855
main2a,phi-2,LogRank,eli5,0.94,41,0.645573938256865
main2a,phi-2,LogRank,sci_gen,0.94,52,0.43410435718128026
main2a,phi-2,LogRank,squad,0.94,43,0.49406407545942427
main2a,phi-2,LogRank,wp,0.94,47,0.6545156970688886
main2a,phi-2,LogRank,xsum,0.94,45,0.13615023474178403
main2a,phi-2,LogRank,yelp,0.94,36,0.31779331779331776
main2a,phi-2,LogRank,cmv,0.98,36,0.19638694638694637
main2a,phi-2,LogRank,eli5,0.98,41,0.39689578713968954
main2a,phi-2,LogRank,sci_gen,0.98,52,0.2571274878967187
main2a,phi-2,LogRank,squad,0.98,43,0.3450967637014148
main2a,phi-2,LogRank,wp,0.98,47,0.36720726082428207
main2a,phi-2,LogRank,xsum,0.98,45,0.0812206572769953
main2a,phi-2,LogRank,yelp,0.98,36,0.20512820512820512
main2a,phi-2,LogRank,cmv,1.0,36,0.13850038850038848
main2a,phi-2,LogRank,eli5,1.0,41,0.2602763090567969
main2a,phi-2,LogRank,sci_gen,1.0,52,0.15088757396449706
main2a,phi-2,LogRank,squad,1.0,43,0.24751992193852657
main2a,phi-2,LogRank,wp,1.0,47,0.34250855527451274
main2a,phi-2,LogRank,xsum,1.0,45,0.05868544600938967
main2a,phi-2,LogRank,yelp,1.0,36,0.08896658896658896
main2a,phi-2,LogRank,cmv,1.04,36,0.07226107226107224
main2a,phi-2,LogRank,eli5,1.04,41,0.17601910284837113
main2a,phi-2,LogRank,sci_gen,1.04,52,0.08418504572350727
main2a,phi-2,LogRank,squad,1.04,43,0.1675069116929582
main2a,phi-2,LogRank,wp,1.04,47,0.20517780092248175
main2a,phi-2,LogRank,xsum,1.04,45,0.03990610328638498
main2a,phi-2,LogRank,yelp,1.04,36,0.07342657342657342
main2a,phi-2,LogRank,cmv,1.1,36,0.003885003885003886
main2a,phi-2,LogRank,eli5,1.1,41,0.056114617090226845
main2a,phi-2,LogRank,sci_gen,1.1,52,0.05755782678859602
main2a,phi-2,LogRank,squad,1.1,43,0.05431777524800781
main2a,phi-2,LogRank,wp,1.1,47,0.07692307692307693
main2a,phi-2,LogRank,xsum,1.1,45,0.01564945226917058
main2a,phi-2,LogRank,yelp,1.1,36,0.03185703185703185
main2a,phi-2,Entropy,cmv,0.8,36,0.39529914529914534
main2a,phi-2,Entropy,eli5,0.8,41,0.30683950196145315
main2a,phi-2,Entropy,sci_gen,0.8,52,0.30446476600322747
main2a,phi-2,Entropy,squad,0.8,43,0.3364774760123597
main2a,phi-2,Entropy,wp,0.8,47,0.22660318404999258
main2a,phi-2,Entropy,xsum,0.8,45,0.5618153364632238
main2a,phi-2,Entropy,yelp,0.8,36,0.43123543123543123
main2a,phi-2,Entropy,cmv,0.9,36,0.6757964257964257
main2a,phi-2,Entropy,eli5,0.9,41,0.5280573085451135
main2a,phi-2,Entropy,sci_gen,0.9,52,0.5363098440021516
main2a,phi-2,Entropy,squad,0.9,43,0.4517807773621727
main2a,phi-2,Entropy,wp,0.9,47,0.42984674899568515
main2a,phi-2,Entropy,xsum,0.9,45,0.6931142410015648
main2a,phi-2,Entropy,yelp,0.9,36,0.6495726495726496
main2a,phi-2,Entropy,cmv,0.94,36,0.7346542346542346
main2a,phi-2,Entropy,eli5,0.94,41,0.47143100801637394
main2a,phi-2,Entropy,sci_gen,0.94,52,0.6328671328671329
main2a,phi-2,Entropy,squad,0.94,43,0.5448040331761261
main2a,phi-2,Entropy,wp,0.94,47,0.4527600059514953
main2a,phi-2,Entropy,xsum,0.94,45,0.8461658841940533
main2a,phi-2,Entropy,yelp,0.94,36,0.7354312354312355
main2a,phi-2,Entropy,cmv,0.98,36,0.8245920745920747
main2a,phi-2,Entropy,eli5,0.98,41,0.6691113764284495
main2a,phi-2,Entropy,sci_gen,0.98,52,0.733996772458311
main2a,phi-2,Entropy,squad,0.98,43,0.6129451943405432
main2a,phi-2,Entropy,wp,0.98,47,0.6451420919506027
main2a,phi-2,Entropy,xsum,0.98,45,0.8805946791862285
main2a,phi-2,Entropy,yelp,0.98,36,0.784965034965035
main2a,phi-2,Entropy,cmv,1.0,36,0.8731546231546231
main2a,phi-2,Entropy,eli5,1.0,41,0.7651373017226676
main2a,phi-2,Entropy,sci_gen,1.0,52,0.800564819795589
main2a,phi-2,Entropy,squad,1.0,43,0.6815742397137746
main2a,phi-2,Entropy,wp,1.0,47,0.6832316619550661
main2a,phi-2,Entropy,xsum,1.0,45,0.8996870109546166
main2a,phi-2,Entropy,yelp,1.0,36,0.8886946386946386
main2a,phi-2,Entropy,cmv,1.04,36,0.8989898989898989
main2a,phi-2,Entropy,eli5,1.04,41,0.8296094149752687
main2a,phi-2,Entropy,sci_gen,1.04,52,0.8768154922001077
main2a,phi-2,Entropy,squad,1.04,43,0.771995446414051
main2a,phi-2,Entropy,wp,1.04,47,0.7701234935277489
main2a,phi-2,Entropy,xsum,1.04,45,0.9250391236306728
main2a,phi-2,Entropy,yelp,1.04,36,0.8904428904428904
main2a,phi-2,Entropy,cmv,1.1,36,0.979020979020979
main2a,phi-2,Entropy,eli5,1.1,41,0.9309227358007847
main2a,phi-2,Entropy,sci_gen,1.1,52,0.9068047337278107
main2a,phi-2,Entropy,squad,1.1,43,0.8781915758659944
main2a,phi-2,Entropy,wp,1.1,47,0.8760601101026632
main2a,phi-2,Entropy,xsum,1.1,45,0.9671361502347419
main2a,phi-2,Entropy,yelp,1.1,36,0.9345376845376845
main2a,phi-2,LRR,cmv,0.8,36,0.9562937062937064
main2a,phi-2,LRR,eli5,0.8,41,0.9148899880607199
main2a,phi-2,LRR,sci_gen,0.8,52,0.9388111888111887
main2a,phi-2,LRR,squad,0.8,43,0.8533094812164579
main2a,phi-2,LRR,wp,0.8,47,0.9724743341764618
main2a,phi-2,LRR,xsum,0.8,45,0.6496087636932707
main2a,phi-2,LRR,yelp,0.8,36,0.8624708624708625
main2a,phi-2,LRR,cmv,0.9,36,0.5697358197358198
main2a,phi-2,LRR,eli5,0.9,41,0.6769571891523111
main2a,phi-2,LRR,sci_gen,0.9,52,0.6028778913394298
main2a,phi-2,LRR,squad,0.9,43,0.58513579443812
main2a,phi-2,LRR,wp,0.9,47,0.7378366314536529
main2a,phi-2,LRR,xsum,0.9,45,0.3482003129890454
main2a,phi-2,LRR,yelp,0.9,36,0.5268065268065267
main2a,phi-2,LRR,cmv,0.94,36,0.3797591297591298
main2a,phi-2,LRR,eli5,0.94,41,0.61248507589971
main2a,phi-2,LRR,sci_gen,0.94,52,0.45763851533082306
main2a,phi-2,LRR,squad,0.94,43,0.48511953163115945
main2a,phi-2,LRR,wp,0.94,47,0.6701383722660318
main2a,phi-2,LRR,xsum,0.94,45,0.18341158059467919
main2a,phi-2,LRR,yelp,0.94,36,0.30924630924630925
main2a,phi-2,LRR,cmv,0.98,36,0.23057498057498055
main2a,phi-2,LRR,eli5,0.98,41,0.3609073852976292
main2a,phi-2,LRR,sci_gen,0.98,52,0.2594136632598171
main2a,phi-2,LRR,squad,0.98,43,0.34428362335339074
main2a,phi-2,LRR,wp,0.98,47,0.37062937062937057
main2a,phi-2,LRR,xsum,0.98,45,0.09389671361502346
main2a,phi-2,LRR,yelp,0.98,36,0.24417249417249418
main2a,phi-2,LRR,cmv,1.0,36,0.15015540015540016
main2a,phi-2,LRR,eli5,1.0,41,0.28261981920518503
main2a,phi-2,LRR,sci_gen,1.0,52,0.15976331360946747
main2a,phi-2,LRR,squad,1.0,43,0.23239551146527887
main2a,phi-2,LRR,wp,1.0,47,0.374349055200119
main2a,phi-2,LRR,xsum,1.0,45,0.05931142410015648
main2a,phi-2,LRR,yelp,1.0,36,0.10314685314685314
main2a,phi-2,LRR,cmv,1.04,36,0.060023310023310024
main2a,phi-2,LRR,eli5,1.04,41,0.17499573597134574
main2a,phi-2,LRR,sci_gen,1.04,52,0.10731576116191499
main2a,phi-2,LRR,squad,1.04,43,0.16604325906651488
main2a,phi-2,LRR,wp,1.04,47,0.23404255319148934
main2a,phi-2,LRR,xsum,1.04,45,0.03568075117370892
main2a,phi-2,LRR,yelp,1.04,36,0.04467754467754468
main2a,phi-2,LRR,cmv,1.1,36,0.006410256410256409
main2a,phi-2,LRR,eli5,1.1,41,0.0605492068906703
main2a,phi-2,LRR,sci_gen,1.1,52,0.04975793437331899
main2a,phi-2,LRR,squad,1.1,43,0.021954789396649858
main2a,phi-2,LRR,wp,1.1,47,0.07498884094628774
main2a,phi-2,LRR,xsum,1.1,45,0.011737089201877934
main2a,phi-2,LRR,yelp,1.1,36,0.03807303807303807
main2a,phi-2,FastDetectGPT,cmv,0.8,36,1.0
main2a,phi-2,FastDetectGPT,eli5,0.8,41,0.9998294388538291
main2a,phi-2,FastDetectGPT,sci_gen,0.8,52,0.9981172673480365
main2a,phi-2,FastDetectGPT,squad,0.8,43,0.9785330948121646
main2a,phi-2,FastDetectGPT,wp,0.8,47,0.9989584883201905
main2a,phi-2,FastDetectGPT,xsum,0.8,45,0.9420970266040688
main2a,phi-2,FastDetectGPT,yelp,0.8,36,0.9862082362082362
main2a,phi-2,FastDetectGPT,cmv,0.9,36,0.9891219891219892
main2a,phi-2,FastDetectGPT,eli5,0.9,41,0.9718574108818011
main2a,phi-2,FastDetectGPT,sci_gen,0.9,52,0.9101667563206025
main2a,phi-2,FastDetectGPT,squad,0.9,43,0.9094161652301187
main2a,phi-2,FastDetectGPT,wp,0.9,47,0.9174230025293855
main2a,phi-2,FastDetectGPT,xsum,0.9,45,0.815962441314554
main2a,phi-2,FastDetectGPT,yelp,0.9,36,0.9687257187257188
main2a,phi-2,FastDetectGPT,cmv,0.94,36,0.8832556332556333
main2a,phi-2,FastDetectGPT,eli5,0.94,41,0.8997100460515094
main2a,phi-2,FastDetectGPT,sci_gen,0.94,52,0.7740720817643894
main2a,phi-2,FastDetectGPT,squad,0.94,43,0.7435355342332087
main2a,phi-2,FastDetectGPT,wp,0.94,47,0.8787382829936021
main2a,phi-2,FastDetectGPT,xsum,0.94,45,0.6392801251956182
main2a,phi-2,FastDetectGPT,yelp,0.94,36,0.7993395493395493
main2a,phi-2,FastDetectGPT,cmv,0.98,36,0.6501554001554002
main2a,phi-2,FastDetectGPT,eli5,0.98,41,0.7502984820057992
main2a,phi-2,FastDetectGPT,sci_gen,0.98,52,0.5165411511565358
main2a,phi-2,FastDetectGPT,squad,0.98,43,0.4695072369490974
main2a,phi-2,FastDetectGPT,wp,0.98,47,0.6543669096860586
main2a,phi-2,FastDetectGPT,xsum,0.98,45,0.3748043818466353
main2a,phi-2,FastDetectGPT,yelp,0.98,36,0.5376845376845376
main2a,phi-2,FastDetectGPT,cmv,1.0,36,0.4704739704739705
main2a,phi-2,FastDetectGPT,eli5,1.0,41,0.4772300869861845
main2a,phi-2,FastDetectGPT,sci_gen,1.0,52,0.33095750403442714
main2a,phi-2,FastDetectGPT,squad,1.0,43,0.3946983249308831
main2a,phi-2,FastDetectGPT,wp,1.0,47,0.5098943609581906
main2a,phi-2,FastDetectGPT,xsum,1.0,45,0.2
main2a,phi-2,FastDetectGPT,yelp,1.0,36,0.3174048174048174
main2a,phi-2,FastDetectGPT,cmv,1.04,36,0.18065268065268064
main2a,phi-2,FastDetectGPT,eli5,1.04,41,0.2972880777758827
main2a,phi-2,FastDetectGPT,sci_gen,1.04,52,0.18370091447014528
main2a,phi-2,FastDetectGPT,squad,1.04,43,0.1992193852658969
main2a,phi-2,FastDetectGPT,wp,1.04,47,0.2701978872191638
main2a,phi-2,FastDetectGPT,xsum,1.04,45,0.06541471048513302
main2a,phi-2,FastDetectGPT,yelp,1.04,36,0.14393939393939392
main2a,phi-2,FastDetectGPT,cmv,1.1,36,0.022921522921522913
main2a,phi-2,FastDetectGPT,eli5,1.1,41,0.061231451475353915
main2a,phi-2,FastDetectGPT,sci_gen,1.1,52,0.06535771920387304
main2a,phi-2,FastDetectGPT,squad,1.1,43,0.053992519108798175
main2a,phi-2,FastDetectGPT,wp,1.1,47,0.10191935723850616
main2a,phi-2,FastDetectGPT,xsum,1.1,45,0.043035993740219096
main2a,phi-2,FastDetectGPT,yelp,1.1,36,0.04292929292929292
main2a,phi-2,Binoculars,cmv,0.8,36,1.0
main2a,phi-2,Binoculars,eli5,0.8,41,0.9988060719768037
main2a,phi-2,Binoculars,sci_gen,0.8,52,0.9982517482517482
main2a,phi-2,Binoculars,squad,0.8,43,0.9773946983249309
main2a,phi-2,Binoculars,wp,0.8,47,0.9994048504686803
main2a,phi-2,Binoculars,xsum,0.8,45,0.9469483568075118
main2a,phi-2,Binoculars,yelp,0.8,36,0.9848484848484849
main2a,phi-2,Binoculars,cmv,0.9,36,0.9854312354312355
main2a,phi-2,Binoculars,eli5,0.9,41,0.9641821593041106
main2a,phi-2,Binoculars,sci_gen,0.9,52,0.9010220548682087
main2a,phi-2,Binoculars,squad,0.9,43,0.9060009757684175
main2a,phi-2,Binoculars,wp,0.9,47,0.90671031096563
main2a,phi-2,Binoculars,xsum,0.9,45,0.8086071987480438
main2a,phi-2,Binoculars,yelp,0.9,36,0.9607614607614607
main2a,phi-2,Binoculars,cmv,0.94,36,0.8702408702408703
main2a,phi-2,Binoculars,eli5,0.94,41,0.8940815282278697
main2a,phi-2,Binoculars,sci_gen,0.94,52,0.7591447014523939
main2a,phi-2,Binoculars,squad,0.94,43,0.7381688079362498
main2a,phi-2,Binoculars,wp,0.94,47,0.8641571194762685
main2a,phi-2,Binoculars,xsum,0.94,45,0.6219092331768388
main2a,phi-2,Binoculars,yelp,0.94,36,0.793900543900544
main2a,phi-2,Binoculars,cmv,0.98,36,0.6476301476301475
main2a,phi-2,Binoculars,eli5,0.98,41,0.7439877195974757
main2a,phi-2,Binoculars,sci_gen,0.98,52,0.5127756858526088
main2a,phi-2,Binoculars,squad,0.98,43,0.466417303626606
main2a,phi-2,Binoculars,wp,0.98,47,0.6409760452313643
main2a,phi-2,Binoculars,xsum,0.98,45,0.38122065727699533
main2a,phi-2,Binoculars,yelp,0.98,36,0.5435120435120435
main2a,phi-2,Binoculars,cmv,1.0,36,0.47746697746697747
main2a,phi-2,Binoculars,eli5,1.0,41,0.4932628347262493
main2a,phi-2,Binoculars,sci_gen,1.0,52,0.3378160301237224
main2a,phi-2,Binoculars,squad,1.0,43,0.3958367214181167
main2a,phi-2,Binoculars,wp,1.0,47,0.5095967861925308
main2a,phi-2,Binoculars,xsum,1.0,45,0.21471048513302032
main2a,phi-2,Binoculars,yelp,1.0,36,0.3298368298368299
main2a,phi-2,Binoculars,cmv,1.04,36,0.18861693861693862
main2a,phi-2,Binoculars,eli5,1.04,41,0.3175848541702201
main2a,phi-2,Binoculars,sci_gen,1.04,52,0.18854222700376547
main2a,phi-2,Binoculars,squad,1.04,43,0.2062123922589039
main2a,phi-2,Binoculars,wp,1.04,47,0.2740663591727421
main2a,phi-2,Binoculars,xsum,1.04,45,0.07339593114241001
main2a,phi-2,Binoculars,yelp,1.04,36,0.15054390054390054
main2a,phi-2,Binoculars,cmv,1.1,36,0.017871017871017865
main2a,phi-2,Binoculars,eli5,1.1,41,0.06941838649155721
main2a,phi-2,Binoculars,sci_gen,1.1,52,0.06616460462614308
main2a,phi-2,Binoculars,squad,1.1,43,0.05919661733615221
main2a,phi-2,Binoculars,wp,1.1,47,0.10177056985567623
main2a,phi-2,Binoculars,xsum,1.1,45,0.04264475743348983
main2a,phi-2,Binoculars,yelp,1.1,36,0.04642579642579642
main2a,phi-2,DMAP_position,cmv,0.8,36,0.9747474747474748
main2a,phi-2,DMAP_position,eli5,0.8,41,0.9515606344874638
main2a,phi-2,DMAP_position,sci_gen,0.8,52,0.9647660032275417
main2a,phi-2,DMAP_position,squad,0.8,43,0.8710359408033826
main2a,phi-2,DMAP_position,wp,0.8,47,0.9369141496801071
main2a,phi-2,DMAP_position,xsum,0.8,45,0.8685446009389671
main2a,phi-2,DMAP_position,yelp,0.8,36,0.9362859362859363
main2a,phi-2,DMAP_position,cmv,0.9,36,0.8698523698523698
main2a,phi-2,DMAP_position,eli5,0.9,41,0.8809483199727102
main2a,phi-2,DMAP_position,sci_gen,0.9,52,0.8438676707907478
main2a,phi-2,DMAP_position,squad,0.9,43,0.7014148642055619
main2a,phi-2,DMAP_position,wp,0.9,47,0.8616277339681595
main2a,phi-2,DMAP_position,xsum,0.9,45,0.6109546165884194
main2a,phi-2,DMAP_position,yelp,0.9,36,0.8572261072261073
main2a,phi-2,DMAP_position,cmv,0.94,36,0.7443667443667444
main2a,phi-2,DMAP_position,eli5,0.94,41,0.7827050997782705
main2a,phi-2,DMAP_position,sci_gen,0.94,52,0.6793975255513718
main2a,phi-2,DMAP_position,squad,0.94,43,0.6274190925353715
main2a,phi-2,DMAP_position,wp,0.94,47,0.7583692902841838
main2a,phi-2,DMAP_position,xsum,0.94,45,0.4303599374021909
main2a,phi-2,DMAP_position,yelp,0.94,36,0.6214063714063713
main2a,phi-2,DMAP_position,cmv,0.98,36,0.5528360528360529
main2a,phi-2,DMAP_position,eli5,0.98,41,0.6112911478765137
main2a,phi-2,DMAP_position,sci_gen,0.98,52,0.43154922001075846
main2a,phi-2,DMAP_position,squad,0.98,43,0.417466254675557
main2a,phi-2,DMAP_position,wp,0.98,47,0.5552745127213212
main2a,phi-2,DMAP_position,xsum,0.98,45,0.21877934272300467
main2a,phi-2,DMAP_position,yelp,0.98,36,0.3774281274281274
main2a,phi-2,DMAP_position,cmv,1.0,36,0.45493395493395494
main2a,phi-2,DMAP_position,eli5,1.0,41,0.45505713798396724
main2a,phi-2,DMAP_position,sci_gen,1.0,52,0.32477138246369014
main2a,phi-2,DMAP_position,squad,1.0,43,0.32541876727923236
main2a,phi-2,DMAP_position,wp,1.0,47,0.43728611813718193
main2a,phi-2,DMAP_position,xsum,1.0,45,0.1436619718309859
main2a,phi-2,DMAP_position,yelp,1.0,36,0.20240870240870243
main2a,phi-2,DMAP_position,cmv,1.04,36,0.2018259518259518
main2a,phi-2,DMAP_position,eli5,1.04,41,0.31263858093126384
main2a,phi-2,DMAP_position,sci_gen,1.04,52,0.18154922001075846
main2a,phi-2,DMAP_position,squad,1.04,43,0.198243616848268
main2a,phi-2,DMAP_position,wp,1.04,47,0.23954768635619697
main2a,phi-2,DMAP_position,xsum,1.04,45,0.07089201877934272
main2a,phi-2,DMAP_position,yelp,1.04,36,0.08799533799533801
main2a,phi-2,DMAP_position,cmv,1.1,36,0.028554778554778552
main2a,phi-2,DMAP_position,eli5,1.1,41,0.0600375234521576
main2a,phi-2,DMAP_position,sci_gen,1.1,52,0.06670252824098978
main2a,phi-2,DMAP_position,squad,1.1,43,0.06342494714587738
main2a,phi-2,DMAP_position,wp,1.1,47,0.040172593364082715
main2a,phi-2,DMAP_position,xsum,1.1,45,0.006103286384976526
main2a,phi-2,DMAP_position,yelp,1.1,36,0.014763014763014759
main2a,phi-2,DMAP_chi2,cmv,0.8,36,0.7915695415695415
main2a,phi-2,DMAP_chi2,eli5,0.8,41,0.7424526692819376
main2a,phi-2,DMAP_chi2,sci_gen,0.8,52,0.737224314147391
main2a,phi-2,DMAP_chi2,squad,0.8,43,0.639290941616523
main2a,phi-2,DMAP_chi2,wp,0.8,47,0.8342508555274514
main2a,phi-2,DMAP_chi2,xsum,0.8,45,0.7809076682316118
main2a,phi-2,DMAP_chi2,yelp,0.8,36,0.6697746697746698
main2a,phi-2,DMAP_chi2,cmv,0.9,36,0.6627816627816627
main2a,phi-2,DMAP_chi2,eli5,0.9,41,0.5957700835749616
main2a,phi-2,DMAP_chi2,sci_gen,0.9,52,0.5804195804195804
main2a,phi-2,DMAP_chi2,squad,0.9,43,0.4730850544804033
main2a,phi-2,DMAP_chi2,wp,0.9,47,0.6188067251897039
main2a,phi-2,DMAP_chi2,xsum,0.9,45,0.5046948356807511
main2a,phi-2,DMAP_chi2,yelp,0.9,36,0.5734265734265734
main2a,phi-2,DMAP_chi2,cmv,0.94,36,0.5903263403263402
main2a,phi-2,DMAP_chi2,eli5,0.94,41,0.49206890670305303
main2a,phi-2,DMAP_chi2,sci_gen,0.94,52,0.5067240451855837
main2a,phi-2,DMAP_chi2,squad,0.94,43,0.47422345096763696
main2a,phi-2,DMAP_chi2,wp,0.94,47,0.5070674006844219
main2a,phi-2,DMAP_chi2,xsum,0.94,45,0.4485133020344288
main2a,phi-2,DMAP_chi2,yelp,0.94,36,0.5456487956487956
main2a,phi-2,DMAP_chi2,cmv,0.98,36,0.6317016317016317
main2a,phi-2,DMAP_chi2,eli5,0.98,41,0.47074876343169025
main2a,phi-2,DMAP_chi2,sci_gen,0.98,52,0.49731038192576654
main2a,phi-2,DMAP_chi2,squad,0.98,43,0.4859326719791836
main2a,phi-2,DMAP_chi2,wp,0.98,47,0.5143579824430888
main2a,phi-2,DMAP_chi2,xsum,0.98,45,0.516431924882629
main2a,phi-2,DMAP_chi2,yelp,0.98,36,0.5011655011655012
main2a,phi-2,DMAP_chi2,cmv,1.0,36,0.6798756798756799
main2a,phi-2,DMAP_chi2,eli5,1.0,41,0.4808118710557735
main2a,phi-2,DMAP_chi2,sci_gen,1.0,52,0.5784023668639052
main2a,phi-2,DMAP_chi2,squad,1.0,43,0.49032362985851363
main2a,phi-2,DMAP_chi2,wp,1.0,47,0.5482815057283142
main2a,phi-2,DMAP_chi2,xsum,1.0,45,0.5280125195618153
main2a,phi-2,DMAP_chi2,yelp,1.0,36,0.5912975912975913
main2a,phi-2,DMAP_chi2,cmv,1.04,36,0.7130924630924631
main2a,phi-2,DMAP_chi2,eli5,1.04,41,0.5679686167491046
main2a,phi-2,DMAP_chi2,sci_gen,1.04,52,0.6247982786444326
main2a,phi-2,DMAP_chi2,squad,1.04,43,0.5524475524475524
main2a,phi-2,DMAP_chi2,wp,1.04,47,0.6357684868323167
main2a,phi-2,DMAP_chi2,xsum,1.04,45,0.7067292644757434
main2a,phi-2,DMAP_chi2,yelp,1.04,36,0.7610722610722611
main2a,phi-2,DMAP_chi2,cmv,1.1,36,0.9042346542346542
main2a,phi-2,DMAP_chi2,eli5,1.1,41,0.8592870544090055
main2a,phi-2,DMAP_chi2,sci_gen,1.1,52,0.788192576654115
main2a,phi-2,DMAP_chi2,squad,1.1,43,0.8222475199219386
main2a,phi-2,DMAP_chi2,wp,1.1,47,0.8775479839309628
main2a,phi-2,DMAP_chi2,xsum,1.1,45,0.8881064162754303
main2a,phi-2,DMAP_chi2,yelp,1.1,36,0.9123931623931625
extA,pythia-2.8b,Likelihood,arxiv,0.8,50,0.9274251497005987
extA,pythia-2.8b,Likelihood,outfox,0.8,50,0.894251497005988
extA,pythia-2.8b,Likelihood,peerread,0.8,50,0.9591616766467066
extA,pythia-2.8b,Likelihood,reddit,0.8,50,0.8516167664670657
extA,pythia-2.8b,Likelihood,wikihow,0.8,50,0.8675903614457832
extA,pythia-2.8b,Likelihood,wikipedia,0.8,50,0.7959036144578313
extA,pythia-2.8b,Likelihood,arxiv,0.9,50,0.5979640718562874
extA,pythia-2.8b,Likelihood,outfox,0.9,50,0.4918562874251497
extA,pythia-2.8b,Likelihood,peerread,0.9,50,0.6679041916167664
extA,pythia-2.8b,Likelihood,reddit,0.9,50,0.39676646706586827
extA,pythia-2.8b,Likelihood,wikihow,0.9,50,0.4649397590361446
extA,pythia-2.8b,Likelihood,wikipedia,0.9,50,0.5196385542168674
extA,pythia-2.8b,Likelihood,arxiv,0.94,50,0.49053892215568856
extA,pythia-2.8b,Likelihood,outfox,0.94,50,0.3137724550898204
extA,pythia-2.8b,Likelihood,peerread,0.94,50,0.5269461077844312
extA,pythia-2.8b,Likelihood,reddit,0.94,50,0.1761676646706587
extA,pythia-2.8b,Likelihood,wikihow,0.94,50,0.29819277108433734
extA,pythia-2.8b,Likelihood,wikipedia,0.94,50,0.32493975903614464
extA,pythia-2.8b,Likelihood,arxiv,0.96,50,0.4619161676646707
extA,pythia-2.8b,Likelihood,outfox,0.96,50,0.20538922155688624
extA,pythia-2.8b,Likelihood,peerread,0.96,50,0.3611976047904192
extA,pythia-2.8b,Likelihood,reddit,0.96,50,0.12838323353293413
extA,pythia-2.8b,Likelihood,wikihow,0.96,50,0.22578313253012047
extA,pythia-2.8b,Likelihood,wikipedia,0.96,50,0.31951807228915663
extA,pythia-2.8b,Likelihood,arxiv,0.98,50,0.3283832335329342
extA,pythia-2.8b,Likelihood,outfox,0.98,50,0.15437125748502994
extA,pythia-2.8b,Likelihood,peerread,0.98,50,0.28862275449101793
extA,pythia-2.8b,Likelihood,reddit,0.98,50,0.09281437125748504
extA,pythia-2.8b,Likelihood,wikihow,0.98,50,0.1930120481927711
extA,pythia-2.8b,Likelihood,wikipedia,0.98,50,0.30855421686746987
extA,pythia-2.8b,Likelihood,arxiv,1.0,50,0.23640718562874255
extA,pythia-2.8b,Likelihood,outfox,1.0,50,0.08754491017964072
extA,pythia-2.8b,Likelihood,peerread,1.0,50,0.16874251497005988
extA,pythia-2.8b,Likelihood,reddit,1.0,50,0.04191616766467066
extA,pythia-2.8b,Likelihood,wikihow,1.0,50,0.09301204819277108
extA,pythia-2.8b,Likelihood,wikipedia,1.0,50,0.22349397590361444
extA,pythia-2.8b,Likelihood,arxiv,1.02,50,0.2046706586826347
extA,pythia-2.8b,Likelihood,outfox,1.02,50,0.059760479041916184
extA,pythia-2.8b,Likelihood,peerread,1.02,50,0.14239520958083832
extA,pythia-2.8b,Likelihood,reddit,1.02,50,0.03497005988023952
extA,pythia-2.8b,Likelihood,wikihow,1.02,50,0.07289156626506024
extA,pythia-2.8b,Likelihood,wikipedia,1.02,50,0.16120481927710847
extA,pythia-2.8b,Likelihood,arxiv,1.04,50,0.13341317365269462
extA,pythia-2.8b,Likelihood,outfox,1.04,50,0.04239520958083833
extA,pythia-2.8b,Likelihood,peerread,1.04,50,0.07125748502994012
extA,pythia-2.8b,Likelihood,reddit,1.04,50,0.012934131736526945
extA,pythia-2.8b,Likelihood,wikihow,1.04,50,0.017469879518072287
extA,pythia-2.8b,Likelihood,wikipedia,1.04,50,0.11060240963855425
extA,pythia-2.8b,Likelihood,arxiv,1.1,50,0.05365269461077845
extA,pythia-2.8b,Likelihood,outfox,1.1,50,0.0007185628742514983
extA,pythia-2.8b,Likelihood,peerread,1.1,50,0.03413173652694611
extA,pythia-2.8b,Likelihood,reddit,1.1,50,0.0
extA,pythia-2.8b,Likelihood,wikihow,1.1,50,0.006265060240963856
extA,pythia-2.8b,Likelihood,wikipedia,1.1,50,0.050602409638554224
extA,pythia-2.8b,LogRank,arxiv,0.8,50,0.9378443113772454
extA,pythia-2.8b,LogRank,outfox,0.8,50,0.892694610778443
extA,pythia-2.8b,LogRank,peerread,0.8,50,0.9655089820359282
extA,pythia-2.8b,LogRank,reddit,0.8,50,0.867065868263473
extA,pythia-2.8b,LogRank,wikihow,0.8,50,0.8742168674698795
extA,pythia-2.8b,LogRank,wikipedia,0.8,50,0.79855421686747
extA,pythia-2.8b,LogRank,arxiv,0.9,50,0.6051497005988025
extA,pythia-2.8b,LogRank,outfox,0.9,50,0.4726946107784431
extA,pythia-2.8b,LogRank,peerread,0.9,50,0.6708982035928144
extA,pythia-2.8b,LogRank,reddit,0.9,50,0.4130538922155688
extA,pythia-2.8b,LogRank,wikihow,0.9,50,0.459277108433735
extA,pythia-2.8b,LogRank,wikipedia,0.9,50,0.5186746987951807
extA,pythia-2.8b,LogRank,arxiv,0.94,50,0.4805988023952096
extA,pythia-2.8b,LogRank,outfox,0.94,50,0.2837125748502994
extA,pythia-2.8b,LogRank,peerread,0.94,50,0.48838323353293406
extA,pythia-2.8b,LogRank,reddit,0.94,50,0.16874251497005988
extA,pythia-2.8b,LogRank,wikihow,0.94,50,0.2862650602409639
extA,pythia-2.8b,LogRank,wikipedia,0.94,50,0.3212048192771084
extA,pythia-2.8b,LogRank,arxiv,0.96,50,0.4487425149700598
extA,pythia-2.8b,LogRank,outfox,0.96,50,0.17880239520958086
extA,pythia-2.8b,LogRank,peerread,0.96,50,0.3256287425149701
extA,pythia-2.8b,LogRank,reddit,0.96,50,0.1295808383233533
extA,pythia-2.8b,LogRank,wikihow,0.96,50,0.21710843373493977
extA,pythia-2.8b,LogRank,wikipedia,0.96,50,0.30795180722891563
extA,pythia-2.8b,LogRank,arxiv,0.98,50,0.32395209580838324
extA,pythia-2.8b,LogRank,outfox,0.98,50,0.13041916167664672
extA,pythia-2.8b,LogRank,peerread,0.98,50,0.252814371257485
extA,pythia-2.8b,LogRank,reddit,0.98,50,0.09508982035928144
extA,pythia-2.8b,LogRank,wikihow,0.98,50,0.18469879518072288
extA,pythia-2.8b,LogRank,wikipedia,0.98,50,0.2955421686746988
extA,pythia-2.8b,LogRank,arxiv,1.0,50,0.23341317365269462
extA,pythia-2.8b,LogRank,outfox,1.0,50,0.07077844311377246
extA,pythia-2.8b,LogRank,peerread,1.0,50,0.13580838323353295
extA,pythia-2.8b,LogRank,reddit,1.0,50,0.04107784431137725
extA,pythia-2.8b,LogRank,wikihow,1.0,50,0.08397590361445782
extA,pythia-2.8b,LogRank,wikipedia,1.0,50,0.2032530120481928
extA,pythia-2.8b,LogRank,arxiv,1.02,50,0.202874251497006
extA,pythia-2.8b,LogRank,outfox,1.02,50,0.04562874251497007
extA,pythia-2.8b,LogRank,peerread,1.02,50,0.11784431137724552
extA,pythia-2.8b,LogRank,reddit,1.02,50,0.03221556886227546
extA,pythia-2.8b,LogRank,wikihow,1.02,50,0.06602409638554219
extA,pythia-2.8b,LogRank,wikipedia,1.02,50,0.15445783132530122
extA,pythia-2.8b,LogRank,arxiv,1.04,50,0.12658682634730536
extA,pythia-2.8b,LogRank,outfox,1.04,50,0.02706586826347306
extA,pythia-2.8b,LogRank,peerread,1.04,50,0.05377245508982036
extA,pythia-2.8b,LogRank,reddit,1.04,50,0.01341317365269461
extA,pythia-2.8b,LogRank,wikihow,1.04,50,0.017469879518072287
extA,pythia-2.8b,LogRank,wikipedia,1.04,50,0.10578313253012048
extA,pythia-2.8b,LogRank,arxiv,1.1,50,0.047664670658682635
extA,pythia-2.8b,LogRank,outfox,1.1,50,0.0005988023952095833
extA,pythia-2.8b,LogRank,peerread,1.1,50,0.02778443113772455
extA,pythia-2.8b,LogRank,reddit,1.1,50,0.0
extA,pythia-2.8b,LogRank,wikihow,1.1,50,0.0039759036144578295
extA,pythia-2.8b,LogRank,wikipedia,1.1,50,0.04795180722891566
extA,pythia-2.8b,Entropy,arxiv,0.8,50,0.24754491017964075
extA,pythia-2.8b,Entropy,outfox,0.8,50,0.44023952095808383
extA,pythia-2.8b,Entropy,peerread,0.8,50,0.31077844311377245
extA,pythia-2.8b,Entropy,reddit,0.8,50,0.4651497005988024
extA,pythia-2.8b,Entropy,wikihow,0.8,50,0.3136144578313253
extA,pythia-2.8b,Entropy,wikipedia,0.8,50,0.3744578313253012
extA,pythia-2.8b,Entropy,arxiv,0.9,50,0.46982035928143717
extA,pythia-2.8b,Entropy,outfox,0.9,50,0.6972455089820359
extA,pythia-2.8b,Entropy,peerread,0.9,50,0.5530538922155689
extA,pythia-2.8b,Entropy,reddit,0.9,50,0.7373652694610778
extA,pythia-2.8b,Entropy,wikihow,0.9,50,0.617590361445783
extA,pythia-2.8b,Entropy,wikipedia,0.9,50,0.5190361445783133
extA,pythia-2.8b,Entropy,arxiv,0.94,50,0.5134131736526946
extA,pythia-2.8b,Entropy,outfox,0.94,50,0.7633532934131737
extA,pythia-2.8b,Entropy,peerread,0.94,50,0.5749700598802395
extA,pythia-2.8b,Entropy,reddit,0.94,50,0.8686227544910179
extA,pythia-2.8b,Entropy,wikihow,0.94,50,0.708433734939759
extA,pythia-2.8b,Entropy,wikipedia,0.94,50,0.6621686746987953
extA,pythia-2.8b,Entropy,arxiv,0.96,50,0.5221556886227545
extA,pythia-2.8b,Entropy,outfox,0.96,50,0.8204790419161677
extA,pythia-2.8b,Entropy,peerread,0.96,50,0.6827544910179641
extA,pythia-2.8b,Entropy,reddit,0.96,50,0.8811976047904192
extA,pythia-2.8b,Entropy,wikihow,0.96,50,0.7624096385542168
extA,pythia-2.8b,Entropy,wikipedia,0.96,50,0.6379518072289156
extA,pythia-2.8b,Entropy,arxiv,0.98,50,0.6184431137724551
extA,pythia-2.8b,Entropy,outfox,0.98,50,0.8397604790419162
extA,pythia-2.8b,Entropy,peerread,0.98,50,0.7256287425149701
extA,pythia-2.8b,Entropy,reddit,0.98,50,0.8923353293413172
extA,pythia-2.8b,Entropy,wikihow,0.98,50,0.7790361445783132
extA,pythia-2.8b,Entropy,wikipedia,0.98,50,0.6516867469879518
extA,pythia-2.8b,Entropy,arxiv,1.0,50,0.670059880239521
extA,pythia-2.8b,Entropy,outfox,1.0,50,0.8847904191616767
extA,pythia-2.8b,Entropy,peerread,1.0,50,0.78
extA,pythia-2.8b,Entropy,reddit,1.0,50,0.9276646706586826
extA,pythia-2.8b,Entropy,wikihow,1.0,50,0.8616867469879518
extA,pythia-2.8b,Entropy,wikipedia,1.0,50,0.6871084337349396
extA,pythia-2.8b,Entropy,arxiv,1.02,50,0.718562874251497
extA,pythia-2.8b,Entropy,outfox,1.02,50,0.9147305389221556
extA,pythia-2.8b,Entropy,peerread,1.02,50,0.807185628742515
extA,pythia-2.8b,Entropy,reddit,1.02,50,0.9441916167664671
extA,pythia-2.8b,Entropy,wikihow,1.02,50,0.8666265060240963
extA,pythia-2.8b,Entropy,wikipedia,1.02,50,0.765301204819277
extA,pythia-2.8b,Entropy,arxiv,1.04,50,0.7876646706586825
extA,pythia-2.8b,Entropy,outfox,1.04,50,0.92
extA,pythia-2.8b,Entropy,peerread,1.04,50,0.8544910179640719
extA,pythia-2.8b,Entropy,reddit,1.04,50,0.9669461077844311
extA,pythia-2.8b,Entropy,wikihow,1.04,50,0.939156626506024
extA,pythia-2.8b,Entropy,wikipedia,1.04,50,0.8113253012048193
extA,pythia-2.8b,Entropy,arxiv,1.1,50,0.8765269461077844
extA,pythia-2.8b,Entropy,outfox,1.1,50,0.978682634730539
extA,pythia-2.8b,Entropy,peerread,1.1,50,0.9223952095808383
extA,pythia-2.8b,Entropy,reddit,1.1,50,0.9972455089820359
extA,pythia-2.8b,Entropy,wikihow,1.1,50,0.9578313253012047
extA,pythia-2.8b,Entropy,wikipedia,1.1,50,0.8914457831325301
extA,pythia-2.8b,LRR,arxiv,0.8,50,0.9423952095808383
extA,pythia-2.8b,LRR,outfox,0.8,50,0.8619161676646706
extA,pythia-2.8b,LRR,peerread,0.8,50,0.9502994011976048
extA,pythia-2.8b,LRR,reddit,0.8,50,0.8731736526946108
extA,pythia-2.8b,LRR,wikihow,0.8,50,0.85
extA,pythia-2.8b,LRR,wikipedia,0.8,50,0.7859036144578313
extA,pythia-2.8b,LRR,arxiv,0.9,50,0.6348502994011977
extA,pythia-2.8b,LRR,outfox,0.9,50,0.4037125748502994
extA,pythia-2.8b,LRR,peerread,0.9,50,0.6178443113772456
extA,pythia-2.8b,LRR,reddit,0.9,50,0.4479041916167665
extA,pythia-2.8b,LRR,wikihow,0.9,50,0.4412048192771085
extA,pythia-2.8b,LRR,wikipedia,0.9,50,0.492289156626506
extA,pythia-2.8b,LRR,arxiv,0.94,50,0.4483832335329342
extA,pythia-2.8b,LRR,outfox,0.94,50,0.22263473053892213
extA,pythia-2.8b,LRR,peerread,0.94,50,0.40155688622754493
extA,pythia-2.8b,LRR,reddit,0.94,50,0.1879041916167665
extA,pythia-2.8b,LRR,wikihow,0.94,50,0.2780722891566265
extA,pythia-2.8b,LRR,wikipedia,0.94,50,0.3222891566265061
extA,pythia-2.8b,LRR,arxiv,0.96,50,0.41664670658682634
extA,pythia-2.8b,LRR,outfox,0.96,50,0.12994011976047903
extA,pythia-2.8b,LRR,peerread,0.96,50,0.2607185628742515
extA,pythia-2.8b,LRR,reddit,0.96,50,0.16383233532934133
extA,pythia-2.8b,LRR,wikihow,0.96,50,0.2230120481927711
extA,pythia-2.8b,LRR,wikipedia,0.96,50,0.30048192771084337
extA,pythia-2.8b,LRR,arxiv,0.98,50,0.31449101796407186
extA,pythia-2.8b,LRR,outfox,0.98,50,0.07616766467065868
extA,pythia-2.8b,LRR,peerread,0.98,50,0.210059880239521
extA,pythia-2.8b,LRR,reddit,0.98,50,0.10982035928143713
extA,pythia-2.8b,LRR,wikihow,0.98,50,0.16397590361445782
extA,pythia-2.8b,LRR,wikipedia,0.98,50,0.2565060240963855
extA,pythia-2.8b,LRR,arxiv,1.0,50,0.22934131736526947
extA,pythia-2.8b,LRR,outfox,1.0,50,0.04970059880239521
extA,pythia-2.8b,LRR,peerread,1.0,50,0.11760479041916169
extA,pythia-2.8b,LRR,reddit,1.0,50,0.05988023952095809
extA,pythia-2.8b,LRR,wikihow,1.0,50,0.06686746987951807
extA,pythia-2.8b,LRR,wikipedia,1.0,50,0.17771084337349397
extA,pythia-2.8b,LRR,arxiv,1.02,50,0.20910179640718562
extA,pythia-2.8b,LRR,outfox,1.02,50,0.02526946107784432
extA,pythia-2.8b,LRR,peerread,1.02,50,0.09329341317365271
extA,pythia-2.8b,LRR,reddit,1.02,50,0.042395209580838325
extA,pythia-2.8b,LRR,wikihow,1.02,50,0.061927710843373486
extA,pythia-2.8b,LRR,wikipedia,1.02,50,0.15457831325301202
extA,pythia-2.8b,LRR,arxiv,1.04,50,0.1179640718562874
extA,pythia-2.8b,LRR,outfox,1.04,50,0.017125748502994018
extA,pythia-2.8b,LRR,peerread,1.04,50,0.03664670658682635
extA,pythia-2.8b,LRR,reddit,1.04,50,0.022754491017964073
extA,pythia-2.8b,LRR,wikihow,1.04,50,0.025903614457831323
extA,pythia-2.8b,LRR,wikipedia,1.04,50,0.11951807228915663
extA,pythia-2.8b,LRR,arxiv,1.1,50,0.037005988023952094
extA,pythia-2.8b,LRR,outfox,1.1,50,0.00011976047904191711
extA,pythia-2.8b,LRR,peerread,1.1,50,0.012934131736526945
extA,pythia-2.8b,LRR,reddit,1.1,50,0.00035928143712574915
extA,pythia-2.8b,LRR,wikihow,1.1,50,0.0010843373493975884
extA,pythia-2.8b,LRR,wikipedia,1.1,50,0.045662650602409635
extA,pythia-2.8b,FastDetectGPT,arxiv,0.8,50,0.9966467065868263
extA,pythia-2.8b,FastDetectGPT,outfox,0.8,50,0.9989221556886227
extA,pythia-2.8b,FastDetectGPT,peerread,0.8,50,0.9936526946107784
extA,pythia-2.8b,FastDetectGPT,reddit,0.8,50,1.0
extA,pythia-2.8b,FastDetectGPT,wikihow,0.8,50,0.9963855421686747
extA,pythia-2.8b,FastDetectGPT,wikipedia,0.8,50,0.9656626506024096
extA,pythia-2.8b,FastDetectGPT,arxiv,0.9,50,0.8645508982035928
extA,pythia-2.8b,FastDetectGPT,outfox,0.9,50,0.9697005988023952
extA,pythia-2.8b,FastDetectGPT,peerread,0.9,50,0.8935329341317365
extA,pythia-2.8b,FastDetectGPT,reddit,0.9,50,0.9150898203592814
extA,pythia-2.8b,FastDetectGPT,wikihow,0.9,50,0.9234939759036145
extA,pythia-2.8b,FastDetectGPT,wikipedia,0.9,50,0.7884337349397592
extA,pythia-2.8b,FastDetectGPT,arxiv,0.94,50,0.7465868263473054
extA,pythia-2.8b,FastDetectGPT,outfox,0.94,50,0.8350898203592815
extA,pythia-2.8b,FastDetectGPT,peerread,0.94,50,0.7027544910179641
extA,pythia-2.8b,FastDetectGPT,reddit,0.94,50,0.7258682634730539
extA,pythia-2.8b,FastDetectGPT,wikihow,0.94,50,0.7873493975903614
extA,pythia-2.8b,FastDetectGPT,wikipedia,0.94,50,0.5942168674698795
extA,pythia-2.8b,FastDetectGPT,arxiv,0.96,50,0.6498203592814371
extA,pythia-2.8b,FastDetectGPT,outfox,0.96,50,0.709940119760479
extA,pythia-2.8b,FastDetectGPT,peerread,0.96,50,0.551377245508982
extA,pythia-2.8b,FastDetectGPT,reddit,0.96,50,0.5918562874251497
extA,pythia-2.8b,FastDetectGPT,wikihow,0.96,50,0.7322891566265061
extA,pythia-2.8b,FastDetectGPT,wikipedia,0.96,50,0.4632530120481928
extA,pythia-2.8b,FastDetectGPT,arxiv,0.98,50,0.42107784431137724
extA,pythia-2.8b,FastDetectGPT,outfox,0.98,50,0.5517365269461079
extA,pythia-2.8b,FastDetectGPT,peerread,0.98,50,0.4361676646706587
extA,pythia-2.8b,FastDetectGPT,reddit,0.98,50,0.4440718562874252
extA,pythia-2.8b,FastDetectGPT,wikihow,0.98,50,0.5851807228915663
extA,pythia-2.8b,FastDetectGPT,wikipedia,0.98,50,0.4019277108433735
extA,pythia-2.8b,FastDetectGPT,arxiv,1.0,50,0.19736526946107785
extA,pythia-2.8b,FastDetectGPT,outfox,1.0,50,0.40634730538922154
extA,pythia-2.8b,FastDetectGPT,peerread,1.0,50,0.2119760479041916
extA,pythia-2.8b,FastDetectGPT,reddit,1.0,50,0.2407185628742515
extA,pythia-2.8b,FastDetectGPT,wikihow,1.0,50,0.35373493975903614
extA,pythia-2.8b,FastDetectGPT,wikipedia,1.0,50,0.21542168674698797
extA,pythia-2.8b,FastDetectGPT,arxiv,1.02,50,0.16311377245508982
extA,pythia-2.8b,FastDetectGPT,outfox,1.02,50,0.2444311377245509
extA,pythia-2.8b,FastDetectGPT,peerread,1.02,50,0.15005988023952097
extA,pythia-2.8b,FastDetectGPT,reddit,1.02,50,0.1608383233532934
extA,pythia-2.8b,FastDetectGPT,wikihow,1.02,50,0.15903614457831325
extA,pythia-2.8b,FastDetectGPT,wikipedia,1.02,50,0.1651807228915663
extA,pythia-2.8b,FastDetectGPT,arxiv,1.04,50,0.06862275449101796
extA,pythia-2.8b,FastDetectGPT,outfox,1.04,50,0.13029940119760478
extA,pythia-2.8b,FastDetectGPT,peerread,1.04,50,0.07820359281437127
extA,pythia-2.8b,FastDetectGPT,reddit,1.04,50,0.05844311377245508
extA,pythia-2.8b,FastDetectGPT,wikihow,1.04,50,0.07012048192771084
extA,pythia-2.8b,FastDetectGPT,wikipedia,1.04,50,0.10192771084337347
extA,pythia-2.8b,FastDetectGPT,arxiv,1.1,50,0.0025149700598802397
extA,pythia-2.8b,FastDetectGPT,outfox,1.1,50,0.0019161676646706604
extA,pythia-2.8b,FastDetectGPT,peerread,1.1,50,0.010419161676646712
extA,pythia-2.8b,FastDetectGPT,reddit,1.1,50,0.000718562874251496
extA,pythia-2.8b,FastDetectGPT,wikihow,1.1,50,0.0002409638554216853
extA,pythia-2.8b,FastDetectGPT,wikipedia,1.1,50,0.011686746987951798
extA,pythia-2.8b,Binoculars,arxiv,0.8,50,0.9968862275449102
extA,pythia-2.8b,Binoculars,outfox,0.8,50,0.997125748502994
extA,pythia-2.8b,Binoculars,peerread,0.8,50,0.9959281437125749
extA,pythia-2.8b,Binoculars,reddit,0.8,50,0.9991616766467065
extA,pythia-2.8b,Binoculars,wikihow,0.8,50,0.9951807228915663
extA,pythia-2.8b,Binoculars,wikipedia,0.8,50,0.9662650602409638
extA,pythia-2.8b,Binoculars,arxiv,0.9,50,0.8613173652694611
extA,pythia-2.8b,Binoculars,outfox,0.9,50,0.9646706586826346
extA,pythia-2.8b,Binoculars,peerread,0.9,50,0.8849101796407186
extA,pythia-2.8b,Binoculars,reddit,0.9,50,0.9010778443113773
extA,pythia-2.8b,Binoculars,wikihow,0.9,50,0.9132530120481928
extA,pythia-2.8b,Binoculars,wikipedia,0.9,50,0.7950602409638554
extA,pythia-2.8b,Binoculars,arxiv,0.94,50,0.7429940119760479
extA,pythia-2.8b,Binoculars,outfox,0.94,50,0.8245508982035927
extA,pythia-2.8b,Binoculars,peerread,0.94,50,0.6859880239520958
extA,pythia-2.8b,Binoculars,reddit,0.94,50,0.6948502994011976
extA,pythia-2.8b,Binoculars,wikihow,0.94,50,0.7697590361445783
extA,pythia-2.8b,Binoculars,wikipedia,0.94,50,0.5889156626506025
extA,pythia-2.8b,Binoculars,arxiv,0.96,50,0.6510179640718563
extA,pythia-2.8b,Binoculars,outfox,0.96,50,0.6982035928143713
extA,pythia-2.8b,Binoculars,peerread,0.96,50,0.5378443113772454
extA,pythia-2.8b,Binoculars,reddit,0.96,50,0.5702994011976048
extA,pythia-2.8b,Binoculars,wikihow,0.96,50,0.7131325301204819
extA,pythia-2.8b,Binoculars,wikipedia,0.96,50,0.46313253012048194
extA,pythia-2.8b,Binoculars,arxiv,0.98,50,0.4198802395209581
extA,pythia-2.8b,Binoculars,outfox,0.98,50,0.5474251497005989
extA,pythia-2.8b,Binoculars,peerread,0.98,50,0.4304191616766467
extA,pythia-2.8b,Binoculars,reddit,0.98,50,0.4342514970059881
extA,pythia-2.8b,Binoculars,wikihow,0.98,50,0.5753012048192772
extA,pythia-2.8b,Binoculars,wikipedia,0.98,50,0.3974698795180723
extA,pythia-2.8b,Binoculars,arxiv,1.0,50,0.20586826347305387
extA,pythia-2.8b,Binoculars,outfox,1.0,50,0.41485029940119755
extA,pythia-2.8b,Binoculars,peerread,1.0,50,0.2141317365269461
extA,pythia-2.8b,Binoculars,reddit,1.0,50,0.24706586826347304
extA,pythia-2.8b,Binoculars,wikihow,1.0,50,0.3526506024096386
extA,pythia-2.8b,Binoculars,wikipedia,1.0,50,0.21891566265060242
extA,pythia-2.8b,Binoculars,arxiv,1.02,50,0.17005988023952096
extA,pythia-2.8b,Binoculars,outfox,1.02,50,0.2595209580838323
extA,pythia-2.8b,Binoculars,peerread,1.02,50,0.15616766467065868
extA,pythia-2.8b,Binoculars,reddit,1.02,50,0.17305389221556886
extA,pythia-2.8b,Binoculars,wikihow,1.02,50,0.16602409638554216
extA,pythia-2.8b,Binoculars,wikipedia,1.02,50,0.1686746987951807
extA,pythia-2.8b,Binoculars,arxiv,1.04,50,0.07652694610778443
extA,pythia-2.8b,Binoculars,outfox,1.04,50,0.1481437125748503
extA,pythia-2.8b,Binoculars,peerread,1.04,50,0.0822754491017964
extA,pythia-2.8b,Binoculars,reddit,1.04,50,0.06994011976047905
extA,pythia-2.8b,Binoculars,wikihow,1.04,50,0.08036144578313253
extA,pythia-2.8b,Binoculars,wikipedia,1.04,50,0.1127710843373494
extA,pythia-2.8b,Binoculars,arxiv,1.1,50,0.0026347305389221587
extA,pythia-2.8b,Binoculars,outfox,1.1,50,0.008982035928143717
extA,pythia-2.8b,Binoculars,peerread,1.1,50,0.01029940119760479
extA,pythia-2.8b,Binoculars,reddit,1.1,50,0.0005988023952095812
extA,pythia-2.8b,Binoculars,wikihow,1.1,50,0.0010843373493975884
extA,pythia-2.8b,Binoculars,wikipedia,1.1,50,0.015060240963855408
extA,pythia-2.8b,DMAP_position,arxiv,0.8,50,0.9807185628742515
extA,pythia-2.8b,DMAP_position,outfox,0.8,50,0.985748502994012
extA,pythia-2.8b,DMAP_position,peerread,0.8,50,0.98562874251497
extA,pythia-2.8b,DMAP_position,reddit,0.8,50,0.965748502994012
extA,pythia-2.8b,DMAP_position,wikihow,0.8,50,0.8690361445783132
extA,pythia-2.8b,DMAP_position,wikipedia,0.8,50,0.9101204819277108
extA,pythia-2.8b,DMAP_position,arxiv,0.9,50,0.7213173652694611
extA,pythia-2.8b,DMAP_position,outfox,0.9,50,0.8451497005988025
extA,pythia-2.8b,DMAP_position,peerread,0.9,50,0.8663473053892216
extA,pythia-2.8b,DMAP_position,reddit,0.9,50,0.815688622754491
extA,pythia-2.8b,DMAP_position,wikihow,0.9,50,0.6896385542168674
extA,pythia-2.8b,DMAP_position,wikipedia,0.9,50,0.6650602409638554
extA,pythia-2.8b,DMAP_position,arxiv,0.94,50,0.565748502994012
extA,pythia-2.8b,DMAP_position,outfox,0.94,50,0.6162874251497006
extA,pythia-2.8b,DMAP_position,peerread,0.94,50,0.6764071856287425
extA,pythia-2.8b,DMAP_position,reddit,0.94,50,0.6329341317365269
extA,pythia-2.8b,DMAP_position,wikihow,0.94,50,0.4527710843373494
extA,pythia-2.8b,DMAP_position,wikipedia,0.94,50,0.521566265060241
extA,pythia-2.8b,DMAP_position,arxiv,0.96,50,0.5259880239520958
extA,pythia-2.8b,DMAP_position,outfox,0.96,50,0.5131736526946107
extA,pythia-2.8b,DMAP_position,peerread,0.96,50,0.5598802395209581
extA,pythia-2.8b,DMAP_position,reddit,0.96,50,0.5456287425149701
extA,pythia-2.8b,DMAP_position,wikihow,0.96,50,0.4065060240963856
extA,pythia-2.8b,DMAP_position,wikipedia,0.96,50,0.4
extA,pythia-2.8b,DMAP_position,arxiv,0.98,50,0.3656287425149701
extA,pythia-2.8b,DMAP_position,outfox,0.98,50,0.36203592814371255
extA,pythia-2.8b,DMAP_position,peerread,0.98,50,0.4919760479041917
extA,pythia-2.8b,DMAP_position,reddit,0.98,50,0.32802395209580837
extA,pythia-2.8b,DMAP_position,wikihow,0.98,50,0.33999999999999997
extA,pythia-2.8b,DMAP_position,wikipedia,0.98,50,0.38554216867469876
extA,pythia-2.8b,DMAP_position,arxiv,1.0,50,0.20419161676646708
extA,pythia-2.8b,DMAP_position,outfox,1.0,50,0.2413173652694611
extA,pythia-2.8b,DMAP_position,peerread,1.0,50,0.31928143712574847
extA,pythia-2.8b,DMAP_position,reddit,1.0,50,0.26107784431137726
extA,pythia-2.8b,DMAP_position,wikihow,1.0,50,0.1819277108433735
extA,pythia-2.8b,DMAP_position,wikipedia,1.0,50,0.22301204819277107
extA,pythia-2.8b,DMAP_position,arxiv,1.02,50,0.17676646706586824
extA,pythia-2.8b,DMAP_position,outfox,1.02,50,0.16131736526946108
extA,pythia-2.8b,DMAP_position,peerread,1.02,50,0.26862275449101797
extA,pythia-2.8b,DMAP_position,reddit,1.02,50,0.1667065868263473
extA,pythia-2.8b,DMAP_position,wikihow,1.02,50,0.08566265060240966
extA,pythia-2.8b,DMAP_position,wikipedia,1.02,50,0.1513253012048193
extA,pythia-2.8b,DMAP_position,arxiv,1.04,50,0.09592814371257485
extA,pythia-2.8b,DMAP_position,outfox,1.04,50,0.05892215568862276
extA,pythia-2.8b,DMAP_position,peerread,1.04,50,0.16095808383233534
extA,pythia-2.8b,DMAP_position,reddit,1.04,50,0.0762874251497006
extA,pythia-2.8b,DMAP_position,wikihow,1.04,50,0.043493975903614465
extA,pythia-2.8b,DMAP_position,wikipedia,1.04,50,0.09216867469879518
extA,pythia-2.8b,DMAP_position,arxiv,1.1,50,0.018562874251497004
extA,pythia-2.8b,DMAP_position,outfox,1.1,50,0.003233532934131737
extA,pythia-2.8b,DMAP_position,peerread,1.1,50,0.03532934131736527
extA,pythia-2.8b,DMAP_position,reddit,1.1,50,0.004431137724550902
extA,pythia-2.8b,DMAP_position,wikihow,1.1,50,0.0018072289156626509
extA,pythia-2.8b,DMAP_position,wikipedia,1.1,50,0.031084337349397587
extA,pythia-2.8b,DMAP_chi2,arxiv,0.8,50,0.7875449101796408
extA,pythia-2.8b,DMAP_chi2,outfox,0.8,50,0.8650299401197605
extA,pythia-2.8b,DMAP_chi2,peerread,0.8,50,0.6724550898203593
extA,pythia-2.8b,DMAP_chi2,reddit,0.8,50,0.8088622754491018
extA,pythia-2.8b,DMAP_chi2,wikihow,0.8,50,0.7571084337349397
extA,pythia-2.8b,DMAP_chi2,wikipedia,0.8,50,0.6787951807228916
extA,pythia-2.8b,DMAP_chi2,arxiv,0.9,50,0.521317365269461
extA,pythia-2.8b,DMAP_chi2,outfox,0.9,50,0.6737724550898203
extA,pythia-2.8b,DMAP_chi2,peerread,0.9,50,0.5276646706586826
extA,pythia-2.8b,DMAP_chi2,reddit,0.9,50,0.5702994011976047
extA,pythia-2.8b,DMAP_chi2,wikihow,0.9,50,0.5890361445783132
extA,pythia-2.8b,DMAP_chi2,wikipedia,0.9,50,0.5739759036144578
extA,pythia-2.8b,DMAP_chi2,arxiv,0.94,50,0.48107784431137723
extA,pythia-2.8b,DMAP_chi2,outfox,0.94,50,0.6027544910179641
extA,pythia-2.8b,DMAP_chi2,peerread,0.94,50,0.5559281437125749
extA,pythia-2.8b,DMAP_chi2,reddit,0.94,50,0.5689820359281438
extA,pythia-2.8b,DMAP_chi2,wikihow,0.94,50,0.5651807228915663
extA,pythia-2.8b,DMAP_chi2,wikipedia,0.94,50,0.5426506024096386
extA,pythia-2.8b,DMAP_chi2,arxiv,0.96,50,0.4576047904191617
extA,pythia-2.8b,DMAP_chi2,outfox,0.96,50,0.6093413173652694
extA,pythia-2.8b,DMAP_chi2,peerread,0.96,50,0.4968862275449102
extA,pythia-2.8b,DMAP_chi2,reddit,0.96,50,0.5549700598802396
extA,pythia-2.8b,DMAP_chi2,wikihow,0.96,50,0.5624096385542169
extA,pythia-2.8b,DMAP_chi2,wikipedia,0.96,50,0.5737349397590361
extA,pythia-2.8b,DMAP_chi2,arxiv,0.98,50,0.4001197604790419
extA,pythia-2.8b,DMAP_chi2,outfox,0.98,50,0.6122155688622753
extA,pythia-2.8b,DMAP_chi2,peerread,0.98,50,0.5713772455089821
extA,pythia-2.8b,DMAP_chi2,reddit,0.98,50,0.602874251497006
extA,pythia-2.8b,DMAP_chi2,wikihow,0.98,50,0.5253012048192771
extA,pythia-2.8b,DMAP_chi2,wikipedia,0.98,50,0.5340963855421687
extA,pythia-2.8b,DMAP_chi2,arxiv,1.0,50,0.41988023952095804
extA,pythia-2.8b,DMAP_chi2,outfox,1.0,50,0.7017964071856287
extA,pythia-2.8b,DMAP_chi2,peerread,1.0,50,0.522874251497006
extA,pythia-2.8b,DMAP_chi2,reddit,1.0,50,0.595568862275449
extA,pythia-2.8b,DMAP_chi2,wikihow,1.0,50,0.6508433734939759
extA,pythia-2.8b,DMAP_chi2,wikipedia,1.0,50,0.5937349397590362
extA,pythia-2.8b,DMAP_chi2,arxiv,1.02,50,0.43041916167664673
extA,pythia-2.8b,DMAP_chi2,outfox,1.02,50,0.739880239520958
extA,pythia-2.8b,DMAP_chi2,peerread,1.02,50,0.622994011976048
extA,pythia-2.8b,DMAP_chi2,reddit,1.02,50,0.7234730538922155
extA,pythia-2.8b,DMAP_chi2,wikihow,1.02,50,0.7543373493975903
extA,pythia-2.8b,DMAP_chi2,wikipedia,1.02,50,0.647710843373494
extA,pythia-2.8b,DMAP_chi2,arxiv,1.04,50,0.5661077844311376
extA,pythia-2.8b,DMAP_chi2,outfox,1.04,50,0.8687425149700598
extA,pythia-2.8b,DMAP_chi2,peerread,1.04,50,0.6251497005988024
extA,pythia-2.8b,DMAP_chi2,reddit,1.04,50,0.8176047904191618
extA,pythia-2.8b,DMAP_chi2,wikihow,1.04,50,0.8012048192771085
extA,pythia-2.8b,DMAP_chi2,wikipedia,1.04,50,0.7173493975903614
extA,pythia-2.8b,DMAP_chi2,arxiv,1.1,50,0.7767664670658684
extA,pythia-2.8b,DMAP_chi2,outfox,1.1,50,0.9865868263473054
extA,pythia-2.8b,DMAP_chi2,peerread,1.1,50,0.8723353293413173
extA,pythia-2.8b,DMAP_chi2,reddit,1.1,50,0.9603592814371258
extA,pythia-2.8b,DMAP_chi2,wikihow,1.1,50,0.9786746987951807
extA,pythia-2.8b,DMAP_chi2,wikipedia,1.1,50,0.9486746987951807
