id,group,role,line_number,source,word_count,text_sha256,norm_sha256
0,E,prompt_A,3886,arxiv,252,11ec33882be2c527b7073b191b35f80298fa8b1ad896050370c608e37a465e15,b2e53602d3a57a7fc0e341bf12ea157c19a0a77138a90ebe06d69e6ba57f2a07
1,E,prompt_A,4483,arxiv,232,11f83b43fcbd40bca5bc8524959fa441c8552a297813b30656f1c5978109bc9b,56c1316571718c87bd0210b98b11b17ad1b78f58761639752375c4e17f301d07
2,E,prompt_A,4886,arxiv,162,1b1dd2eece40240ab97e8dda5b10d0a6789f48c5485b3b8ef2c74ad38cc08531,9c661d1039b19f3070b65fac7b82a950bd2f439a885e930ec785748f02a47f04
3,E,prompt_A,5684,arxiv,151,1c0eb591f5146f3968cf3c3bcc1ebbd45d08c6597202ac948881c19cf3c426bd,ad85e7ea3beff7b25ff267cd3d61f0789877893f93b8090923e7848503c0a93e
4,E,prompt_A,4000,arxiv,183,235bcc5b3c146a71be5da523e4a7ac5ee0459260965817c776e892b05d8d0674,dd54369a487c2a2ea72b3105acf17b9fcf86776ac015efef9fc48e3612717afa
5,E,prompt_A,4186,arxiv,169,26c742935e2a17d0ce53debcedb3233b01776c7d56c90ff8fca7316843554ab7,9e648be32eb99303f96ce6092047ff57d88dd2421bf17cbfdc7f2ca3ae52182d
6,E,prompt_A,3139,arxiv,161,294bc6496fed3173a5b6d9eb47243a5c02f0f0e700ec8786c81e3f6755b24b7c,b26eb9be3985a68d9a4947dada8385002cd81cd5725271ae74d483cc7998f077
7,E,prompt_A,3916,arxiv,229,29680c2837e09259999e65d4c00e48c8d96dfdcbccbf9b27b11cf041ee2d1c87,e72141b2c691299c52c9819e9bee38d60b964df698df7e52bd8d5225f5a8e0dc
8,E,prompt_A,5322,arxiv,181,31cdbd03031b162577ea7956322d94428655c7e19f08e2dfac4fd6a08d100a29,8809382caa0bee01f8ce3da5f4e59428465add00c8f6e679a798bdbbbb8622e8
9,E,prompt_A,3612,arxiv,185,35d4616eea55b0a978c3f82f2e519f8192a7538d4e91ed0400969fa4d73f137b,41d5b10a00a7ecbe5b01fee05c760fe215ec17996fe32ea46b383cd9fd321f6c
10,E,prompt_A,4262,arxiv,132,3821582b8fb23ada38d164b819b011f022fec2a4342a9933a69d50282b94b081,f167a47da140002e6ea98036f115de596f4fc8c331ae10af9206ed6830fc29a0
11,E,prompt_A,5299,arxiv,201,40ee292eaf9521e90ecc0972c0ee73e395185b4a732d5bf87e7d091e457b638a,c61c6b0c626d7edc87e266afc771880489988a314a54a2c73f571d8469f69efe
12,E,prompt_A,3501,arxiv,281,42fe7b8001f0bfb17e10b6ce50516be78930501f14d7db6658d5a44a87f3478e,1a71c3ba60fb91ca185e95b9494025deca6b04f85932a717492c62f68d3905b8
13,E,prompt_A,5758,arxiv,145,457090c72395fafe3753147a2ff641353a007edc8e2e4192c441bcd6f1f71441,30b93f6c26b874cdf7b37a461e5dd14f6dc62ad931d9b154df7549cc1fc59bf1
14,E,prompt_A,4993,arxiv,230,467e89699b9866c29474b93a5991f74db9a265194c40001f4e227e770fce35d7,459e7fd5dfe94ca570920d34cdfd8dfd127b03238635d4d8960f028a598c0473
15,E,prompt_A,3525,arxiv,177,46e92d2deafb8faea5cf585f3841f4d674de0e8c6fa054798ef551c65bf66742,69c4091cecd38af913b79d16cf903e2595e371ab0b1d684ec848e07d55c830cc
16,E,prompt_A,4230,arxiv,226,4784c46f47be33634789ee698e50bd301c3a68756b5852af706759c0bb30de09,e6e8b7fd07c06bb299fdc9563f03bba6f07b194e00b868bdaac9c086236f5bbf
17,E,prompt_A,3919,arxiv,174,4edca0f9d68646731efb7dddb2ddba6c47d6dadd841348b41920436489cfda4d,302473ecdacfbea613e5b4362e25e290495c989a20a25c006c69b005377264e2
18,E,prompt_A,5859,arxiv,147,4fbd255fcd1dfe331083b6f44ad4a460c170266688610d37f0f0e29d38970b13,a99f7a8e2c1b44f968b67ade9bb47a982b155dc7a8a065a3f40ee50d7c7e8e77
19,E,prompt_A,5140,arxiv,139,53e9b009780cba99a662adcda651f20b14dc4a6eea2686cd6ce66637abd0ee64,dcf3c389a782c55b42e1f3a9cf5767fe7cdcddc7d39d83cc3a2e19a21ba53aef
20,E,prompt_A,4815,arxiv,170,599555f844999c8d1bd9193000881f88ff089269ebf956b9151188e0be53a774,6a93cd6ccdc4858f66d6a0ddcc4bbfa0c527d78c8af3d07270e391ec3e246e93
21,E,prompt_A,5001,arxiv,187,5bb0b8734ed9c953b24914047f00ac78d383e7417cdf6e957adbf77cfebdc864,94fef99ab412ba85a5328d4cbb8d8540a8327059de13963ce2a8f5aee6ecc791
22,E,prompt_A,4456,arxiv,150,5f8985b61802365a50bf24d8d4058801e1d77afeaaf8744692975e0d464f6877,b02fb973cd2a69f163e2275444f3f9fa86b644bb62d5bb749e98d783f05fdb50
23,E,prompt_A,3709,arxiv,155,6640ad7be02e79ec98f2de7eb9f12517b9e082f5a9e45393e11e4825184eeb60,53f11301c4835e3b7c4dc6d6f41d4baea94d60bf3fcd8cc7bd2ed4bf40dc4d42
24,E,prompt_A,4879,arxiv,211,66a629e4a7dc8367322d7e2d12c4c5cf615390a724596a4f7d5c97ab82560041,235b8a27d2cd194cdeec32482a2826aca3ea13ef90e0ec89c186cae884ac9a7f
25,E,prompt_A,104855,outfox,208,1b2b3922f5408aad3a64efd41a33c0e0447c6f17d4daba8215eb740f6f52e10d,9a606ae38d50f96e7a369db5aa131e6ba10c8fa6fe33e265c4d632e53f084a16
26,E,prompt_A,106773,outfox,241,224e24baff4a6fe789719caeebb304b850dd8164d72b1e8cbc0491d12697195e,76c1bd1e11a80890890afaad373a83a0c41ff9f0fad0ff9f9bcf0eaf6976a4b4
27,E,prompt_A,105621,outfox,250,2e603a92b4991773c5f7e070afed87f9e9c893d1ccb2fa0cb87eca928682a949,6c4d6d22f119a9dce00b9c62f3097544211497e440f53443f7c8a288624fb460
28,E,prompt_A,105169,outfox,244,31307e26d475c3e175c02f9ecea1c5cce527ba0fd11bd32f4b3db5ac2cf13078,ca6c12ff49ba7d21dd3c4845408f25816c01fd948f43d2dcfaabf3984b0786be
29,E,prompt_A,106189,outfox,286,38b58a4bd79271e1e4cad024b1d72b355db6d62fe5d00040d7ca1b92e9db2ad6,874f922478a2b49d6ea228dd0056a3087fdf80638354edff0dfcb1e63db8c96a
30,E,prompt_A,106226,outfox,235,39abbd3937e9986444608327bff8448feb24a81ff0c3a7f99a7168a866d9d446,c86e06fc53daed802fbaf69e047ae23843f1b98edd1eab943023703cf3cda305
31,E,prompt_A,105739,outfox,218,3a11c5d30182e6e89414dea1fb7422745a2e02c8af90cd7efb7b007c782a69ed,13d8adb63d4ea95d85d0edd63424bd8cd3d4a167949599acb463f5c4097b2a00
32,E,prompt_A,105111,outfox,215,41a9705d975ab02e799a5543a99e0e3362561f00a90b62ad9ec221302d88e9f5,6a6ed13a947ac2ce57262d8810c3c3171c1d408658fbd4516cb860401a04a6d8
33,E,prompt_A,105397,outfox,249,41c96115ff793f2339a0eb885232abf1816e9ab8eaf8f69020ce734a673afe1f,d79c2008a5936cfab25fe74409e5f2ac3967d64200057021f576de941e160ebd
34,E,prompt_A,105268,outfox,196,43395f4f3b6e46aa5d08772d710194ade98337813e2cc1c99a62e8747a660e92,9e8883ecfca11feefd32e96dbd9e5fe7717abb29a3299fba11b90a3d1163c8d2
35,E,prompt_A,105855,outfox,282,44411c8334364fdc012252a5d1232083073c9cc46a87d9fce8ca26c9675f0559,5ed8ec23eccc9a989a599637939b2b024ac719ebeca3938337edac554cdbda01
36,E,prompt_A,106306,outfox,263,493c3d42232d8048aa5ddd4213832454ab5ed1f10ee071187682aab6567fcb76,6bd5d2bcd94a74993dadef244446ee535ae0f632fc6c005324e0008be87c42f3
37,E,prompt_A,107097,outfox,233,50eabf9a3fa9c8a0270eff6beac8f5522c8844c30e4540132bb39d59286edc49,8ea79e9334e58780ead909d8e9d94f0fc8aa28f24323d29635996762953a5320
38,E,prompt_A,106751,outfox,249,528d63e55930732843f232389ad1702249d473fd18fb6b452623ba75aaf80026,018821eec996734b4b903bcdffc71237dd389cd9a9b5ff5d67ca34df9c34b050
39,E,prompt_A,105183,outfox,217,53fac73be41edcb6f0e3d62a9a48e8b5af1a77d6a1e599337ec200df2820b8ed,5d031ad4a37a93c5373d66e4b2c0ac7d88d17072e30f5405aa372cdc85389a52
40,E,prompt_A,107430,outfox,222,5853779cd6a84117bb318482e22a9ee43d669cd599e384e9cb451d4420b7c798,74d84edd7769a7e3461468e7631003e9722b0be0452a7f0beef1bc2576a6b0d3
41,E,prompt_A,105597,outfox,203,5e5624bd6d1a12c4e83812f9d6350a154063bce7b91067de6127f72714f66a33,a8ef8974cbcf10e0e9842dae423472d5fe0d91d31eb11c8337d45a0ea08600c2
42,E,prompt_A,106574,outfox,267,6258f410a6ba3b1a2440ccb9d656986c113bbf362e0e61710551d5ff03d1a725,e78594baa186de94b9861c7e78308704b1078335d69abc87caad81f1a16f7fef
43,E,prompt_A,107519,outfox,274,64dd85c44b655608d01f4dd86dad4b8ebb11e92d5f3824792d46566a03f00d85,bdb7b942b94b1ab39622f14033d4497f0ec3795f84fe096ffe003dae81d20c97
44,E,prompt_A,105114,outfox,281,676b554d096f8ab5965f5718b5645e3d60dd09b5d4f2a071ae106b0b23368d3a,d59ea5ef38f810a71ec42edc6970014a72efc1b0a55705bcecd4ba0effc89d04
45,E,prompt_A,107805,outfox,220,6a1a3f5e5a5ad9a1cc0d2ec5fbed8c2aaf01793d9c7c20a49b1b183b22575e23,7bcd7d3bd0b7f71a2f544af7715a0a4d274c7b74d2306a3aba995184b7431cf5
46,E,prompt_A,105851,outfox,280,71de2f2bab226726a17f76058c83619e2d54019b22a5d213241c01c663355ced,1e8a9614d5cb561abf407e0d146977c55c9cced5cc9ba2d4e4f4c746df2a2ef5
47,E,prompt_A,106930,outfox,251,732f0c082e846764211fb4b9291decf39141040af85862fa6be022b5604370ae,31ceefb94f5ad75d44bab24a3f46cb9f7dcdeca7d5ceb37c4c0aa61dd649b780
48,E,prompt_A,105220,outfox,208,75fd67197621cf8c116eafde20fe3d14bfb4380331691eb1ba0ab11c4beb8486,5e2b16c951e02796e29d1fcab3c816fbe605a4af1a187fe49357ba798b38833a
49,E,prompt_A,106492,outfox,231,7dcd8cc2e834b8ca4379af0c2ca750c37b7c0ca1d2336c358082fbcf94282914,825cd634ed5ef551c2086c5a88f5dcd09b3f15b609083139368e62078af23b59
50,E,prompt_A,74588,peerread,241,11a11f3a60fede9f66f9b9f6be272a2e94fa795df7dc1dc1b64935898ac5e6b3,3af95c8ed454347b75c479662fb876281f9aab4e27d9536bfb659a304a7d87db
51,E,prompt_A,73319,peerread,208,1c026ba6ca183317d08b5f4e9636aeddac539164a5c30fc58418780b8c4e4299,10bebc8a40e1af0cfaad4f9a0ac26f5b2654e9107be2d3781330fd12fceee0b1
52,E,prompt_A,75101,peerread,299,29febcf2abe972ec5de9abcb7a5c084eac9e392b53bf31c839c3fd8590bb5d9b,04db14f9230f5ba0b74ec3dc6e6b7ba9ab38279009eebce302ec5e0f282c2142
53,E,prompt_A,73424,peerread,272,36f893a04fcf738d0807ec2a935c37d691540a578d4f3a6e416d48d2f92f8132,d94db998e3da2e0f7ab5dd2d63dd4a1da1ba98a8f36daa0c1f0311fba92612a2
54,E,prompt_A,73430,peerread,254,37f9f23848d1ec59bca99013fe9c1dcbbbc95c0eed2712a51357103a62c0d7e0,b71b00b2e8eef0bde695000a1508871ae2fc7d702b9393656309dead611e25aa
55,E,prompt_A,73685,peerread,188,44e50028c5e83a72e2f6e225108ff330147c48ff34ec6155144e1389524c34ca,b9f1bd4b90ffefcf501b56aaecb93e6e21e841724afb9ac2b2442b010ff9d61e
56,E,prompt_A,74762,peerread,224,54e709c4d63b6514d052e78239426eb3fef61363beb87d8eaee576d8c3608dfa,2be207eaf514cea33a24de9d6b01a77ddd97e4f40f1bf3bed66e15729a558e7b
57,E,prompt_A,73282,peerread,139,5570272da6480b7a2cf9d5abbe537a4f3ef245171ec6731b072fdcce112f0b9e,689671e98153dba908f0bc52dd6f0e306701bc35b8a67c73efc2a66cc38e5c07
58,E,prompt_A,73467,peerread,272,5719aadc6627d909964244ffa2b0abca0ea03c32bfddc0bd02a4bc65808fbbc0,640a2fc040c0c7c8b92de19ea504845608317e2d303d5e6d76367a911ebd65e3
59,E,prompt_A,74392,peerread,175,5d11e8b69adcfa0c094ad7205aec1727121368b83c8c9de6da49ba5fddd1a31d,3795641ad5fac07b6e7b5e80a0289cc784708ca32db91ce32f41d162e4601993
60,E,prompt_A,73410,peerread,167,605c9eaa94ff012a2075363d38b522158b5768a6185b9ae64b4e6852af8334a4,16815524a2bcef2eb4649eb1865bb68c9dce9b9ca609c49ea24844190e6b4b40
61,E,prompt_A,73522,peerread,259,684b3b520a0d39f2d6945bf153ede1cf9332d68c2bdbb7bf804a76470e3eb1c3,cc58a5426043dcf8c04f0c251cb630227c280644e9a4c52ecbb57caa0d47e1f7
62,E,prompt_A,74708,peerread,203,6a6ab88dc4e69281eae716b24e131e12c89322a00b25e758adfe2f66af2071a5,9c83856f52ed093b4536e538ee1a0ef90178b71ef9295a76cc4f52e8fe5f602f
63,E,prompt_A,73740,peerread,143,6d7480d4c8549d8b59a880f90c9426c2556a2eb3f192b00b8714c56989d0c182,8b59c68c50f711857601f8ea701f2261773e488754434a2df88a55b84603decc
64,E,prompt_A,73805,peerread,168,7542568ef64d21d6a085a53ad0a975bc19684a283dc38e433f01b746cc181adb,3cfc4661c4c85c721eafe2b73e1248f6c937511645e215ed9e6c680e5da1c2f5
65,E,prompt_A,74239,peerread,123,7675a76f4b4e83fda775adde4b1e7e28ad5068272e6e782390a8e0a6cfd72d34,ae1999e62acfb6b47d109d0f126a28098b87196c85289e3f765616fd801ad302
66,E,prompt_A,74858,peerread,281,7b819007c389965b02e40b9b3d19c02f9754d0884ecea1a07914b0cbc6844ff3,5ba5e02cfee8b26b48a91c09bd5b4b504ec063f4f8c9b8ed54776ab742b1020f
67,E,prompt_A,73186,peerread,198,7ca3bd6254d2e7268f4f2bb2139906de0261128a7327ffe28490c4b8975068be,029ca74e9251faf2f855031d16c850f99cf4dd40f52e24fb292e502e52f2eb7d
68,E,prompt_A,74466,peerread,216,8858caf7e25ca98f2ae811b1eb1aeedf75a193c7017799951738491444052551,b1d201bee5f61969dd86ec323c6f7628e10688193fab17df8522498980b7d3ae
69,E,prompt_A,74721,peerread,166,88d5ff4f660cba64bbb8261b07e3b72a4598fdf4ca0e339dd4e6f3aecb3dab75,a2236390a0ace0abaca6efaaee7fbcd35c51dc1995ae0b50ed9de7d396a82b66
70,E,prompt_A,74577,peerread,127,88f571b08f6622fa37bc5238f07911c41420acfef5218fa44b194d025839e1cb,a2b0013d2837c2bf750c890111cc19154c2637b193d0d9c3fd36e63da9333979
71,E,prompt_A,75128,peerread,137,90aa807b22f4678f4edde9c12f4a7c65bdd0867c005117de143c0e3efd943d20,4a040df372ea69dbf107ceb862359a096ec108bfbea294032141b54186c26c7d
72,E,prompt_A,74733,peerread,187,9510af41db79e026a9dd5430e5fadeb007ef9adc0838b5c77aa88702a6a0f370,2c6ec66d22e3759116027cec6a05ed09da44eea5ae50c63ce74c2b55a1b3d405
73,E,prompt_A,74501,peerread,205,97c27790f0498e96d4b6563416d0dcb40a63af2265b03e3d4a3861e746cd4ee8,d444eb81f9fd0134452c7eac9c7384d3ae6b4523fe2e45728e9181080acc92b1
74,E,prompt_A,75276,peerread,155,9d0407cf8cc81ed0b732a518701c119e2a9e3ac3ab19765dcb3a56e4017066a7,69f49678902c306645b77b27ea3a14d5235d70599370e25c203808b74f2922f3
75,E,prompt_A,56444,reddit,182,11327dfd2d66e662d634d36832b270ffbd9b7871b47ef3abb185759533afabb2,1292b700fd32e265ddf62690dfe59c55379421657874e560a43c2d1ff26a5a7a
76,E,prompt_A,56487,reddit,222,16e474d4fdb0c4336475be66bae02aeeaaa03507eeda2713d7a9ea6b3efac770,523c3499904274e2804a937f296b52d625a9a3b66278fe12962f90969faeeea5
77,E,prompt_A,58131,reddit,296,16efac07919392d7e023a2b04c5cf562d386a58d82c0bb27127411ea571e2db3,e9456c7fb0485d4eae730bc221e20eebb0c6f9e9858b3cabd2a05f1a16cccd30
78,E,prompt_A,55841,reddit,193,1a56e82f3311a955a5cc55218ac766fbf33ae5e0bbb59dcda641fee678b3a255,e117aa17346784a6584bc51e64c7f874bf30ca5e8e45c388af00ecc960aa6df9
79,E,prompt_A,55584,reddit,263,20625734565816168b9233622c1bb3b95981d93f7f21e469e91738f89a8908e1,fff4c88c445a8b95c8c53dcf5d5d365db020ddd1769467dbb00acd71536448df
80,E,prompt_A,56204,reddit,184,223093ff80542826a7330a8634aac7bd664db3c54f95c36b8d761e1e5816b9fc,9ccdae355085784f36cfa4544c57f7d25f6c61d7d9509a72d9166101dd758328
81,E,prompt_A,56108,reddit,180,2a1b926f438846ba4d4f9eac23913cb785915af010b918ae8e26444c00a9c70b,3257f7be214672c4876eb61fdeca56adceec4e0b48f3c1c5bdd0ca1563c82f8a
82,E,prompt_A,57770,reddit,232,2a6138e573198241d933e9ca9c5f9b60d0d731ec308a804a5bcf63c94e608624,f1dd08312e2b6c02d2408795e6570ac599b7b4570821b35a19bb9b906a8d9dc0
83,E,prompt_A,57599,reddit,257,2a8d5940c05b48f01eb56ecd119319a5eefbb086088cc19f3688ea9a7a373b37,6ac2b577c29279bf5cb5586247d4706c9298e36d99fc9922dfc3c7c510ff1c74
84,E,prompt_A,57959,reddit,245,2c3b332ce8c3d98b3925e462381fba4fe71b01715cb99a355a3dd58696573085,12a1bb378bee898bff221cf3145235350b44d4ff1d114f4e361dde3925003095
85,E,prompt_A,56956,reddit,189,310aae8df13f9494cc3eda6ba8e20b55d3e54399acc2d55c1f53592d53cdd6b0,f9c9e5c18408e77ff79b560856d53372206e962f009b54f59497c594039ac3ee
86,E,prompt_A,58269,reddit,297,337633fa8c4c252240a38f711b51b7313543b83e98d73c3606d9e03dd15dc4f4,a47482fb8ae16be2efcfe60de7184f47cdaa473a771d91f8d72d8b24fa951077
87,E,prompt_A,56845,reddit,283,350b85787375de365b6f05a0245905eb951aad22725781766df3a64d7303aebc,339ead5e58c70ea699d1188aa7cb286a9e0622e17a47539ad466c7946c6a2790
88,E,prompt_A,56892,reddit,200,3556cb0120e969089b14c7256208f7dcdbf9abc06160656dd7b492025f1f70d7,af77915937949c3c80fc14260f3c6fe2a2fe69b1e08feccdbef85acb25480329
89,E,prompt_A,57490,reddit,188,35c12e143d0a008d43b90fb1bf8f72a087c481991d7b974eb265ec63ed9fa8fa,41f19d4fa2a03e5c95c30847fdaea37afa519240eff249848e8322965de53540
90,E,prompt_A,57554,reddit,286,3e97bb9128a4c2c23d5b5c487ac4daa64d853e712b1d446b8bbdb22750344223,07a5adafb6bce73b216ea426e64f721eb090f10b4cf06f2d6370f0d4e2eb7364
91,E,prompt_A,56134,reddit,295,3ffa091b0049eeb0739053b16dc06803f264b273eb319a07c19e9d4471ef10bd,a5f317011bedb6856695917cce7acb0530bbcd21f9412684a59422a7b6bcfcc8
92,E,prompt_A,55895,reddit,283,4d81065367945802c5de752397846a37e53e584164b93499347476e311cbd81b,8a21447efe1778c939c5c81742abba7f094e46ed615e153a62c070eee3255efa
93,E,prompt_A,55379,reddit,213,611398f10d229e92e8984e7723c1ed398c6fbf361cbccfb6f9b92baebb00959f,3d4976715cacf4a50db7c0363598c3e2279d9273d4ca52085e71d408af369a94
94,E,prompt_A,58146,reddit,202,61afdab2704a261837b14905c06aa063c27d4c8fa780ee601def6fcc8de1d6c9,12d04aebb2ddeeacb0d411c4a5e581ce1fc2ebd7cc0c2e731616fbb1b6d98a64
95,E,prompt_A,57503,reddit,244,645c49a29627f0b335eeef5fed5942789db5d8052e2a74b4fc6e7779c2c8051f,d537ecb2d24bdb8533afbfb29cd93e72a5714dff26e47cefdf9dca5bd6199109
96,E,prompt_A,56449,reddit,243,6c99076585823c98f99b03f22ffe05041e7e2e4961c794a70a70b14799d2c04c,142bba733166b06eaa5637ba89fa144bfe1da66ca155c4d170b2a6f4503801ce
97,E,prompt_A,55492,reddit,256,6e80fc72114a475e785a6ef7a0764f5cd08b3703aaa420bc9febce5b10d2caf5,c9d303e0ec482ba9a711eb6dffbe75bdad6fd8c8e47a9cb7130c15bf2b827497
98,E,prompt_A,57852,reddit,229,75781d78af8379d9e479c9343c818a67dd9708e3246275bc6488f3317df19703,fe89b5c1f6133c2b0212f2bad70d1129997d9ea20ad34a21a9491167dd905d7f
99,E,prompt_A,57594,reddit,177,763d9dea9167e13dd1d77714b8cfbe910f867f21ba21472482ac690e314bc5b4,d962465225f09e987f181f30259564ff2e2b9bfac7cf3a2c27355ea8bb0dc6ae
100,E,prompt_A,19322,wikihow,193,151c7459891f0d4e4c5f09015ae9ef5bea0ea6932d06dcdae4fed0319d660817,a919cbce13f10798815eae27519fead909a388f221d2a202678cb2a1286abc53
101,E,prompt_A,19031,wikihow,178,17af143d8527c521f562a460fcd1d4a5175bee7044a53c22fcb58cc2e4576d4c,c7651388d25cbcbed962209938cca52a3f79871515c389b07314b1280aa6ea6f
102,E,prompt_A,19444,wikihow,260,1b5cb9eea3d793358f76df49319c28d994df3438df9362c525f3377186451088,3a7b8f2c2cd8a82b0a9d1babce8afd01c13c9a9b47846ee0f2dc8cebd46d9437
103,E,prompt_A,17405,wikihow,223,1cbaeee9ab063f0f785d87dc2275f0f8b544afdceafd7e249b267d1140989e7f,8ddf34c8b7bf6483a3e228287ac60311435db6bb694184942b1fae463746f9e6
104,E,prompt_A,16893,wikihow,248,1dcde104b29ce5261f78904f239f28237680655336a4a8e7d6ecfd6989f06db3,f65a7402c095f43fe7f8c8e2fadb002a6e513296017fd64e4b96f7b212bc3edc
105,E,prompt_A,18353,wikihow,290,213e146a6578530458d83c24561266786532aeb653c626399a2b2f32bcc066a6,71da854c8055dfc8f4d61711b5876e654d4a94b114bebacb5e25e4e2be330d71
106,E,prompt_A,17153,wikihow,231,284786b82eec72a63cf87430cc3959075211aef08af576feca8449c29a5ed64c,d103ee4dbc0b24e4e018426acfcd567e9e61946eec8a3e026a79e48e57deb8c0
107,E,prompt_A,18717,wikihow,228,299ae1ad0dd14c6581561db69dfe8fb6ddb0c80aabd365318fa3e555472297b8,0065e43f6fce5da24f97739160e9ffc8cff03b4867ce71ce35fe05a6588308b2
108,E,prompt_A,17728,wikihow,223,2b2733f56316dec1d9e6dd9962357cc176376e6ab660cec47f3a1a56daf9f885,58de8e195f33c794191b713f2ae9a05828722765c578e015d8a17bcc4e09def8
109,E,prompt_A,19515,wikihow,217,2d13431cd4c324314d6e5aaba8162b3c7f7bb629c593b8db2ae98301a4ac1d48,178a5723bb283e4684d07307584593b624e2d34d188909b51874a648653341c6
110,E,prompt_A,17674,wikihow,228,2ddac12a88a4734741e53ea4ff3b5cfa7b2203aa8f41349b5ef85e7d82100bf6,39224f7053fd5e865b9116a8acbe38ceee46b75a4af277d050ecf4996ef46140
111,E,prompt_A,17680,wikihow,166,38bffbd2025be91e1d1a284be6d745cc0ca32066fdad89712e474eeb03f961df,dc30d1520c2c3ffa15f43cb65721c96760d213db6f49c3e46783a47bca1a074e
112,E,prompt_A,17329,wikihow,286,3b23bfdaa6065ea6c6a11b112c4f0a6ecce9a9a102e2cc0abea41208fdf2f985,fab588f7071580dd5a4babdce50a3e3bc36785f21f3f1ae73d7bcfc8e35069af
113,E,prompt_A,19262,wikihow,191,3b437304eef6ff580189e81c0340976ada628ed915b08278b7adac33db687308,da932d7145a79f87cedb780995e7c321b29cfb9225725acd7ce5d75e730f5922
114,E,prompt_A,18953,wikihow,222,488b518141712300406e477da0ae2b848f2b6aa5476ef762b124746b5f01ada4,c8146b33a2c8c712607707a3143d661817ff985babdf3fe7e01ee2a843ecf0c8
115,E,prompt_A,17720,wikihow,197,49431336cbec3d87fc238ae83d0031bd7ea9b3166c41679c1b94365945623bde,96ed340e8d0408c5ea678a57c9e0bd34be58d1fcf0a694b173abaa6de24eab00
116,E,prompt_A,16668,wikihow,281,4a8594759c3ff3ed0b44cd7e970270d3faa99bda8bd02c37b7d7fea834f62774,6234cb4da9f2f5609e399a2909ae3aa0a795510400a1a2e2c15c47df8481adc6
117,E,prompt_A,17581,wikihow,248,4d6a32f9bd731d525127279782995436d11848a4838ec9662e2107b37a68cb5d,c1b2d06cdb60c6c934f2a39cb865144c6742482d3e8e8702fa49beb0b28cbe47
118,E,prompt_A,19400,wikihow,221,52698752906b3ce930b8d3ccea8fbbbc478b899210e263f8a2e1f755d8e0270b,0b6feb795934a353ff21ca5e22f677fdf02fae2d99f7c811e4378f78eb601c44
119,E,prompt_A,19432,wikihow,260,565d03320b04f12a1fa0c1a4de9fee424276c90933d1d62d31bfd3469676a80d,aede0568d12d5a0a965b5bf37b60392aa5b5f5b01dcaff56d16373d7dd9106f1
120,E,prompt_A,16816,wikihow,164,5fd3aff53362a7d20c6ef4d22a826ac289f6fafc07544bbe351f8c5aa6c94de7,a4d1ce5efb86597d1c9071491ca8406a76abbd5247ddd348ddd1c33768c92673
121,E,prompt_A,18722,wikihow,194,61c0cbb48f5674163c227eab0f8032135b565fffb4d0002e76ae173a9f4c3dce,fdde6374982d7af88ee1cd6a3a03895f6d15d50410fc61f65d57d2d8b831636e
122,E,prompt_A,18546,wikihow,236,746b15af6acae51c28b6ad4bf1d2d390d972209a7494445bd431a969911859a6,2d1c8e14d9d26775a563ba92ca8fb01bfcb28d1416c4015a32d573f3b8f642a7
123,E,prompt_A,18765,wikihow,289,7b88eb81b01e30991ffc5a0828544f626d155597d305baef51b0cc01d40c80e1,0fe7a4ca14fae569e6292e0bc82cf15d30e1d36304cc2eaac435fa2352f0cfc7
124,E,prompt_A,19086,wikihow,228,7c6dd28e5416c2747f26373529a73b500bc24e3eaf76a05f681de7b749b90ad4,f2be59e4c956d7b31eb81496ec4a0a4a3d2eb8ee100317eb7d68f50d49f02df9
125,E,prompt_A,10241,wikipedia,220,18c19def19ef4837da673303b44f1f52a6da29421051beb4cf305c5388640ea8,3f7c27e39d52068bffb66c196c91a7bc82be1c6c650cbfa57c8a01d4870b38e9
126,E,prompt_A,9028,wikipedia,164,2752faad6d7284776e4fedcd79031d4d6284e468a60100117cf0b101a4b431cb,06155e402cce787efc6633affb8de80157ead10db5c152990d873055555cd1be
127,E,prompt_A,9412,wikipedia,179,2971c7c762b56e02e4b8bdf22825ac0d9615ff3fa44ce7dc024b07eab1c7e063,e5cf064e85bab30f23deae10cee4237604cb5ae28cbc1c09bfa4379e6d33a74f
128,E,prompt_A,8574,wikipedia,153,2f26aac5a05721db4332b9ff402c23a3a7a21b48c4e2d88e25669ae0c0aeb0a7,317078bf6b9edb3bd8e572b290bf1f8fc2a733cd4083ee7d9db37143e3df07d6
129,E,prompt_A,10018,wikipedia,218,34bced5f872003b72a50085c6f6b0e92e6ecf10dac01160d880c037b4540a442,633356111749b3dc926d5b6b93a10a72c03e033069cd91e39c57e55cad8c7931
130,E,prompt_A,10002,wikipedia,226,3519ffe16a6bac2f1304263027e259d5eb60a1d10ec42b361d828c99b94848ee,657b1ea8a15ca8a848f69615897a6d8fa17bb3754587933c9b672307bbbc6c26
131,E,prompt_A,9352,wikipedia,236,3a46b8314c865068606c1eba3c1f1e371605bf427a75f249c547642f1fd27282,7bea6864432b471f7022648bdd7ce75a9c024bc06cb0df2cae4160bfdafbb758
132,E,prompt_A,8840,wikipedia,157,3f4202f2dd5ea5c23fa5ef17ad9ca5963d4397a3ba46a43e6e8adc491e1d9100,490cdc62569ef652b1779e4e1401145326f1b677c40e49d94129eed22b362448
133,E,prompt_A,8866,wikipedia,227,48922f8935d73b87f0ef2326467c612d8fe7a13a4f9aea617be03a7a18632e8b,f4c1823bf5fd42eea92eceaa887359b324253c9328682901c0453812e8237f7e
134,E,prompt_A,10049,wikipedia,144,49fcc81fd40fe94f8ee27a458acb44693d4add2b119e126c3bd60701e6dae244,278f2f352dbd8b4ac4a9a51fa164c0a36451b2af3c18056e62860b0eb1b6e07f
135,E,prompt_A,9059,wikipedia,186,4d83fc451c5d398ec4b3d2df015749215cc642c62d6f2013c360275a507aade5,b661e16141c0ec7a478ed6785e9ff529ecaa6d2b2cac84ae0c90c61f78cfe634
136,E,prompt_A,9366,wikipedia,195,52230f44f750b197522edd9c89695f19419ea3e7f1244e1fe59a81a8c5aa4bed,ddd3c4bdbbf9f1b0b7607fdf683924dfc73521fa7814d92669016de81cb1c671
137,E,prompt_A,8824,wikipedia,257,53a081bbd2c057148514a446a045beedf6e8fbe844039c40f6c7e75f78dbf153,25d6a8b8298af9013a26212b1adc02357a716559260ca58f8ddb8df15703801b
138,E,prompt_A,8755,wikipedia,163,557bf4393eb9f329b8c56a92f37660de3c4e787ad986aa9d9fe658aaa87c8d9b,1f99369a0bf6868f90dd1c3f7cdcab4f63fccd6f5e11c4e9173a9fc3c3a399f1
139,E,prompt_A,10571,wikipedia,181,62a9460952816181cf6532c0b67190902e71c4e65462002240c53390f5307410,7bee88e838c6de1db4c2deffd23dc51193c99d7d472db749ed0cfc30c90d643e
140,E,prompt_A,9807,wikipedia,163,682d8aaecdb23d1b5e4670ea00e2026feae76037e706ad54a06bdef2b6b9ef07,42dba665a59fae9b36993ecf1e844740b5cefd836767d9291e09d97fb361f7c7
141,E,prompt_A,10223,wikipedia,130,70487155bfe1f058f2bbda2e0878c3c4bd760a48da5e4fe1662d03a53917f1aa,e99ea2f282f5f782f48935b70e1ffd95ee8bdb758cede0df97f65976f8de1b01
142,E,prompt_A,10306,wikipedia,159,74e22c0bdf9e512d5f55f36c060379b011c1b26bc54b9db11f95d2a45ecc27a0,5acf6fbff528cd83646bc2a00d9956a8fd71bea2274b9bfaca4455d33b1fa706
143,E,prompt_A,9721,wikipedia,281,78c60c06ce4554969e51a6f48549aaf036ea251e7140bf01bcdc43df9322aeb3,22f0044fdd4c0282a338504969c6e578eac575fe8f8c9306d6c1f2ef2b5212e4
144,E,prompt_A,10003,wikipedia,206,7d200b4b53e01ef72f77e6f76f36b9b0b1b6d4e40ec4b8cb388deb97747a8845,69a1943abec29eb4f082a35c281a4fa0273acc4d058d73c0364dbb0d5f34b860
145,E,prompt_A,9936,wikipedia,252,819dbe5b1c08535e133a5cfb49dc001c4e3d6ee1450e5943991b8d2b92f269ef,b347d8158b0e5907881b3eaf245b0a68225aa889ad17630bca4facce02dcede7
146,E,prompt_A,10347,wikipedia,139,820195f3d169f8165285c39732a006e7970a4a5b439261d05e601492288b74c5,352069f298ada1e873433b75b8c6f4aec6a3a68a3c58b6562297ea9ac43fbfd9
147,E,prompt_A,8408,wikipedia,200,831735fb36fd2a3d07f176621dd421054554be11cb35a467242e6fd5055d9fc0,4f3137d5f87466039732dcf9b6fd96163a9fab76e854dabd0bee03a03444748b
148,E,prompt_A,9290,wikipedia,204,83b1f914cfb4d91dc17fb78de49fb4bf81e0795b0bbf7a81817bdcca710f8ce2,b30e1b4143be7504d87843c1f6f63bbcd9e096d64e65b515ca2608a7cc606e33
149,E,prompt_A,9027,wikipedia,163,847b4f17b9316a47b6e51ed685056622ca77ba1f626dd25b016d089314416b26,27e9e84de4e3addb6e46aff75e6f4e7efb7939e92e002ea712d3d6dc74448bcb
150,E,prompt_B,4786,arxiv,169,6a5afed72edb3509a6033b35a5e0c557b21add37ba4bc562edc6dc37a7f0f9c2,34732606f4889ba2cb38d9353ab2533a1a5183b2e1407e66ed3b924d17d6ba5f
151,E,prompt_B,5063,arxiv,174,6d2d26e23ec24f77ac592e7bdf531615760692e4f51ebf8d33424cf6ef86c732,3b6a1ba7ded53a8da80a95d0e6a6ee42a8052607ffd67cc3d33571493ea45ecb
152,E,prompt_B,4712,arxiv,155,75a552347b0a6a5d81d6dbc3815c759c33ece9e87e9e12bc79de02e887074c17,9f61a21440e8e2cd6b6b12a70b20e508752ab7a486cd77ec214efb4f1cbd80dc
153,E,prompt_B,3405,arxiv,185,7c0684fce106970ee898857496497502c154fadca1476f2c3b776eb911732bf1,edf5e5f9654c3eacd1235c2dfe61b37b483d44e00c541dee75ac9337f857f75a
154,E,prompt_B,3635,arxiv,170,892258a763f8d7008eb6eb428877773508044b7618f42ce36a0884a9066e9908,a720ad2c86b046d80d77809e3c06e051a75dddb78828d1d63da93f2fa5a131c8
155,E,prompt_B,4349,arxiv,202,89d81a2b554881ed6961d50713fb8bb6d6daee736bed915b4ad7b850e1a68fbf,9b678770af6806308a0c1e7bcdc335c963e74c2feb3d01ee2354337a18cf3c7a
156,E,prompt_B,4739,arxiv,234,95468f528ef47e400b9996023e351618372d42d770892e489171059fbe88661a,f917074b4fbd88ee6dca05082b90b53754c05c18399193359ab014709f425c6d
157,E,prompt_B,5415,arxiv,161,a1fcee8abdbb498c4b94acee82eb8f097cae73f871467dac58d15e389406b45e,868347a58cb3919881feaddbe8cb128d0c99759f70a2a59dc3b6a10073f45f22
158,E,prompt_B,3413,arxiv,231,a4a5d43318fc90cdca7d655458e9fe72819dfa3816a75207d69f6b219994f547,cd7db9cf2b362a6fea94fde8679fac916a0e7d2a3bc6e383b1419037aec83687
159,E,prompt_B,4881,arxiv,144,a894d2bd198a3f352f15c7784271b0fb59adfdcb839be1c3d4f04743e6f8e768,77bf41850b6d3d2e191ab5dbd3d69e271e06c18ccba4c1d83c0adb141e91c673
160,E,prompt_B,4708,arxiv,220,a8ad5c8664309f9c474fc0666b6b2882ded333cd8ab6336f76894f24f20cd73c,e89ae84cd98f05f0281042d6daba8e7f8c8ebb96d42002c09775b41e083ccaf1
161,E,prompt_B,4322,arxiv,177,b206e4478651d7f9261ba3d6403b8ffe998d4bf830552d60cfb4ae3006d7285f,977cecfb82bb850c9441fbdfe7b466973d70b0a4288015013b24c3fe0da86885
162,E,prompt_B,4747,arxiv,144,b3388c5175093318c8e39b68ea7a97d9e17a43bb08b37b7bd4e4be255671899e,105037965d9cb50ecd670c4a1d8afc2988383816f993409db1549b27c8ff409d
163,E,prompt_B,3109,arxiv,145,b3aecaf3c364e3edfebde4b668f62c06660d13c75be47f8168fb63d771b194c2,2d893f337d65164c9d685db99ab0c4f0ef774ff4ef5da78f23ac86ea38c533e0
164,E,prompt_B,5735,arxiv,163,b5db27dbac5696fa7f519a013ca8eed97815a16a61b9ed1e3ab43436f93308db,3edc132893cb8666f4d8ebf2996d036dd9494a1e36bbc8b28310cdfe9d0ba0c3
165,E,prompt_B,4830,arxiv,220,b811b59b07e6c2a922253499bb6e84c1c3b0a32f4e1ba545a644c73091e9df7a,fe8ff69b89c6da58a9a69b2be05851a810d8a6162d76275dcfa7332632bce074
166,E,prompt_B,3200,arxiv,200,be03828bb6c305b67f8a54d4cda31c003bc8f8ec77343ed46c3c7c37e4a8ff91,5926d18d3004d4baf6e72e21ab14849460eee1e0d0f7921f82c72d9f8cb0e88d
167,E,prompt_B,5439,arxiv,215,c17cb55f91ec67c9e98f72f4dd49beadfe3e2ceeb28ad966e12e7ae2950cf35b,19b989a886be5b74770183ecf0f74c6b59292574b4e9d00965bb637d1266bea0
168,E,prompt_B,5765,arxiv,221,d28fc1e40fab08683322f72e84217d59a0972f233c5f1994a82b701ff3689986,ee82c26186c8060195f12428b55f332c9e8e6b44c5069b7b36386daa4f905c01
169,E,prompt_B,4577,arxiv,150,d36dc75f201c5e345b667f1423b932349a074b78b5566137a8b2e20eca6ede7d,d9622897b97d234ebae306065b1c5c59535fff3bef4af74c473b90c4c5fb815e
170,E,prompt_B,4560,arxiv,157,d9b0e03ccb232816f1253098cabe5ca19eb1079458bec718ef1d47440993c49a,6d380409b51f24db17ada301a07d208bb1b4309b585de01966d124fbc79fdd97
171,E,prompt_B,3927,arxiv,209,e848a2a1e367ea6701e3d3401c5db83475c9def6b35350c4dbb46088fcf09603,067ee2c5c59ff22c75b9f0b793d59413048d694c01968af94a9a158d799400cc
172,E,prompt_B,5641,arxiv,264,e8dba0cf80aeca3125efb24b54927229651bbc4944dd7453dea739365693536f,e23438c2d4882f40c64cd493d59d0ef1f2fe4d9225cd8800c81894510443324b
173,E,prompt_B,5068,arxiv,140,f516507e24c5d8b9ac0b89f5879bedc3d4bf1ace6ce217cce4b395a380fa7f0f,18d16bca55f62fc4af09c4aa97a70e17fcb59eebc62427b19a13b1407338f7cf
174,E,prompt_B,5169,arxiv,202,fd361abc99153d1544300cbf18e50a82b793adc3c6492998930ab74a33b2f247,2f503f413ee345fd9e47891474653ea66209fb0c71c9ae8e26546008e0103f09
175,E,prompt_B,105716,outfox,289,7f824e01ca6ecf8da6134529299e0e8d364336f6bf1ebf45668ab9de037de647,56759fe908584eaa5f64f9794b1622adb6b69c69ba1da034051f72ce5577c8a3
176,E,prompt_B,105985,outfox,279,8a45907e1bf4df16367e2062026bdc292932f03f36de8d092162b90e1bfde942,73dc38116ae0edefb096dba0e87f302b38c67fb176db43e61a381dc812fcd1a7
177,E,prompt_B,105881,outfox,281,8ff15b3ed810de626300299f8f44cf2df8bb1e8cff000a6dcfcf4aa1ef3c40e9,a2b3679bc222fbf7d04e9f4406308e056a6e6de81b4063f2e42e3d083c0dc9d4
178,E,prompt_B,107181,outfox,187,9344896dce708e218d6021b6bc28212934680a3c6361169f7449ed908789f147,f3547f8c1d880872ba1dffee75bb5ae77f8b216956fa404ec70f4a000da512ce
179,E,prompt_B,107728,outfox,285,9e2fda377fb922be069b9d432d0c8f6fcb9ad3049836cfff12462912af486661,cab5d55f3e3a5b59bf66fdac42c1f9a4bb18c7ce36dd63985e10643bf73025d3
180,E,prompt_B,107185,outfox,284,9e352792250d0118c558c9e5bc0b8593d5e65097160ae8b02cba9e0a93a6e194,58cb00a913324813e9af06900dc12b2a0295f89362077603056e2ee279734393
181,E,prompt_B,107019,outfox,267,b2a2e215fe23bc9c9f7218d1a7872f56c1d2ff60f882ea993a3bf996aae14e50,8b34a8c3a512107c855c2c1657d6abdf3ea2c7144e02f637f2ade0eaa3e48440
182,E,prompt_B,106570,outfox,183,b3ef23fa181d66748e81d82ef405c8a5fbccf2f4b4e53894292fc7ac8e00d97d,48b870b7386b7e47b5d47367b3ea012b85ccbae0d9e41b7d622b67119a30b013
183,E,prompt_B,105019,outfox,204,b4ed768884408a6f25a25a4222c5fcf8477a392fd9cf21069d6b924f9b2f0b7d,0c23f5fbff38dc9c6783111fc5adf470c414c7a6fdddd82c91529a7a3bfd23f9
184,E,prompt_B,105514,outfox,233,b6a8f754ac914ebc088d09624f0fdcab854e10ba3ad0ce29fce4106f6926ee8e,d9a1525ce6482ea8796b4e7488dc14b6e0503710f02634b7f1e93d522a1a3564
185,E,prompt_B,106190,outfox,189,b73af354e2deaa0c335a6279014cc4b4a1a66aec62ab7c79112dee6d866db2f2,e97295162e428cd8bea193cf55ac0251d12b32c9f80450a2612bcd85ff4998bd
186,E,prompt_B,107327,outfox,289,bec36f66437164bded8adacd3c66b81f746fa2cb996cf22c7a0887dec5993307,966c25dec75b7b17552b39e66b337c1f8f378c6389ba413286fa593130bf43a2
187,E,prompt_B,105657,outfox,230,c3529726b8f58f179969147a9d703287827f5ac73c89986311952f772cb68edf,9fba5872130f23a44fce48674b880728ea2c76aae4003df7bd2c70e054b14d8f
188,E,prompt_B,106050,outfox,214,cafcf077567ad86408fb49b314cea6646a544c8a894a5fbb8b5ca71c2866126e,9a80159e847692cbc12cdea9023837aea34f9bdcf0b41d97dda764394d629b53
189,E,prompt_B,106499,outfox,232,d11affe50b6fadfaada8a174c9f2d9c90b38e2bedcaae7aecff0f28873116e27,ba847adcdfc3169fc656b04f5d34c489985a763635205c87ce2b2bd3410538e2
190,E,prompt_B,104918,outfox,232,dea656533cce9ff4410f999ae4c83d60e3fc4dd7b99e3c300e5c9b8b4460e57f,3ae3f9466b22c0debc6a08a4ae6eeb77bd823949b668d906c52db0d646e19265
191,E,prompt_B,107338,outfox,213,e46c8c1b0345c25711db36297755290322a661266dd8958ad537c5b0bcfb0bf4,ede1be7daaf65493c60b8706de276dbd7f69428d95ea1a08eaa47a3371efabe6
192,E,prompt_B,107620,outfox,237,f0465ea9296a9279416e92f74d96f520e37917efef92d74b4c1e64970af81bc0,fe1045cd853cdedc08057636382fa178b7a765685cd68961f8eee98d281b117c
193,E,prompt_B,106467,outfox,221,f14e66d9e157641872b9b256eb816f2b849872cc5781438afe2bdd539f60f457,ba0fc5ba61a75a27786dd59ef795a534749d9135186b0ba5c45e41a093e00afc
194,E,prompt_B,105543,outfox,278,f2e6d5399384890774748330f5f0e9da7e4b1d0fec2d0b04c01bd31d37e5d536,f3fb28a63883c41c66b97d743d01579f19bf950b85cea750cb565e3819d4f101
195,E,prompt_B,107788,outfox,268,f3ceca956e581615e5f659a9044ed97fc0ab96ba005fb7d836129f983d6514a4,f852ff03dcf71ead909bfee1a507375d16b278e6cbf7d6a05b9f2e7196ce60e2
196,E,prompt_B,106025,outfox,255,f52218d7dcf5fec40161e452566e877d6501e7b82abb791728a322777f20ea97,17dec2b39c9a8961edc5ab96ef95db107c8770f41636be5883e03b25100d863b
197,E,prompt_B,106788,outfox,280,f866a7246110d3cba547827f82be86e600ac285d6983ff57f86c951baac89018,213e963acdc6692147d2c238e2daa25c173db790427a2584b9c7aa53640ef4f6
198,E,prompt_B,106982,outfox,192,fb5bcdacc73510751d8f8100b74005c0bcca84818d1347b225b78849f5367cda,920b2a5a71baa298814c5d1ca7073bce7304bc6edc944c8013c7961b981ac6b5
199,E,prompt_B,105451,outfox,249,fce6f06ebb5b4c62ed5601778d9c6f85810990946d923710ca39c8c7c7632491,1dbdaa1edae7700d7f4a246409f83d26241cb0c20fbd3ed10d8d76d72818a252
200,E,prompt_B,73458,peerread,181,a1f4a31841cfd33b14c1cc9b57b17f35e4fee507c0b7934fe5bd10026523678d,fd2a8c80ab1785e7bb7fae3401f913f6051dcf3ba267091901b64c7073716129
201,E,prompt_B,75286,peerread,135,a718d39a1ea1addcacaf319575bea703b673c4eb5c70e84e5117a0e81039a77c,503945529b208cd36b3e252e00457c0936a39b704616c57b1d8cb14f198a3e81
202,E,prompt_B,73026,peerread,248,a746e08b7d39bb71f5b135dab038ac05c817235f4c3dc011a531a7892e78e9d5,e31fa0dc61a4a37cd8ec07c9aafb5645cdadac409adee9778dd1e83f7e78a15e
203,E,prompt_B,73793,peerread,296,affa1aa11fb5af20fd2345414dc2385f519b5a01ee378077e2e4e970d9b07681,bab32804ced91fbb888d63e6992764a610fbf9b2709abccfc73d17fe9398e4a0
204,E,prompt_B,75332,peerread,237,b28209c2cdd112096358c4517f30a604e67e5a28fca267d8b615db33c8ae1a6c,97bf55fcba50ce53ab489d1018d597a5ffcbd8edafec41d05f991602995a09d2
205,E,prompt_B,75650,peerread,135,b558bcea12f8adb2d78d6572e7ba8c8ce1dbddf67fd6a8c107473386b4a9e824,7383f2c7406cd3caf86239b8ff72387dbd94a413c096348e2d8bf362ab3b771a
206,E,prompt_B,73141,peerread,214,c3fe3ae60f5cc70ae138707fb4ccd34eeb1b05505b786d3755731852d769dbb2,3b96348e61ab13b738ca9996a2ea1c9243c0298959c449087761cb4814035c35
207,E,prompt_B,73025,peerread,208,c51f72e92b1463c067b30d84a462c4240005975ea57774361bc620f431a6b52b,5cec36d66dbc8e8437e58ae2b9e9fcde483afb9f8864c1729a5e71f6b778e764
208,E,prompt_B,73400,peerread,285,ca0c45fc6efb0950a115e0b5fc2371496de642fbc614fdf2513779b029706aa1,17eb59ef442cdc177fab79d30ea8fa446b1ffc1f4e3a0e3dc22b1af6682e9f68
209,E,prompt_B,74915,peerread,260,cb769b52e7f225ebb2b7b57e74de4191c93a77dbc2c3c6344cb98d9bc7d4f88e,9a8854a5a06b72c971f4fee81dcc13022ea513659ed068b030152037f4b893ee
210,E,prompt_B,73617,peerread,237,ce860e4d4f42de133e067ba15ba9ac053f8032288faa440dca2dcae99cb91ad5,0a8a6d44b13fba7baed1210d9dffd4aac7aa3e6bc052ee306f217028cd7ae3e2
211,E,prompt_B,75533,peerread,156,d8b7e47809b4658368d20ba91c8bf71e1a9e8398781e478da52cc9a78e5a4292,83aac65f7241eb5c07939263bde1e69275ebfc2246fbdf5a03bc628ec80ef575
212,E,prompt_B,74705,peerread,278,d9d1c1e71df042bd988bda8e890a15b9343b7f455dbf89d95bab3ce9e87e2651,5265d5d9915103f921f589cc62a9fd8df340f30023912dc7b1a99320451d37fc
213,E,prompt_B,73004,peerread,166,dd84039821fc13d458b6e94f169122a1bd6379a800dacec0302dd855dcba4544,25aff3e60d90d3f35d955ae9bc223639a287aec133b64b1cee70bee3154d20ba
214,E,prompt_B,73874,peerread,259,de72594b40cb2f96434e908ed6b763fc6ab18adae7fb913d3b8efd3a4ae1da69,8b5d73468624ac1571b2d66a77e78b33a75bc577176a34b1db6942a8aa7dd416
215,E,prompt_B,75662,peerread,260,df2060d0b48a613ce8feeb1f03098dcbc96dad480f0a7c0f4bb1206947257922,66c3c2ff28a881b98282a7fc0a2ef8a0e7d9d77a680f5ed58623c52830a05f54
216,E,prompt_B,75689,peerread,187,e59addf1de1d37ea18c9a2520be9824e6a0cd29270a62cca2db9e69bacc2163c,5f71247b24ff513067cad86c58515a09fd276f287362edb94c9e0b445c05b615
217,E,prompt_B,73345,peerread,205,eb690205c729aff3860208d60e2d802ee28d2c5c1cc88f6b0adbe86394cfc085,82f941bc14d95c3d7d94467e6fb9b2afb8354037d303a84fd7ff6765b42b5b8d
218,E,prompt_B,75592,peerread,277,eb6dc3fd0d04d9f776f7395611f63d1ba2fd0c6c090bb32e3311cf0ab47afb4f,225c28b86dcbe30fac9eccf570cea81a72af5e7833e7421da8b9ccbc38c15abf
219,E,prompt_B,74278,peerread,272,ecb2b5a8a5c67876158a1dbb08ef59c3a75f1c35e5645862bcb2aa9f950299c6,d195f6375ba63f0c5254e90d2f6c5ba52147ff4f4ab5c9a9a020579e2802e503
220,E,prompt_B,74780,peerread,236,f687e9a7894f1d1774978dd3f3bc834b785859569272349f51fe71cf6838cf7a,64712b60089da9349c336c2f87d4b9ead629cc59cabdd2a36d8a73a68cdbcb82
221,E,prompt_B,74022,peerread,231,f9db96869236e514b02a4642e08e8a4f0873143dd981abdf0d5d134d5dde4c94,84dd61779d080b55855a6b80cda9f58d6e9d28ea8ac421d3f3981e4e7002a844
222,E,prompt_B,73477,peerread,215,fa8edcfae2059a1b1668077833293c7398aece194c045264caf80b24af80e77c,1380ae15719ab1e825e344da485fe511bc65f6f6fb899807b6a9ca0eb0a2193e
223,E,prompt_B,74917,peerread,232,fcc74b7ba4928a0d1b98aa141f64e455ba0a2de1606290431bdc8da8c886f09a,ea8872a3ad242693d8d71c88b16e6fe0e5a7cbbb29527fb9ce501d4fffa657e9
224,E,prompt_B,73500,peerread,231,fef4fd838224ebe51e2ec24b4252caab5481cb6ffc21a85e81eb7c17701323be,d720b15699d970c54dce446f44fd61aa67ecb05f78475a98adf10265b774f303
225,E,prompt_B,57308,reddit,275,77b7b9b48e305f0af709aecac8ff13daa3f7933ca405df12ef5226733dc2a8ab,6f55afcfaa4ef1698b9d0513ad29e20b4708e405943f7e32769cfb5534f8d434
226,E,prompt_B,57117,reddit,239,7a28a4d02f20bf4dd7d7e9ca2d11d21da7840c1db5eac7c3b020f1ee6b8731a5,1139502180ed7dea53e2e9ffc67ebc9faabedbe664fe53d1d39f900f83220a45
227,E,prompt_B,56402,reddit,176,9b63832813a20fa4cebc6826bf87a63d2c5c1bd90090266d95d34b0e497b1e25,00a0dbcb864fff85e7e0f2db8f5c54483c22ca1cbf04d51b3144255fbc73ce49
228,E,prompt_B,56234,reddit,193,9c343d15afae57021c653cd16301bdd0ca6b1331a4ad7a417757bffb011004d5,312d98a9424c1e028cd35e710ff566ee1be86a4cbae6f7b1495e8840ebed6b1f
229,E,prompt_B,56425,reddit,181,a3fb5c7ee7ca0f16d30dc635776dab554fa40885113d09cd1bf1273eb4ff0386,5ca7bd9d831fe81456b20825c110c92a90ecdd4fd4f9a7bfb7df32a1313e7cea
230,E,prompt_B,56520,reddit,230,b2aaf5f060ecfbf953af3cc8585de8516e9130083ef7758aef7b6f87e20865a2,c364ee27e43d2ed5b6d1e01afc1516073a098e021bdade6b46cd29e49056e320
231,E,prompt_B,57215,reddit,260,b2b6f4f9d04f9e1880f1b966038d58390472ac65923eee6f2c37bb004975c122,ede3ebb19aa7134841a969512d01c00430a54fefbf55a5e798f418c4beecd199
232,E,prompt_B,58066,reddit,208,b99c170f23f0eb4c08db8d3edb3b0b5da6db11a610b4d44c75124ae7ac9176a6,f3eb6053bb6994f02f0b59ac8d02445883de1544de100eca78af083ee257a196
233,E,prompt_B,57369,reddit,298,c033e74908def3b7033f1a94250c3015dfe18b379b9317517ca4035692b407d3,e4735873a92fcb7a4f91e6bf0ace0af72b2c019fe013ea2b7c95b722fc0a7cc5
234,E,prompt_B,56559,reddit,186,c6335b50d9bbb91610a8e539c9527e51415895cf50cc8b9d4f086d38d8d9dc2a,406f0b6f5411d93742e77fb4efcc066235aec7a239b135b6840884175d893857
235,E,prompt_B,57203,reddit,258,cbb9c8e7f9b1daf4523fdf6271e735fa9a13db80a88271a79deaa2e5bd19d77f,3853b88965bfecaf929333784a1ffd6a8fac76a381fd9818356cc7d1a95548ef
236,E,prompt_B,57080,reddit,245,d7b1bc6d897f7788934a831aecc32c6c781cc47343dfb0b845e820e948b28a8d,d86d8abe376d2c9fca08312ee6be1aef94c101e86216f3d812e7f4d10d3d69f5
237,E,prompt_B,55600,reddit,228,db1cad7ab4c85a4b517b250b71e0fe61ecad7f341292c11db02cd6809530818f,f80a52ff686866c953b0ccac96646fccb4d86adfb3cc7b9237444474f0683c1e
238,E,prompt_B,56163,reddit,174,dfc456017eb3eeb6a523be47c4d56e98c6601f4a563b5effe413ebad63ca4a5f,c2f5586fe3044ec74000080f6e0912b86f92ed4b8febbd02dffafcf747af300e
239,E,prompt_B,57864,reddit,258,e1785b1a94e6b35986bc7fb6bf1bfdda7f50cefdcfab71165c6c758b68ace7df,975e7d6916420d392fea7b21c34caa64d78ce7b48cb7b9dfa0db4f2f4edbd83e
240,E,prompt_B,55452,reddit,289,e3c0fb7f33cb19c739a385d612dfe2aa582df9c096ee0f3362f771303ce20a7e,d89a01da54a44994269fea73f008c09a27f2c48367545ff8c58a782b53012959
241,E,prompt_B,55722,reddit,228,ec98a6652eeff100afbcf10cd5362f222b86ab3034e1e56a7ae4d9fcd885311e,8011b8d5325afa2cf1d44971cd9f698ea3ef9681278ec64d0e6553b8c33bffd8
242,E,prompt_B,58364,reddit,270,ed5f54cae2787bd91f1074b8b1ac0b532676e62235a7404a240d04fbf7d69a8c,44cdd2d720e02f764bbc2a308224cea649937b5ff581090fe39477e519988cee
243,E,prompt_B,56650,reddit,237,ed724e0ddf096e07f19d0ad5d1ec1f62cd81c74050e46881a83c27773ae1a2c1,d4d7805d968d60c1246cba334593bcd5c958acd322bb7622688f1a8bac7b3928
244,E,prompt_B,55937,reddit,295,ee9eb457613c053e4c1fa535d48a8ed6428b6b5cce1243a56369af7fb82a62c2,ee4eaf9ecd07a11bf6ca905b31d8e677b9cf1d7632a61bb93dc0f0fe42eba617
245,E,prompt_B,57150,reddit,262,f2ca8890c3ca19b89160e7d91f20a055469156bc8caad9b82f46bed49649fda5,eeeea1cf9669a8367a0b38d46b4d94b5297ba92e3421c4482ab2ed29153ef168
246,E,prompt_B,57326,reddit,290,f4425c1c88a5a03af967d2e108bac3a4992bea5a37ad8925d36da6f37be98f6f,4725a5bc76e38b314cf511c0fa09f4866f1b881f030bf3a009c342ce9649f33a
247,E,prompt_B,56306,reddit,222,f621ac2f0d5ad4e6c94df843bd3e98b36d84b74129f9544f5ac9f155991cf3f5,be354607e4a4433e41ecaad055fdd2b6d76547ddc803984d737a4a16e5b5c9cd
248,E,prompt_B,56128,reddit,272,f813dc367431f4a0ac8fc9acfba58a9246dd268e3cf407b523a2e0700af77610,9ab72daa8858fa4df54f20bb333c35bf1e35d6493e1bdc729038b3192df4b345
249,E,prompt_B,56328,reddit,285,fcfba4df7e5ba71c36536956e317431e24a873d7d038e9a08832b61f90b775fd,dd51acce70700194fb575100e50b038217c75bad7eef96511bc733091f3b953f
250,E,prompt_B,17299,wikihow,179,7d43c3c7dcff11e180485445641f807a9b2f046bf84d5e7f214a23c8c3f334f3,f4750ae772e63a76d081bb94c2251c033acc8ad55b44804d0507645234fa40cd
251,E,prompt_B,17700,wikihow,262,882b9f29cfc798316aeda4688bad3179dd556c5bde03e00f06fc754dd829cc55,8abd414f26a189da600741f150d897d14c409b6c0f52bbaf7bf3d72140746828
252,E,prompt_B,16926,wikihow,223,8ef639d2217935c0a0847fd1d604b89ed28d5bda4c1d343d66933d7c95af321b,0a190ccef6bb6aad3ecfbc8f33bc9a5e10dc6735ffdbd7bad6873e1a2179bc33
253,E,prompt_B,17991,wikihow,191,9180b12d7c2e06719a4314c5ec9a8f3765555eb0b12da0efd6a2f5e727cfc2f0,e63246a4ef7fa7a1575d912e17a3636d90eac55e76d8d51640e70abf9a4135b8
254,E,prompt_B,16951,wikihow,295,93db30faca5606add6201f89f834a4e9ef89089f598dba70796866d3217158d6,8f32369a538caa878851387ce752aa13a01c83feb7de4b2bfaecb983872da384
255,E,prompt_B,17852,wikihow,262,96d1b40dd1a92e126d7db087f2b013e73497a156db3676e6066d84c168090100,23331052569ca622cb82592f9b0db562cdbcc7e1cfa833fb38b4327b8367180d
256,E,prompt_B,18183,wikihow,201,9a67b721e1b8eddb23f399687768a4a7d86bdf1d69ef23d0d5dd2eb37204f8f3,50a2263c27cb84977d9f8a8f6bb0f3ef29f482fddb3e6c2431b0006cbe3c7400
257,E,prompt_B,18381,wikihow,253,9c6190e7bc92ebbe605796bfb26d26676e0df693ca85cbafcf044d0f7cabbe87,a1f05498de495e737f502fc9a4d703093c8d33a32072e8cb8a79b4b14bba5074
258,E,prompt_B,18716,wikihow,193,a76dc8b028bd6c57d189e98979740c4292ccb96518bc78b236b3a6bd98ebf9ee,1a78eab707bae53725b37546997db38ddc59bd0bfe3b27f96218c359045cb656
259,E,prompt_B,18965,wikihow,240,ab57b2a153975dab98e43b2b0a9b4bc941486291462bdfec7fde407152e37c46,81020f2dfe0ab6f5e657a31ae418c2a40c53955b82c9c6621ac69c866779a670
260,E,prompt_B,19466,wikihow,233,b926596ed477adff2c74bcf401371cfc082e516a5a0dca8a9a88443946625d03,10b0deee8de37fa60f74b4bcd9a65cec984700839ab2f13ebc8cb6647a6fa386
261,E,prompt_B,17030,wikihow,279,bcc20647550e3359eacc2f368eb12e0863a31806f7356a52c2c43a3a03c0a8cf,5ddd0a3c9e97d3a68039f3c942a33d9fcb57b88e1e47071f53236d189de29b2b
262,E,prompt_B,18542,wikihow,243,c180d9ca296f8244093d2ef44fb835d929d2e0f921f98527c5563d6131984a4c,536075da82d7172fcd36c9daac46898db31297c01ab367cf50fba024916d4633
263,E,prompt_B,18649,wikihow,268,c1a040890e4a694082de74eb9d85745fa192e67af3bc6ee10085f91401042f88,d72d47e046cea80287ae72efca559ca51a11f71d6a8c661bf5ec6654a8f99e2c
264,E,prompt_B,18731,wikihow,248,c5c1d7f60c483ce6d21aff28880bc2293f7f6f9f943635c7508a6bff645c37a9,8e33ad23bf3855eff15a693b8a00066c1b6390044a78991b2da567ec618bc82c
265,E,prompt_B,19513,wikihow,196,c88c8aae2c361eadb6864b4a328f4b661d5a284387feea978d5a2181f7d33254,ef8bbff4256cd2028b246a76e8e84de5f0967d0f5db40f41209856ae8b5a1eaf
266,E,prompt_B,16715,wikihow,290,c9e42b8488ce9be40db2cf889425a2ae4f49799afd400ddb7784bda6c6b38177,fc0728f26c4ed0fedeedcb99ce983c439d657455f5c9c4d6510fc1231a94ee95
267,E,prompt_B,18014,wikihow,275,cb4063f6f5d31905606b5eb328cb21c12ff86a4e84fe80d57aade2dbb80128d2,9c636e985b57528bf30b069ac3fabeba1729481077f7ab342dc9d76933600d53
268,E,prompt_B,18772,wikihow,254,d7a0194af64b4474c9192d8a23b596d15616a05b550162999642f2763fa4f29d,ab77fa66f308c5338385320607f6735c7ec5a1492b05d8309a1f64427ce6eaa0
269,E,prompt_B,19540,wikihow,232,d92ee3bc11b26ad52236f029b86fe50a190d9fffaef870bcb7edd52eb3ead5b0,b7d97d8f8504788e3540001203add0ca141b455e989478f2fd2d4a9654ea3056
270,E,prompt_B,17508,wikihow,295,de06851dd5b157294a04a8208c1de28b7fef42e06db645006cf18a284fdbd936,1ec21b41c426d4a4eaed4aef0eec22088d27d5fa759e8b3797da3c27902c3216
271,E,prompt_B,16687,wikihow,298,dec5511a519c83d2210402b8ab6f210d0834f2955a86210c49f5369d71b89533,ada11c41c15031e2345a5f8a40b7a97529e269cebb80b48f11c1e2edb774c0f2
272,E,prompt_B,18725,wikihow,240,ee594f137e30e8ed7c12d743e75889610a0d95371ab7c7198b9843eeb5265406,122c912184e933bb13fdd3184e75ae0b6ade6f03b110e44a0ad2b2f178653178
273,E,prompt_B,18460,wikihow,184,fa0db582a906922b5b9fbb401154a214a207c7a81db83e07dfed9c64498d149e,863f97c92da264634d36b9d04176bc5e0730f6252bfdc02f935b1d2c0ba582d5
274,E,prompt_B,18667,wikihow,292,fdc169126d80b8c398b63e21948ce3e52a2e9f995ff1dba8493e8062b1ee9a45,83226e8b596b6099ce6bb5fc059dfebc53d3dffb5d3eaa700d84a1bb78218a98
275,E,prompt_B,8953,wikipedia,136,94000938e68c426c52d02a62057024a8bd27136892f21a28edfcbe4f24b2e820,44efbecdee728086b7de7a884b11e266586c041869c00cd8e15a9d1b93de796a
276,E,prompt_B,9668,wikipedia,212,95ad7dd2ad059a8ea862d03d68e9f53afc058a6826d4d4550446ac40e37479c1,4cacc37f0a5d28bb9dd993ec2160161727898eb8e5c4a9fd16b582dc6d999db0
277,E,prompt_B,9913,wikipedia,196,9603edf65e86f322ccee08bfcfeeb91fec2a8c19b1ce4ec612f2a8a71bf122eb,8df05c70669612e3d20a21286c77692a930e7c1de920f1f6d7fee40b96c2ad25
278,E,prompt_B,8779,wikipedia,186,a40ec7f91086c7a7f59d14d4d9b2ac4334c899e8a5aa45e2d60ada0b351475fc,1e97774a1baad5a6e5bc55b6c0a37cd212cf19e20c15d8be74eec8cd6d9931c9
279,E,prompt_B,8378,wikipedia,176,a82b3cb0c74b73e0cf81aa80234d85a86ab92f4284db369a8557cb20bb5d0335,c63e7ba8e5470c9318ea87b64b9bacedee32387f906730e134937edef37359ed
280,E,prompt_B,9701,wikipedia,200,bcae3b87687b848dc537b79674d7a05f04b845b53182fb9818f44e307e67f359,633c30dc70fd9756fbc467fb14b12361250f57d8239a30ffe0cf4f330acfc1d2
281,E,prompt_B,8375,wikipedia,252,bfffdeb5f55f0d6b82bc13011662d037de63e270f9376a32bc5cc3cbcdef428e,e471d0666589522d277be4e21a0efe8e9cf2448738a220de7e811fca2d8ba7a7
282,E,prompt_B,9666,wikipedia,280,c2aeca86ab7fa8715a4459453cde109fddca26f1f820578da0cff23bcebf5b1c,aa77d5b547d8e899f6957549f9ef9b5b42df91afe72b7b08e95b3091d706bfcd
283,E,prompt_B,10456,wikipedia,276,c3269ece5d3b1088548cdaf1ec85c9790328a01a522aa126875b2931021c717c,9759f840430b9ea3fff315b9fe0fcec9b5682024ba83e499dffccfbb99bd4b72
284,E,prompt_B,9615,wikipedia,210,c609a9fce90d806acdca6361cd93230b8ac06c535cd4203222def0516cb58245,83ba30feb0c618fad01e84b0ba5a947330a8edb1b3f646d53663c1cd0b8c6bad
285,E,prompt_B,9589,wikipedia,144,c86b0e7bf1e3785fca18cce157f13637877977903e320e7672057e10a27b959b,ad879d6485386eb1e37c1380343af7b3da54dfe58e4c5d5299cbd2a4ccbcdf95
286,E,prompt_B,9242,wikipedia,120,ca2164c63afb47958ebb01501c6e9cef2a80108511629bc40994c27804b84403,a0c2caad8e3859b3d107985ece183f56ce74fbc7b306730a369b8efbeab1397d
287,E,prompt_B,10640,wikipedia,120,ccb910a5efd5e180fc6209e7b20b0f2052f8ef8c37d894a61531166460814ce5,12aba8ecf3da1d237dc8134250a0c4a7ea31cb87fabce3b1dec6300e07618474
288,E,prompt_B,9386,wikipedia,244,d0a591ef838c9de29a1f4238c9b18a5f1b0101e4ea593ed0ef4fe3a5b8ac8fb8,480078af77b135fd1aaf13b6fbfa1a48f0de385105aa6dab1af76bcb985c2f6c
289,E,prompt_B,9458,wikipedia,153,d52bbe2d0c899f8978b4819a3720ff127b49359ed46d6bb9bdb4a0a5d58de091,3c2233ac40f01526773772d8f77559d167f2c325094edb07fbed9fd3ad9dfe14
290,E,prompt_B,9103,wikipedia,260,d57f8feef598804d9eef009a113667f7e3fccc908e6844a6d60fd0a7c860b859,93d67005bf66dd81c3337bf83351b62649d91aa5950dce55870931e0bde93296
291,E,prompt_B,10137,wikipedia,169,db29529f3275994599471f532befce50a0dc73471950ae3d2bb835f990d290b5,22c08479397a6cb84129f973b95ba31708a638ebc081f25e3ee6d33202d35156
292,E,prompt_B,9985,wikipedia,216,dbb9caec72c0b5359e91fdbd61cb0fdfc5578c351871d5d0542d76c344f2a8ae,547de3a937b1393c05910c7f6ffe4eaab20151b1d46dd4c168f6e9707aa4fc82
293,E,prompt_B,9119,wikipedia,224,e3ab615efc861f3a7aab16bef2582303b2bdfdd914f6fb1ae2d2decffb2b87e4,67b5cfcff2691ba6cbb5d81b4e33dc47de0e3cf5b198b7f95080c9d0c7d5049f
294,E,prompt_B,10557,wikipedia,166,e7adb74128cc5cb671fec20d0b333e89cb86ad3c2262696bb272c31badcd1b21,b00402642c31133376677335d074f3d3759f4b3d6d06f769930704e8b873c47a
295,E,prompt_B,8789,wikipedia,148,ec1b8914afde00a653930556b90bb69be1696f6c663ac48024bbf729e38b0007,5402e3d434f379956e4af30b26eb78b0cbbbe64632494b9f7ccc10cc4698b501
296,E,prompt_B,10520,wikipedia,186,efa16558851c22eef9b6a8dbb5acc1d6b4bd99ced7d52aa2973846b189294900,fab4a009ba797016c44e4c9ec86804a69e70c8e7cb18d9b2faf2c1f81a461be2
297,E,prompt_B,9346,wikipedia,219,f341f800347e50aac8a7d13441cc091f8574de6126d9286f422adb8eb50f5ed4,9d45e1ed647347433b1f1cd059e843c13381fb935c0d079a7e919e35997bbb48
298,E,prompt_B,9198,wikipedia,244,f7b74ee477eaf7ea3aed304434d4423440fc5ad0f7e8ad3e26d60ef53d27aa54,8b9de16871c07af5791f9cae9c6c5c70789eb14beae7c38b3a78c2043ba54a32
299,E,prompt_B,9804,wikipedia,269,fb28677aa5af540a9252e6e929f737f489fd66a875d3a63a392920df231a25be,a2bc48731f3ff23f710cb5ee909a525e105a88b249da03c7e1d040bd4f8bd558
300,E,reference,4170,arxiv,146,12a691dd17bc38c2f1888f4f539b655129d3d18ee9408ac60c3daddfe24e2347,b10e3fd0dd54df4e0156088b1c58ed2439a42fa81a9e3b92cc8d1c465c228076
301,E,reference,4044,arxiv,235,15efec888aca1bc9ea330be95526bc0748c143576813294ceef29bb0e0a427f2,b4039e2e8010373a96a981bf393ae2569d5e43e0979033d08e14aa0afe4858e2
302,E,reference,4155,arxiv,180,16b9f06c38e69b3e7f0f42a8c11f71fc8e1743056ddc373546678e699cb4af74,a10d93f7a98cf8b35eac4bd0a50571528bd1e0e6d9bd99ce20644bed2b09b9fe
303,E,reference,3136,arxiv,185,16d3a79e0628ca39272089545f6ed1e447c0a3eebd4df6df1e7c875b48d09d13,461675c057f3d0c7fcc864347e7b435ca75bfa301437761b39c4866abbe82c4f
304,E,reference,5499,arxiv,181,17c233948d824cb309a0ea574c62bd9dad5c1657e5e00b4cbf3cd581c2eb9633,e61c6b487a90924ad4577423680013786fd34939e44906574025f4dcd00ed547
305,E,reference,3737,arxiv,180,17e8422284da850126b444e180bc3a7753d1c8bc6252d37283ea271e74d56633,2850f9c660b5a47b75514d5a70297e84f8b36ad74144b5ec9b35d4bddaaca0a7
306,E,reference,3776,arxiv,229,198c33ee314e01de8d5fccad40229a07970179006ec372ccecb187430463e573,20c1f47beadb443e65cb4a3859e61716f22342d4a5e7ffbb8943582dfe1fa7cb
307,E,reference,5989,arxiv,138,1a271aeb4c0cf94386d0ffa5a18eff143fb9ceb46cee353c71d99ea51190774a,71b12c3a4fc0f61b43f2166af082769047c79b98e8eb9b3901c0a25ac3e40693
308,E,reference,5233,arxiv,161,1a6c865788cd26cedfd6ce675104674773fb06e392dec8eee53eeb7ed1d3d318,07865e196c795f0b452fe98c3000968894de7371f932f0232feb3f703f10b90c
309,E,reference,3494,arxiv,152,2013b57858b037513875a557899f8bdc05630f189c3397a5fff6ede5a7a156ac,324bcd9326d1ae73fbf1c5c8e66dfa3b532929eda8db710c1c991702a6ac9408
310,E,reference,5410,arxiv,184,23cc94d3b04875cc388fbe31ba577da537a97880ec8fe8f50c83fb51ae4d4a66,55ef0bff7a116048f3708b45ef746f0068b195c4d3c3f348b110b568cb9fd260
311,E,reference,4775,arxiv,181,2426419fb30d35936c8d24495d112abedacd683b3cb6bf7c70f337dc9ccc5a77,fdb4ffed7c742b2a9e150d849ddf1ff29ef116925f33c4dc6100fb4c52ff9d83
312,E,reference,4166,arxiv,145,24e59dca01e72f955b49e3a2ac1dc133068dbeebf7bd0d594affdcf0d85eff66,1e9fd3bc0a2d8f33c92596fc0ccd789c5c40f69521d674cad965d75e71499ac0
313,E,reference,5332,arxiv,179,2ade60131f440e07b69117b066ae5f8f59c798e089a1d8b0093e9b8baed1b89d,ddf2c8e5fb5d16acacd9539b69e2b00714c6d7b5f789853bc36aa6c65b6835f9
314,E,reference,3959,arxiv,198,2ce7f124c728813f35a5f47a939f85c646ef8f03e56a654922b6145d84d84050,fb76f87314fa2fe63f4bd2de2738005f90f21dd4fc310897c59561e89d80d6d7
315,E,reference,5384,arxiv,144,2ea9a5198c7dd1b20770aaa5de5c5ba0c0f0b9842eabd02a1a898c5b84314b18,6724ca2df7533fe1c9154247d9d342ea27ab7d0907f434d6affe46c893de9251
316,E,reference,3091,arxiv,160,36994c4b6fd0499f52a6f81e456d850c109fdb62ba6df09ec63a3e03f590c176,7fac3d824430812f53268c6826039e02f5f616e56f4507c680daed2b67168abc
317,E,reference,5080,arxiv,249,36a798cd7a08c7bcfaa8345d07ae6b5fa4e988f5e8c83b494871fdd108cdc734,36742bd3304002c5352c782a417f61b6d1b063351be7bba20ce66dede42ee165
318,E,reference,4244,arxiv,253,36f6957cc6c7b3f0f2bf234478c61f3c59caf03d973149d25f95f7afb05dcb5d,8877e90a4b6b203ab8abeca6bd782ccd3a35b869fa7a017255738d393b8707de
319,E,reference,4074,arxiv,204,375a545257da69d7a0558c73ab876993807be30832cb189b5be4890882443f00,1e0566c0813aa017488d59426ea254900e31c968f9e15d99ee26e720ee7fa4ca
320,E,reference,3496,arxiv,245,37b6f7af6c537bc16663d62f612f281999312382d12d9429a67347cc56ec29a5,f77780143a9001176b824e39333b7e857eeb06cbe26e6f1569e12224e13277d5
321,E,reference,5644,arxiv,267,3bcdfe489f6952023c4e42883edab3699418c2bbaeca357ad187bad98da8c5c0,7ae8a730056ae94fbca559d4ffc708806f2a969371d8953cd3904865c7cb25ba
322,E,reference,5281,arxiv,247,3ef84e3f617b195cb96d527391b5017af7284d3c5746653b3d4cde994cb61daa,8d8e0ae9511e751ae525b0f60675ed50cbbb0de1c68b7831b03358f0956edfd8
323,E,reference,3311,arxiv,158,422a465fbdca4ca9bf25175bb0e6425dcc1c32cc159eb87847306b35da566272,0f0d872cd7d1eae40c8bf776f3c42055dd0313b30f2b5de99e4606ec32216019
324,E,reference,5873,arxiv,165,43c8e5d78d8c1aca054a7c19d2e27c4c29e32e821409624a2b529ec806f7fc8d,674aa4b78f92c02fc4e068dc2791de1a7da9df66877a1507a6229e9f108df3e4
325,E,reference,5662,arxiv,147,4818ee96ab3e05c43f6d1d5816f5740693dae941b3874c56cde6d43acb919eb6,931c57ace5db7c3d88abce08a7312c83aaddd176833cbb55206f2be23879770b
326,E,reference,3121,arxiv,253,4875dfa87136e88be94c0c96009c93d5f380ba9dc72b41d41403152a4c64ff13,b1c969209c47a4a032815780688e1f0341defb572c53b36a3ba81209c3b4f256
327,E,reference,3107,arxiv,237,4b34d2c1d76bacc2d368d4d441b45209f10b458308845fa87dc0984bbbbeccdb,05c9553eccf3d9c46be3fc0cee753e6fb3e3776083db32a267727b3b91db6541
328,E,reference,5379,arxiv,199,4bd757dd4aab2533589cf145e30206455b6399b78478faf0fc8c43ddc785cf2e,df58c05a1c0dcd111d5cb8a9e62764c3a19a26164c486792e2fb48c6bf7da518
329,E,reference,5896,arxiv,127,4c567e87bfadcef21a898583afc2769f9e87dcaf72037b97b4c6f514cb6f5870,141c20ade19fed0bad7a5f487ee0596498cc0e7b9e32938d281629750ddb3a35
330,E,reference,4518,arxiv,158,4dae2b13a696e17307fe598609f5e568905e0939e59c39345867da3e3cb4710a,f49df2ee2e4f3b9e71831bb0552d750f872801709015af856a2a7a570c2d0209
331,E,reference,5422,arxiv,150,4ddfae107cacfd6c70f49040fe1cedb4bfb5c25545a1188894058e081ddb49d7,c0a4b963edc19d95fcd49ba4035d19024c832e42dcb5f1c965e9e3c37b35ecb3
332,E,reference,5718,arxiv,210,4e3d8abc7f35ff7b7b2ea1dd34512740e5ae6dee9d247604ccbcb776d98f00fa,9d5f53db119e0f565f560e0ef426bf98a97720da8f619f96d81aa34a776e6906
333,E,reference,5128,arxiv,190,503218dc2e63b2395a1acb84598704e04a2e2f2790464f06b7d620464d1f2aa6,860469b789b8f9c9a1b42b8bf350e86c8258ac12289b63560506aebec785240c
334,E,reference,3458,arxiv,216,51397ca0e6a8ae78fc3d46be0f5a5c7568bd27aa36e7e4658377f19a8c77af54,43e5eeab91cc806d4b2fd2afeee8b618c0226e1bf0951928db88a6509ca0f534
335,E,reference,5597,arxiv,242,514118b8c65a10e95faea27ab4cc62590b4232e34ceab5f72c01ad3b41b208a7,59c185eb5c6d04fb87b0f79f37ca94bd18328d9715a3f81640cc8edae4e44a03
336,E,reference,3513,arxiv,215,51bbeb3917f029ac772652615001856bbedda1499a1a102bd99728529bc8598d,e864813b8b67eb398e7cf33f3310635fa86cb26a4ad7e85b29a1986b2f5ca4e9
337,E,reference,4217,arxiv,241,543d310081829c8ce319b9f2c4fca22640a55c03e3078e4cb3143edcc79d7301,73a8f15401152c991ba6811e719d844e93e829eeca93a2454676c40c07aadcaf
338,E,reference,5890,arxiv,207,54ce9bf3c78ce4f5ae5b63cfa3fb15e36e90baf0fcae2a2352bc48e8f9c70992,c90a0d5c859bea074cebedb7cc7f971d17799f647f838d65ae0d90f71d073f42
339,E,reference,3673,arxiv,195,5830732ae4bdb7d0575e3bb21e6643e33c939eed4bcca52bff219d4732bcbd4f,5cec270450dbb40b101f872a1803c3f47c1b1b2778f5b74907e47399e154c560
340,E,reference,3969,arxiv,195,5c30b65eb95dc13d8954bf05bbe5e42e9f084ec015719d6978c8254cbcce8087,50e74ed09c34a6ad62be7318a71bb7445d756f32f467106662df08253a748f1e
341,E,reference,4385,arxiv,199,5e5f169d152ab203efcf9c9cdb250a67ad742c33df56e5ae43cf1540b3734d1c,cc38f4018545df55ceea7f4f0d3885fbf8fc2cf64fe13df37c527aeeb33cf774
342,E,reference,3475,arxiv,147,5f98191f998dda2b8b0c261d1052aa1809b8d7c50230e939b8d5ade6d3365b63,f424e4e008bd3784d960118899eb9811921f08fe59c7092bcb501ff450468c7d
343,E,reference,5643,arxiv,193,60ef47558ab23462717f75068e8bab1104975d93f8351dc5b0a0a39b00edb7b7,d0555019616167dfc249ca97d05be205208885de18a900ab2736aa4b0eb98d64
344,E,reference,5801,arxiv,227,64b9b7cae3199f9f3be42a56526201adc73a2a9e02af70174314bcff1ed3e2f5,c2557288699366af96099a6bf7352ab7fbfd792d2495dccbb9d549eea2b96f8c
345,E,reference,5195,arxiv,254,6803822f2365085d6433a0f2eecdf5f0d0c440f72c13ddecc2e3f7833c0bc612,f545c70aef1cee11caeb66e4334637783f3bc1fb37348344d19f4a4a32dbe6ff
346,E,reference,3038,arxiv,240,69060d10c9ce31e111b27041baeb92477547aaf3dcdeb7cb4ff4d97206f70aab,6b851726a6b0bfa1a9cd8e89e871892e706c3166701bf829953c199478b55bf4
347,E,reference,5160,arxiv,131,6c67dcdf846ae3702f9dfc5286c7b201c78b98ea44d4a006fd1cb23bffcfe640,b66c430274c1f8fffe6ddb853b586854cf7acc2f9e8c569efcdadbf46a2dd6c0
348,E,reference,5867,arxiv,144,6ef65a12572a94d6e57dd5a5928deb746c823a028e6e08a9ee462c62b6c6eeae,3c23da68376e84dd9b38e853d46243ff057661ff6530a41555be54c0b105ede3
349,E,reference,5254,arxiv,208,769ed3872243ac85157272429884e687c9fc0cccb20d380e31886f82af6e0d6c,d6b8ac7ebd396e82982c057b46882c66beb2be3f9ab3638906ecd9e6c86b507e
350,E,reference,3285,arxiv,164,785bc208a5416a1a116a4b2f3fc09713064c88bbc33c8af309bb4554877007db,0735a96fea877d0f8c9edc0705853743e7f31b05e758d8bb28ee9c7ac9a083fe
351,E,reference,3552,arxiv,155,7885411d3a462f05799d0edc79b8d7e8d4fb7d6ecdcbf0738f93bd603991b185,6d0adaaf37977e0066c63ccbc4c3047e5c2e33c3785f5dc5076c442b5629463c
352,E,reference,3693,arxiv,168,7a37ba35d3eddb9ea64f17d19dc79b8bbbdcdb592d68da1d44a7ff85892cbbdf,e9379305c8cb7ba4d4666bea0f5a5557288ce62ef0a2791201dc74a15460f931
353,E,reference,5304,arxiv,182,7acbaf63b0e4e8342ae4fb3cd802020f53d3edefd6563e31002bcc245771cc45,4cad6435d67d5e799b8af7e7aae55c6ca9532d43f25c9f594b6b45b59b838d97
354,E,reference,5733,arxiv,245,7ad97424f138eb04c6961d909e2f72d36a47ff9b4680d58ced1217acf8752786,8c726b59f390da8c39a77e27188c62fb2a6c3ac45e91190fa8ef2c56b0544121
355,E,reference,5688,arxiv,243,7af5239719ba98c87f61cd460ab60f7448cce29ec0ba1e160c04ce3456d0d01c,ad040f80a59308ef0e0a4c4a135c34a71ff3e4116dc1a74db9c15f3cfbd2c9d5
356,E,reference,4278,arxiv,190,7c8a6a7d03d319388a9935ecea5bb3e42fe05a79b02c6df3a58c92f905b43217,28a7e3ebc870e26f5bbb4a2329eafaa7df086f336dc998d942078c02decebd82
357,E,reference,3359,arxiv,251,7cb7a78e262eec80b1313c33a1210e4d2a95ad939278bd26a3daba8ad3cf99fd,62e99f78b48b6d0cc59c74dce14a806c06437824329e911fa1863fb785264532
358,E,reference,5992,arxiv,174,7fea276dc28399a8fb88e56c4586adb0f129df705fac8f1b1e2a3c8f027c089f,38b5b444c1232e07048e0685fa02a3177176c152d77b3a3b11738d7f264398e2
359,E,reference,4241,arxiv,175,80083667651288f0cc23c35b0b0a75e0af126e1d8ccb0a7f58919078a80ea7e5,110058bb693070abe352103c8d5fb0b0d92a8d6d00072f96f715302f5d313ef8
360,E,reference,4308,arxiv,217,805f2e24f92e7f63bd448d4147431b5576dcfef55c74c58ff8b8e408217f35e2,9f5c3544f6a33c8e8783defc9a829c665d7868d9aad5948b74c1cd6905cb0a03
361,E,reference,5286,arxiv,192,80fc892d1a40998c9208aa0d90280e7f2785e512874317cf291e0957146829d4,5b8916eb48046ba6737761af2d34d875df9dbc90f173a889ba823ce37ee47c79
362,E,reference,4589,arxiv,208,83bb86dcbb48df2776bd8efb7192b0e67a35176fde5e50629df904bf23cecdf5,a1e0d589e517cb109021d9b2e4a19940e66ced5c05be644e576d82ca1d75d41a
363,E,reference,3700,arxiv,162,846569ca80b030d6b909c5a6a045e6a8323efbb64d518bcdfba06f7f3958bf29,e805e60287b578ab06d13c14a3a88f1b11c23930b8e67c9b92fff15e15226d5d
364,E,reference,4164,arxiv,257,85a23580b0a46c11a87d7358fb2c79f54148171436a6f43d86450df6aa8c46fc,c0dd4e4d708a55fa9cb59feb84ed77b58bece1152d7fb61a6facb1bd63e1831f
365,E,reference,3616,arxiv,289,87e9f819e601fd06fa69af57b6cda1ca8e0fe6c4bc6f7b50c5c7c5276f102634,5184ff3b84b2792aa5288fd2aa94a890ff19ef0fb7c1d0f988b923ac8e4626e9
366,E,reference,3512,arxiv,202,88702ace06a75e7da79dcfeef87323a52aed91ecc749b1ef0e77674832d12f95,e04e17f49d749f3dc2aa00bbb3e674a6cf98b2c179bcf31342fb21d1752475c5
367,E,reference,3053,arxiv,175,8adc3773f5d8c6e233c1832a81102c2c70d914ffc184ede2d1a1042dd28e5363,f30a5b23b3e0b821cb46cc575547f951fce9680a9474d60583d61b3f8334fb70
368,E,reference,4950,arxiv,150,91e35bdcf6bf72f05294cf55615cebc787612a54b6171d0b22d76943ec76e320,d2de9984264cd188d678f9e1a054a9c2c4deb7116fea324bb329144086ef769d
369,E,reference,4179,arxiv,167,91fb696cd9c1d675cef322e3ddefbdff400b4c0bb3a0c5c04ac5847251b7e472,65335a2705b5fe35c1abaf044bf34c8493eedb1cfd1f6e8ed0061a1098b88027
370,E,reference,5041,arxiv,224,9623257bae6e36a1a9b28037cc9345e951d56a22532b6e2792ee743846f089cf,8161aa64f1fc6f2cecfa40e34d57f549938d1573cdd4c223aa50b00740d2f15d
371,E,reference,4788,arxiv,197,9ad17f2067c64fe84235768081a09b6b07fc0e68cd1e9bd1bb46371ea2834a5e,309e3500d856669220ec4a5df493b8eccd39f200d071dbe78ac21ac618f2f49a
372,E,reference,3670,arxiv,246,9cff04618a7a5f1237396f9ae174ee1b0ca6817e9cb949da5622547b59e783fa,f40c91c7f13b2b08aadb0b08d341a0e7b597b6ab29e98bbe1bcfd039a372e53d
373,E,reference,3951,arxiv,220,9f9b3aee82eb3783efae987e0dd7e5cc0269bb308f766c2357883ef7638896d6,1560314ac782ddc4784af04bd2050451e07e2c5be2e487fc220393772d18505c
374,E,reference,3665,arxiv,188,a2177a3ef518c457ce97118edaa2e6ab48bb3cf30e10c85855787946b83fec34,ccade0d9be87ac9f8ca8a1a2a5a42a668e6ac1eb2f7563fbe22c6ff795f25f81
375,E,reference,5923,arxiv,260,a508ad6ea54a5bf1fe34c5060af3981fea02121975f3db31225bf27d95195ec2,7195a73d2315d7bcebc3a0b24c7c8e01dfa8454a34d1dc3f69b7d1e901ab5ff5
376,E,reference,3601,arxiv,154,a7edccc7f53358377a1a718040bf61922cf34efabd80083a03e799f4f591b99f,eaed64ac537652e70f70a675f6d2f852e2a8ec4966057190297146f5f3e2118b
377,E,reference,3133,arxiv,231,a8434096ae448f859c9ae08dde27243987f248fd78c9a017ff6dca1a2ecf2712,6ab18b6dded80e8afdce452cb7ff9fa378b77437854e5b2d877956852910913f
378,E,reference,5491,arxiv,229,a90834bceff0facf292cc32fe1838fd1fc448965ff92ac9cc4b6c6b48464c007,98013f0b3ab8c7dd83dffca4398ceb78af46da39e745ea2f0ecc31c94675ddcd
379,E,reference,3606,arxiv,238,aaded50fa6914b0f7a9b832e57333e9611d060c574e58b6b1c9d857372c7e612,b91c57b505e217f4fde302fdb788d49410909e2bc2aed9cb07f7fc07caad2feb
380,E,reference,5926,arxiv,150,aba3b9e10e2d7698adfe710c03de1f1ee12a8329ef9272b10c05fa139ada3cf2,8da4793a49506776894f16f56037d15f4ec7e8f6c5483ccbe17ae314432f276a
381,E,reference,4674,arxiv,149,abf293834e1c2bd7a946197ae2623e3b9ffedeab2458a90b1edcaa9a798f9fa2,722aae139087e7cf2bf284998dcceeb612464098d86ef5edcdbbfc86461b609a
382,E,reference,5719,arxiv,245,ad3e78c73625f61067bd2972547bacd4483b2cab8b2b80a4f47656a167765058,cd23bf47d8eda5bc596c75e615f60c0790b29b9e8a73836a14130e5f0757625a
383,E,reference,3957,arxiv,135,aeaa5a85e85af749656618b23b22c587bc04064e30c7cd1fd18e89c0eb1e6aa5,47294d718d4aa726fd5707bee5d4202df52a5bef0b1725700a3f252b9386e077
384,E,reference,5632,arxiv,201,b23481ab7fd734fdfdd35fe5c583bc3026622f6ccbf759bab1884b8a827932dd,51e7e9f694820a1ef9f70b73e4d0a20478d1d05a695bea257e3dc80e9a8fa6ba
385,E,reference,4251,arxiv,157,b3143837358bebcc10f29733205db1a7c9adf08d6907a1c5b0c75093505d8034,01883c3c688474cb0d4674814e5864752c20f05bf591673da4ea724057dc2252
386,E,reference,4025,arxiv,157,b5daa6baf0c1f496538665f8c4159ce166faa18d25163ec9e7aade952334aa15,d68f24f01ad54651ba25684f93238370604bb4e91b046a888d7f1eca23a84477
387,E,reference,4455,arxiv,265,b69c7cf5d697301199a24efc7c05b2f00d8eb6a9f943765c2a95cfaed4291335,d610f902c9d60dfe0db35e3d93212acaf5f72e0c04b90c2dc6f1f152c65aca6b
388,E,reference,3806,arxiv,180,ba9436fc9c935a88bd7b6f2b3332a3ca24830f12a963dc714b3df1f9ee1826b4,5c659a3bbd58fb07d98eefef8fb2ba8a6983aefeaf3fe7c3ae59159990d07f62
389,E,reference,4002,arxiv,188,bb87652b254640c1e119790f62a606e67e69ce13568e06fd3784bb1b10a09176,fdeb07c901b55532292d891b928a758af0654dd52f806129d2927950f2a1584a
390,E,reference,4310,arxiv,147,bd8985f9997a102f553d91a51f2048347c3e047760a3ffb5a1b425231b841746,4ef2b2cd345d689550e2280ab1ab20d9c03dc2898f2641fc7cca6c6d2e8b0ad1
391,E,reference,4439,arxiv,183,be917ebe02c9c811b53c34638f04628d73404e4dc2f43fc8b1f22227fdba434b,22dab02b1aa5ab414e5166ebb12fca482eb927a8cce15a1b014948fcd2ac1aaf
392,E,reference,5657,arxiv,259,c02256a0dbfa15601b7638a0a21e58a203d63fe1558add3cd2fa27f6763b761e,92c39df41cb959f6e202d757c7aaa0b96e1b2b44aa39ecb1c80d3d62d9d25d91
393,E,reference,3719,arxiv,190,c210b83c335561194ae14199b8fd3aec2f3632889fefa1eb53727cabc0d1fad1,7b6c5e14fe98de6ffe604fdc88d0e81ec00183767f3996d4ac1dbffa03d17dd9
394,E,reference,3760,arxiv,224,c5f0342763328fb7806967f316bf2234b450e6e26889dc3d9aa27b13d4590362,902c7ef656416709b45455a52604403313efacca4e6bdf92ffd968ff18b4ebc6
395,E,reference,4306,arxiv,232,c8c30b01190c242a7f7ac62fabe653e2e6479d8b93485b1d7eaa13749d17f4fc,70b4ab36663c6eea7f29ba3bfde2227b598f37b17940317695b2ea4e9f643572
396,E,reference,4579,arxiv,186,c9832a99fc067b617d88fff49ab36fcff0fc9a442c0c9661d4926b6064b79e73,f135e521133d79ff1d73ee1cdec6941b9960a5052f67bfff3bd8cafeb11dd203
397,E,reference,4313,arxiv,154,cb68293e103fc60bd770455747c34a6d973adfcb1bde70392c7630a4ef92729f,29bd01aabadc66b1dcf3e8ebafc62e21bd0ec752d427421d8c31e9ac250b9b35
398,E,reference,3070,arxiv,204,ce84d10565624ce15d1849c9ec0cb13afa5eb703e7c8c57aac9286add860616d,4c423ccdfb0dbbf8ba22174ec197f4783ff0674bbb7121975305800f33470052
399,E,reference,4802,arxiv,249,cfc6c258cee5d32c626bceec4a9bd72e15c6598d5567c606af86b14e20bbc030,f28c95c5f80bf5b6a2619510261a4a9cad45f191883d363a9243dba96ae34128
400,E,reference,4078,arxiv,146,d1a4ea44ddbe2a567f13bdaceabe97e67d4fcda86e6dbe14fb02a3e2f2c7be55,bece21a0852f98e784b6634c13443ea939e7ab8d7b084d8d779f5f911a18b4ec
401,E,reference,5603,arxiv,246,d52b898153b414e367dfe0cc1dad3516dbc2621d3d2e82e884e23f8394e7da22,84145b46ae15e5f2788489ed9556281a90a80fa0f65547d548da06f4508fa2a2
402,E,reference,4731,arxiv,150,d70a948b503fd8f160981cbe418b3aac128ee19e642791c921e18157e0ee803d,3c4415238d09325fc19fffdf32908fda375f738565537de46343cb2d87fa8da6
403,E,reference,3363,arxiv,280,dc34dd4600bf4cc4540f6ca2c4d8d2c2bd513ba048754c9ded0fc1ee13c90387,1401a2ecc3720d62c2be5a24467b86185f2ed3e953cf63cf4ef75b02602904ff
404,E,reference,5711,arxiv,227,e171790c8081ff0d7139ffb4f595016ddf506943e6939a51d19db7c9bb661354,0f0dcc89a6d832574bc014fb61eedca769e646373f86b3bc97d69b0c6d134242
405,E,reference,4212,arxiv,151,e856670d3a25608f8d32496e58ddfa787dae2edd233c107b51b9f3ea97e9f0f7,8f82a67c590407aa457a95db6703b7c786bb06ad645b0a83b91f017d23f4de8d
406,E,reference,5532,arxiv,170,e98d3bf83e597f2e4dc80d9b15dace35d1027096fdaf4df60fe82c28cfb871bf,6692054085538825a3b2888425dacc36e4badc7530e1ab57acbb3378b1caaf00
407,E,reference,4522,arxiv,146,ebe791bc5a34279f1f69d6a7c07ade0bfc8430598e3cbd6f2499e1a85467c8d1,85fc1d5cdb3dfd1e14e752fa368a4aa45e17beff9f7576e243af572021d93a13
408,E,reference,3876,arxiv,160,eed098b8c928fde0704c5979c8e7f409a479cce91e3c741afd3d4916da40d22e,d37cfc99d55a589d865a11d5dc5949448984c7531a15d4c5a615a0599de8cb90
409,E,reference,5335,arxiv,249,ef13021e44e69cb4c0cc74f923f75840f04df237ee56aba373b872c903ee38e3,794e6c2423c09e598224246fe55c4e637ced16be7da2fe2004608052f74d5ecd
410,E,reference,4806,arxiv,262,ef5105450931afe4a8b299b6332285f4d6dbd8fa6a4b03948e0f710ea08ce895,713e4779c0135c753ea2070c43b6030022f0c69a563bf8d8aff5d9a4e5be3d93
411,E,reference,5789,arxiv,269,f0cd553000e543e680c8b24cf644e215069e98b9a86579055c7f8d3bd5d45c32,84c9f325a9a790162042f38a28fc1f02e557af5fe7cd07cb0f2fcc8545c74e23
412,E,reference,5693,arxiv,200,f801c5a6b183e29f8c48b3aa1920a7a912a761bbd795892d1a452349b79a94ff,e5b4dfe542dd5f0e2220ac937aed210d8cfa085237fdc31da565f219074c8ce7
413,E,reference,4373,arxiv,151,f8b04524f80db4a70e0893f0079373eb3b8000359decac06adeae0aaf06a1abb,e843ceec3b4a666688660451a82111dccb24f39041de7e405451885b5a9b171b
414,E,reference,3314,arxiv,275,f98165f43d24918e35411d015ae11a1d1f1bdfa13c1b96999e5a84ac89ac24ef,c53676f4f068b2af4a30a15aacda3b7ea2d0e736de56f783250d75fcd929a4aa
415,E,reference,4433,arxiv,162,f9d33c826c1835d2cc62c4436772c0e6460ebcff22b3a3db71208a65fce064cd,c7678a9bea094f5045d93286c1fd15b61401a8f54fe90bcf64a0a29c51841abb
416,E,reference,4713,arxiv,152,fd408e424d898e6e119b9513ce77786384fc839152cb22ae3b30790500fea568,cb4bf9168ffa27ee15b59989bfd6c5aec625c384e80cd480780b33e65051b552
417,E,reference,107431,outfox,186,1461e1963c471c7eefa28c781cac75adcec39d9ecabe80824a95d1c69854818a,3cdd37c8309af7ecbf7a33682f3c8a40c87c3876f9587a39b4ede8cfa1da5581
418,E,reference,106669,outfox,272,14d288f8265db41575277784139f7cadce9ed9bb59e18140d4b70bc09c20ec37,ed8e7bceb8084338cf40e8684a1653d16b9770e16a3ba8713b523f55ad877356
419,E,reference,106732,outfox,239,1524a1d703918becb0091185f95042b7c3691f0218627df58314cc5095132f04,e66ef6b88da16d7025ff337152d5a73e7d125bb679e7a4624b430f9eef7c22de
420,E,reference,105853,outfox,280,17d1bcbbceac12e0f0586172635dc23b0dd09248c8a35d47083a3e3a5044dc1a,e0f274807786a03e1e6145cf4130f5d96ae10aa6cb00c5c3445c214e7547cadf
421,E,reference,105561,outfox,185,20917930e25bb3263f872dd3cc5c229bc338b5aba0d3e602876b265399095d83,ebf301003455d8db782bffe88fda19ba3dbf9337505f40348033ba36724f31d0
422,E,reference,107744,outfox,227,217383b09a5c2923717c7b511c8762b28f3d28014fca196bb56880fab1a15148,f3cfefdc23bb59b3f7d277e3f2ee9c2334e912e26bfce27eb38acb6de62a46c4
423,E,reference,105805,outfox,214,23700fb711fb52cce0a2c66d9ebceda68215e04b85e39653d0e78ab9b46397c9,17c7dd84b5f767a6be93525c280bd5d2b43d3e6f62169f22052f6151c376e6bc
424,E,reference,105035,outfox,276,2755148d31e17285284793498226ad7db51d0552e3cd62fa89b5c25524ef690a,5eb9f8140d507da2c92834e25e84a0ea4086607fdda3c9a6e034c1f7a0ba7eea
425,E,reference,106575,outfox,195,29e907589cd0e8f2676c00795628d30460b1992d57f2bc539380cfe5ed2291c3,7e14282528e1af127e4f5954b6fccd2eba03f24c1fbe8577f6cd45439853c348
426,E,reference,105760,outfox,246,2a1f1d45c5d7f4e4667e423d9209d923cb83038a80af997e88f39cd865d5dae3,e1589307c944c120cb0f2d0712e84f3550930b6cf053f7bdac12cad0d84b835b
427,E,reference,106174,outfox,196,31a7722064eb6984a6a2c13645aa510bafa760d068acd444401594d5c5031b61,9204181d1049f6f09a08b0057411a13fa95fd8c7b5d4f9d76eb62a01532f494e
428,E,reference,107624,outfox,226,32d0bf292570345799dcdd7e316e493e91beba83d4ab0d9fb3f1f0eada3108f7,9b3a823c773233bd448a122f3776929d64f0be5963bd5a4715ef4a86ba6c42dd
429,E,reference,106320,outfox,270,3300f47bac62c05d6ede739dfacced35c386e1ef0af7f477e043fba77720682f,8608219ce7d535c56811d94278bf6748b84e196d260c8ee5db0c16f873e8066a
430,E,reference,107673,outfox,279,38e092af6f876f2e419257561a1a97da041f48e15479eed8133d2fc61a7f9076,d84fc65cab0e0cd3837597536cd244df35f1a06cf18d7fa54e7e26b9794e63ca
431,E,reference,105896,outfox,300,3a867a0b6ca016af8342b28cda843e4dc05e390e9bbe3508543b00191bc4ffcd,768ec4996a2b2cc5a40eeda8f6d1f5e897e0c72867291bc435763982523393fa
432,E,reference,105929,outfox,225,3d19f6188e2e48549e8f26ed63512feafb0477fefcd8174ff5b50e2de33fb363,1f3c2fbcf8a8e61cf0ba13ae6e708b4855bbad070d4fa10b364a83a17e43eaf0
433,E,reference,106004,outfox,202,4110ceee2968b486187856d495ceef6e0ad98a6a89371e0e74fe9c5e5b612abe,8c987f442159a0b871dea9d48b3489f79e1643eb6de88593581050df6dc52688
434,E,reference,105876,outfox,300,416ab6eae76c6a7ccc6d0d74727cd2311b26106713c6be4cf58c02f9a2ee4e04,763a1c7049cb24633d5662bd3c432fd432f94f6640507a5b84f2eb389bbbdc93
435,E,reference,107452,outfox,276,439b59062bdfca518247fd5e37c7986c562e3be62cce9f9ecd60d6f6f5a78940,1da79455d5b5c537c88d95a1122702d0099df64cbc6135082d685ab48a2efef3
436,E,reference,105517,outfox,225,43e3fe9871d92f6b779b89d0f0a0bd21dfa81244407e3218a26ac24cf31ff648,68a7b18546c14f044faf02a81af33f18efd2ff0762bde047a86a11c43daf11d9
437,E,reference,105143,outfox,283,447d67a358d631834d491c80617533e061b0ad5826865b9a9901a56e67cc74db,72ffc2bc56cd68cdff4d92da37a8e1f89d604337437ae03264731b03c6a170f9
438,E,reference,104902,outfox,256,457830e7b67beca94b862c1ab6b959cb582fe1c6c47cf0d1e4760eee3b483456,14c138dd39dff28b59cece7fca70e4f988c217db66b541ee7bc6f1d2341f5de6
439,E,reference,106947,outfox,189,482993914f91e3704b94d36f9a35bcc38764dcdb0071d0236f4a9ae38f7ad8fa,fd7d17f98e41d4c679f441c70c72afddedb91652363b60e019507ef42b1f4706
440,E,reference,107670,outfox,296,4aeb89e44c0be4db31d7acb4abfdcf410b2fcca111e16e0b1ef1775182e0dbc5,f2cc88e4bdcdaa7039ca9953b0bc5cfcb886aa4125a742b900d72bcaedc7a0ea
441,E,reference,107358,outfox,187,4c1058055e8d21326a48498428b10bf0cdf3efc756e506539905d58df13b94de,d3aa28c5642d05e1a3ae2209a3667bbacac2cbf1bb15c1867bc765371cdd3cdc
442,E,reference,107192,outfox,251,4f7eb9f452f0677fa4ff057fad5674ba2f648ecb51366673d43bb666e737b2b5,95bd6a125b4d09e19e01d32118b006712ed9043fd56fa1d6934fd90e08580194
443,E,reference,105826,outfox,230,51f410fae4c797a66ba7bf8d57a66a66f79eb969af12b8e216f1cee75a726649,e4487014020fe0b875439dd79411a450019bb2068a301069e656d4dba30eb3f0
444,E,reference,105480,outfox,297,5270f2669db033f43852842a0e482fe0c3e09fdcbaacd237552ef7f05fcb0d54,17df37bafec49fb133322d5c2aca0b841903279a98130e4c56585b323c2c3ee1
445,E,reference,105915,outfox,213,5a560b4b9320dea77e31fe1e62e6ccdcd1714189e21f048ac9cf3f80265f07ae,eedb26fb4fbb134266b0af7dd063cb5841badb3dcea5f077cd0b0ac4b8eea83b
446,E,reference,107535,outfox,200,5d0a62ca85103c00edc18e7eada82f0b5583c0ee85ace87b99a26ef75432810a,e4d566ae2947224d2b2ab413258f428333724c0cf1db0431f1d604d762828134
447,E,reference,107807,outfox,255,5d0dd9e90b3b5c709dcc9ec844bb8c9d626b1a66a88a6b3d777b19dd3186843d,e8538313d07b1a3b7274e5a5b46e1091e3ac97316859a79bb8ca8da024355e29
448,E,reference,106735,outfox,296,5edf62984e2c03d6217f3c851f63316356f3ecfab06a11124b2be636ebb0b9f6,1da2cbca5cae3e75325007f4a3c1a10ccd6ba8b64ec194e5596e4860927d326f
449,E,reference,105699,outfox,214,62a4063f0961fd6e1e6f4a8819ed405963c83f4404f4715b42602230b1ad6cf2,8e20d432168e02b5fa6560299e704c6ff99459fc3e2464d420a159b41f1b1cba
450,E,reference,105933,outfox,276,65d1841da9456740b22f21c6aa5ae2b8eee29965119dde93c3c6dc30e044fa5a,fc24383105bec5a52a561f8fcd2ef77690703171c1dae1017e9c82d7c91c835e
451,E,reference,105976,outfox,252,6757a189f143caecf77b2f0fefa3589bb4a32ddcd9ef3ea74480d65817b0baee,6b9bfacc75b742c4e91aafa831215bc935fffd1d9d41838b5b6466edd9ca8f76
452,E,reference,106290,outfox,236,6c2478b3ee3201764fd4d59daf68ea12b174d77ec888442a8f6ad36f2b006aae,21f6046e0b45d4b9f579d2681418a828ba192a309b8f4ec182d797db7de9f334
453,E,reference,106463,outfox,298,6d81c8d2c9b78041eac32ed525fa783bfe27851703169d3c6b9962aa5bba61cf,73be2a4e33a24e1574ba1fba7f7d64c20ef6982f69383a574d960fbb22bc4728
454,E,reference,104948,outfox,202,6e2533cd26c5a9eca642b67b6443488f68233eb009bfaeb520ca6f370f7017ec,3c81d403eadc803251f3d1e5b4b8d0ad28107d0f2a03d06fb72a7101d5d81ed7
455,E,reference,107778,outfox,208,6f2c5f5c40bca13a6aa74f573924753079e3856e36ca0f87c0afc9f10af5855c,d71434c334ca3cbc8da00f5a55b79d79161e77529892b441a281b2111d4493f4
456,E,reference,105134,outfox,269,702a13102e4d6cf5189e5a51ffbd72c60a6a26a55f8e6746f467e222e93f19dc,1718d853589b3f7968e5ad87bef518dde71d52901ee224cbf13cd2aac4ee5a84
457,E,reference,107264,outfox,262,707b244b346d7e3e3a632b2c482044bc779e649aa65d56078bbaa1ba68689a1f,f1abdf1d496634d7298c9b8458d4051aabbbb4dba3e11d5224f0a83eae108722
458,E,reference,107740,outfox,230,712b164581c5c478d58e07d97e66ca70147307c8b3647f2a3b088fb7f79e4b87,ad05d5e87bb7c9191a4602f9c9ef8457a7693e43aa43ade19328ea4e3b5b18f5
459,E,reference,107422,outfox,221,71fa01e11af90139ed41dd6d41821f3737d631d9e0d6597ef2e0df551df25f87,8cfa019d10ffcc1e715b0cbb71dd27a273e0bcc37357619903834a8bc085564c
460,E,reference,104891,outfox,247,736d1c86cbb847651cab20e6fa35fcfb141101a46639e8185fe5aa2d612b4d35,a8bd25221f4ffb478ccfaf64217ca055d846fe1643bd48ce10a19109f4485d1f
461,E,reference,106676,outfox,251,75922d4e0eb920fefcba7f915166fd8c55c4d2028d0dd59506b74f70bb1b2d87,7ce1ddfd9a5e0e06a8d6baf13d04f5526493c3989742183c6e3a07f02fdc38c2
462,E,reference,105702,outfox,191,76d82b7a797590d67a6d127a86ae2be9cb070d625aec2f304f1a8e9547e83138,522d7851f95c6544a1f4247e56d3717e83eb9366c38f2add967bfe0bcf301d8c
463,E,reference,105688,outfox,287,78aea4f704d32c54957e8569cadbad5f1f7cf39a66e78a2ff8ea4f28898a05b9,29e56a3f0c1a09ca83a5ac4ec3456b51a593d6423d3fc768101c74a382147432
464,E,reference,105213,outfox,238,7aa1ed6874d3a784b917b4966421f8c8471a375223620d57bdc427cd98d0f83c,05f71d1c9666a78f3390ee9db7a19d49450f7996c48ed8927f8b194251f98aac
465,E,reference,106805,outfox,292,7acdfb72d5e13e09d27e0474edde2ed59f409e86f13850d26a789c683c6148d1,e657769a2adf4f05681af26fc9b9f9f0b5c10b47f41862ba0d5a498bbbc12245
466,E,reference,106829,outfox,264,7b0c77c6bc4e518fcb2a7597d50e1f6a7bb7e761a0ff42850cb7186be3fcf8dc,59f74f43aacf4e6dcb15a39dd49a55e66975e466cd99728c5dd60d5bb26b479d
467,E,reference,107713,outfox,245,7fd4583535e557264cc341d8a0bd65189377f40b512f0022244103882abb78fb,d49b0ea28953bb48a49c187fed74eb44a603936c53eb47fe5b04e4c6f165eefb
468,E,reference,107112,outfox,215,823633580263aec4ff6a194341c1e247d67bc7ec588d9bae75ee16a18ba5256f,69eb87a0e06d1b541b2bbd70ef1fd82ec2958591d4d2b9e5503b683264a87707
469,E,reference,105357,outfox,224,865e30dccf4395a4efa0b0d9ec2dafa75eb9d3066c04a3e34d67384fea286c0c,b9f9483c16e095f6413c9461b9abb168c06c0a4b5161d826c94170f58d7ddb28
470,E,reference,104865,outfox,217,86b7c4cca6b3915ec3a586fa2fc1111d409eb78f8f3e833d9abc78e72061e096,1af3aa038c510dac44dbb708c9f4601d083cfc0453af7bfd98fac1d5f8984c28
471,E,reference,106661,outfox,215,889e718f4f1f1a81e1add2284b6a45ad7ad2aa41756747ee42b973050bd7fbf3,3905a7b52487d0999c9731f619f2324ab0a6a0f6378d12491d6e1f94208da82e
472,E,reference,107345,outfox,279,894e35cabf74b785a3bd8e211aef1cf7c8f6b85a0571f9bef72d50e7d4cff4bc,cf91e04678f8222ca01ada32409ae402bc33b5a7638ae7f2fbca3c9515e6ef33
473,E,reference,106677,outfox,257,8a0b3b8a759daca08d26bb73c3c86839ca281918867a75d8b0cd3ce5f4954b86,a3847698c505e8154dcf8f4ad95dab30ef762e247d71a229389219f3f329d5b1
474,E,reference,106686,outfox,181,8aeea9df29c76e80564c039079b0a34e1750b909f84eb7b11ab07f1b1456ac8b,8d10ba26fe8ccd6333a9546d5d2c3eb086de478884c005a89c35523d534b256e
475,E,reference,106046,outfox,299,8bffcf537618b7edb7b93a448327cb21de0facd7f728591f17524eb5ca30d5b7,d62a2a85034055003866aa75cbf5d50d7f0f3a8dff81c54af76f764c0f09b791
476,E,reference,107416,outfox,217,8cb758b16bec0e78373e4ca4caecdb3677c27461d6caf2dca525a57a403ddd36,25eaaf608ad7bbb049ed604781ec62406b9534edcf5ade8040b40f400e669d71
477,E,reference,105322,outfox,267,8cd1a31af653bdb5e6879b84cb0e7a597b0948c1983e695d66853a040027cbac,f52e31afe9d29d191bc8b90c31ac7dd8bff8609badb4762fffa339a9e44ec893
478,E,reference,106167,outfox,293,8dd83a210d18a74c943353d86751b64c50fe6006404883ae744f4822cf6c8b12,ea794d2abc479b3fac3090d396892c0ddfa8e808cc4f9ba83513ca7438c61b77
479,E,reference,106288,outfox,195,8fe67e1386d18b51e63991ba2e396333396e30fda9a5ad374e47f987210450c0,54b2aaf85356d3871215b3adc21fb4961ebbebd97d3395a6c3bc90ed0c09e21d
480,E,reference,106462,outfox,214,939ff85aa7d3af93f2af22ed021dae9e6a1d13a46b13470a17980ba45da42c0a,80dd00fc92796c12d21c3bbec0037e2950470ddeb329af608648ade13dc719d5
481,E,reference,107531,outfox,241,93afd86615b0a0734b6ca8e819596536ffb12928b79daa623bf29f1ec5582656,00ac463722b561f02a86ba064533771a4de1bee50b720a80f0175c5ab7342d37
482,E,reference,106648,outfox,287,9585735c9a187fd2d4ed849016f33de945d7f56affcc0377ee54deb344dae5d6,633a07acf0dfb7a1d502971599a5bda2a80504cff3c85a69646c96e1673b309b
483,E,reference,105883,outfox,253,97616934e857e8d9f35500932132dc4407236416ca18dd84de6af9f2575ae49f,aea8dd8c1b07efa8226480461e890bee25de204de18b748bf01d25c19fa29fb8
484,E,reference,106007,outfox,276,9b959b63729c89cb0c51e27bbd2ed9d40cab8906fed45c325926cf2f050864e4,a5635b140e4d228a5ee64c743a4f76f4b16fb0565b3ef6600e2428b9e20f99ad
485,E,reference,105140,outfox,292,a3804e83d0c6e32705c4227d4e32a5e87586f8e779263998a3b7d16d2f769e22,0523020075af239f8800f7cd6cb55fd3e15087780a82ba62d1655c15d67f3320
486,E,reference,105304,outfox,199,a42f441b4543c0c0c3b76dfd4a072325bfce9550556bdb51f6198fe153475ee0,91e1e8bddb98e3c4c1e0fca2093f0d45a4b3cd45faeaffadae80ead542d44bc5
487,E,reference,105947,outfox,243,a587c9cde4828da6dfe513bb3fb92ccb8d50ac0ec55a6e0696b44a4a03c95968,66d9be2959163156cfc413ab61f97ae8c4797efb8efc463dbedd86419f8d0434
488,E,reference,106625,outfox,233,a6ca224c80598dc3e72231a2dd9d0ea5d62f3c4331860a6165a46bea010be270,e6b159e0c568904697ab9414d9f2ffb73c9e11eb2552990ff0dd35f30564168a
489,E,reference,107346,outfox,202,a963b7f34a4dfdf1aaee0700479591eee61c083a7917fd9edac7b80c844ba4d5,b1346c0fcb7285b9d210c85feafd50dacac31c67388e0d39b2ee6555f72e11b6
490,E,reference,104894,outfox,259,a9995fb945641d1d5d5e50e318049c9eb5719c423766b0a2a2d7ff6e9605d58b,34170372209af063dc47a2346f94f119a85bca80cb031190209be102c2693191
491,E,reference,106090,outfox,297,aa111ccf3737066e06738e1d367fd40b94b04dd326362d603ba9d1a20dadf6cb,bef0f40d9526f68ce9c5a97f4ceefcb8f3ac8adffc1afca6d5958cf16355099d
492,E,reference,105728,outfox,223,acd8a56ae29c43e0db1edd77ac83803925642c73ce8f23c2bf3c1c3c262cad5a,c79701e41913e670fa857ac4b93bac81c43e2a84a68a9b86dd8b4d750d93b762
493,E,reference,107391,outfox,254,acff2bc2add7143b7108c1651726e06e1c8bbf6d88445ad43a0067aea92b0444,a019ee6fd64e8a31ed610bf9527ed0b9763d163e02897f731acae19cdbff9276
494,E,reference,107625,outfox,214,af1986c4278a2971218f9684c0d986a445ea48339b2f0c78be320af1d5a3a88f,37caec8e7a313b0af294452b29a4c5fa26755ffaa2b1060e32ebf2f6f28199b7
495,E,reference,106435,outfox,278,b074262a1eb3e1d3c7fc724e670ae9978b44d1a0de939a04025e35092a93d9dc,56c093474f66de32e0de4bfc8f62a2040693c2860ba498e4f012b28a7f3fd97c
496,E,reference,106726,outfox,229,b2ca9fd9220563796615120156016ef4c5b8895789061799a9cb80aeafa9cd64,5a7e28b4c2c5803e6d624cd4e5c023858bd2bb29721d2e5675c5aba67caeb456
497,E,reference,104963,outfox,247,b351cf7f80bd21bd01511ec7d7cf8416d458c681d8824cdd2f51537578eae803,49e5d29bd581869ff54871ae636bcaf05f02c431f3400ee46ff6d2be712a5ed1
498,E,reference,104928,outfox,222,b5786d1394f8be46e8a2ee4c948198bfe9541bb00fd3ca37e13a93e7ea76f4c0,35a1995da5aa28e9b6e48adec2a115403e576c53442626b5dedb041af7fc9702
499,E,reference,105844,outfox,228,b7c149c8dc2c8329421c02aea93216c3958bcc0f75e6e589c683af9436569591,f0831fd2f3c7998e28ea2de56c10680afae58832b54126ee5f0cb675c334bacd
500,E,reference,106885,outfox,231,b944520ef9833424766867004ed4ff59e9472a542a582f477fccb6e973761465,5b22ba45e038d816fe5dc356a751ad98750cce9fe7a99871d81b283607075cdb
501,E,reference,104879,outfox,280,be745b8d4af5b21f1ae73bbe5173b4eee9ad901c9585315f9b337cdab474c0b7,043360cf1a124d34e472959ded1090d6c39d4e4dfb28b49344dc4f5dd246725d
502,E,reference,106478,outfox,196,bf19b18d5a507682956b0aa6e99b8b508bb63a65a9b4381bd05ab05d891cf114,9d70f74369c550bd81f819d6b54c66ba946b69b75542d2b2591704597a882f33
503,E,reference,104834,outfox,266,bf53d00cf3bd8f074cff40b791e7ea1f5265cf416aa7a0789a99f340f5f84938,948cd37cb6f423ec98a5bd46151770de56b9406e56640f5b97f1b8c41df229a0
504,E,reference,104845,outfox,270,c77690aef5286dc6c1da2f800669894ba29c83d17dafe1a41d3d1ad57d5266d4,5b91d1a1f9c4184a9c2f5b18e19ea217e575913efb9a754c941c5c7ac3e14c99
505,E,reference,107178,outfox,225,c8f42c6f105ffbe40ef44e5e72333beb700ec23483957b1fd8f49740e87e854d,6d2079ac6fff55955423a3d8160b5e6586fb8cf155c38bf6b860508814b14325
506,E,reference,107638,outfox,269,cb3ed3ed61a9df0a89fb37d490ca09ba3b50d7f1b3e2182075c4c90fcef19446,25b55eaeecb42e2c2e0b4969bcb34c6a3e6037e44677db83c7cef1378489cdb7
507,E,reference,107421,outfox,198,ce0be9931578ba375cbca9fb3f58afef706b71d3d250905d6074bf7c0be9ddb8,2bcefcf7964ae3134df60c95dc184b324e38365d1216716ebdddc5c7eed55940
508,E,reference,104929,outfox,239,d15a7e62dd7e5709f92c8985eaad51e92af15e3c2695fc24ed731165075d0c9f,4aec3751d6c5b15928d4a2df75793e366c37ebcdd23c229f3f2c6590cf866089
509,E,reference,107049,outfox,266,d4170d143f4a2a95320d75a6791c71a49ac4fd0ad0f2ac0454104b9cdc331903,eb9e7d45ec439cf7aa7d3bacdecb65af03597236b47fe603a5d8a0ed6c85a520
510,E,reference,107544,outfox,286,d4ad05eaaa3355762360be168ed6b0b65b5a90e917c85c425cc2deb82f027f4e,e56e6f2fc2308d2514725ebd70bf5765a5ef62f55831645d38c7b661123fa80c
511,E,reference,106186,outfox,243,d52b8d8046645d0ea5ba2316fc2edd4bb76bfe040b0ce7c0b16ed989253904e4,d1ba88ddfeed1719dc5f762c40662055d1ce680ff07bc00e78f7474f912f5d8f
512,E,reference,107297,outfox,287,d7e57c5480971e935fcc761fc3b077799b3de5bc9115d556a36b196a931b14ef,29f08804e4ba15b591447379abc02370d5ee6c7e920ec9d4cfb1e7addabed85d
513,E,reference,106332,outfox,242,d984f451390ca23bb1c2bab8df65c0718eef22431287b4e74f9a29afc9b5a64d,397a1ce484582a3e403699e7e56c1a5bcd1a6dd99f369d440cc8f211fbe41fde
514,E,reference,105223,outfox,187,df68de9fee98172267a72c5e70da531d9e09991f6b42f0ab7d457ab2ba65e6c4,d01cf1c8540cb19bb67b57a0737a506ca8f49ac711570eb341c13c161e3f83f8
515,E,reference,105825,outfox,239,e091b06a2a8f37dbb4d1f176f0a650ff0553346bb085943b99de29d29900ba57,5592745f3babc17707abf8d84f59ff3f1f612bedfa8c4444aebb98a34c730dfc
516,E,reference,105351,outfox,224,e4367c4dfc439d89793ceef0322f2ec7d11b90a90a8f74cf9a1ff344d454ff8a,b321fd03fc4de5bfcdeda5e394a2439addf873b7e44d0676aab6ad9187d90d2e
517,E,reference,105474,outfox,252,e71dee892eedd1903199606dc3fbee5514c77e929d77d83a218cff3d3baf8fd0,dd0977f46c07877838f9657ea54c9a9d4497a57308ccb55bfbf4ecb72b4557ed
518,E,reference,107298,outfox,229,e760ff1111362b0931ff28c569f3a798893cb04520a75af272d1be2eec5e840f,29c734acbc0c81ef8e595494378e6dfda97f175d2ab28a8189bfa5e617ee624d
519,E,reference,104998,outfox,229,e765184a4d4b60dfcc72df7a7e8800f6f2497dbf0089da3b7f8c266cb0e05a63,ade251e0c7f018871545298047c97f6ce7190f784d2155871c3d4586a693da6e
520,E,reference,106995,outfox,247,e7d6cada0b74577f81e0bc21d0127cf43b8270ccdc867d388d35760171d43447,c2da76729b63029c5dbc9097a8ab57286607d4aea4a5dd9136a7e7a4a5d9c58b
521,E,reference,106901,outfox,258,e89f7064c1b748f28e4d10061ef6b56089544e2340eb4b73dde47d2cb83bc73f,7cb761d2cc935295032978aac36ccadb481046ab3d4c6521d25727ce020f1c00
522,E,reference,107791,outfox,206,ea1b5e79e8cea57746cd29b5531f61e5ec0ef5a4511dfe7118636b2ee9abca86,7b944acd66fb44ae44a8fa016202dce66183fccf23ceef859f51af330d7490b7
523,E,reference,105948,outfox,208,ea1d53ee725f0fc00e1af09ff705412187befb6fb5cdf1f10603bc75fc875fec,676ba7cdd5f71814a3b904cced9af3418bba85f1e3c4c8cf421881bff87e62b0
524,E,reference,105078,outfox,282,ec2108ed1f7559385e699a2192c81e96e801f56a93c928a49d2eebca1bb37893,ae32a79c696c2e50ea8a7d78eca9fd9b2c8e4fc56288516d653dd5fe8284c26e
525,E,reference,105005,outfox,214,ec694a54acd435d0f047d6ddc15f45fb47dd69f485de1e001e0c3f95e4b124e3,906f20ef40147f748cd4853e1d99f3242f03b89b212f87017409f8aa88846b65
526,E,reference,105560,outfox,238,ed698872a7889c4be5254355f4130e19142b67de3ae67c5af7bb5aecfbc5647e,54750ecb3fcd6662f36f3a11d82295da120b4c8c327e40625eb3a76f9a548734
527,E,reference,106999,outfox,226,ed935b3ef8fbd4c74a0deb74c95605398b469bb814f4b5c204b22addf373fb9c,a13c2875632869f8ec52b40c030c8157adbacdcdadaca7edb3698205d0dd28f6
528,E,reference,104822,outfox,249,ee5eff66a8941583b1a2a1725d572e75acf3c617d69d93446da9d229a3a80286,11339759dcd223443952d1a62f6ec32e14d9ef25dbbf8ddb109d62f43a7047e9
529,E,reference,106041,outfox,300,f1d2285c65f451837033c2b6b164844fa946f6b8f8f4dcc430e0908da7696ad5,6c6364d5c5194936e0d3a616ac477276d06405115282c25426f5d1d25dff485e
530,E,reference,106577,outfox,249,f7ff39c779affa1bfd22e1eadf37748812c2a05ad071807955b8e4b741659a51,5fe8d429f5f02799c5d48487cd4683cc25b6dc52659ea9e5d7629492ef654aad
531,E,reference,105403,outfox,280,f985b3cf94763cb5efaf233431b76ce80a22e2b491851a4b98118a52be84902a,9faa38846796dd43a4f67f401c33917ef382e93fc3eb7f0b0405c45d9a053f3a
532,E,reference,107479,outfox,300,fa020dd2ff7f52b67e7452a39802fb256a0cdb0f0fa733f7642bbb6a2037c3e9,b4287764ecd49e34cdf57ffecc3202d5038b92726efc94f14f1fe677960bacd4
533,E,reference,105613,outfox,229,fcfd15b518ffe62d02914185c3e2d5322c09a1c8cbde7ecf21f190f332640f04,579de8c654fb444a6ef95c33cf3ae5b8c6698643fc075af0e1f83fd49ddd4d0d
534,E,reference,73383,peerread,281,1185f25fdb55e7a7cadff8fc171deb87ffbf6bd9d3ac3fc08ce014e56ab92e53,862602ce197f116244f8baa3463aec28317bbe5d899bb72dad8385a1d719f4dc
535,E,reference,73667,peerread,297,1356715298bf5893dc8063b95f85ae6a35438fbb276d450fbeaf06bf50101d34,00c883c0cd12206da3d8f5eef1560fb8b81ec6bb8916f800bd09d7ef8ee86cca
536,E,reference,73971,peerread,218,13c95aea295d975258de0b60a501cdbfb08fcdd4943b5074bd12900920ca9087,9a54d0dbd76c9f0225be864f02e1e5fab8bbe6bdb1df176957bfadf29fbed0e4
537,E,reference,73757,peerread,124,1487af5932ef0ac0cb0a29a4c2018cacd5ba47b871b0d6ac9010197748edd4c8,3069f44ec521dfd912bc611e9b32b0574d55bf4e5ac15dbbaeb4b3a1137c44f5
538,E,reference,73820,peerread,224,1616e6fcff67903dc8184a166343906c00173af3cb614d8543abc4a694f8de61,4804bb0cf371dad8d76e717a31f15de826d9834b803ff999af9df9f951d6c7a0
539,E,reference,74423,peerread,164,176defb7d8f2b45882ba4f0f8d06981fc049f971f78332df66ad65b0e8fb059e,7f23a94c2db0b50943b14bdaf0c615ccad14d5ca63c8fe6bdedb7056e7af11c9
540,E,reference,73738,peerread,141,1917e6bac6283d0af6a0264ff8499f6fd2bc4d42b26b675de0d82f66a2d3f3df,3e8682df5a4069e6e27f100f4fef025414bd1ffe44a92c6a78ea8aef451b76ba
541,E,reference,73933,peerread,141,1b778f10c3a69fbfc7cf649dfbca5fa98680d372e8f58d557b0d4b733fc01733,4f68b96b9096e0db31d6d97b100e50573805fad8aa764e11dca51326e6772f06
542,E,reference,73772,peerread,201,1cd2993747d97079c67aaeb9fd4edfd1aa9d1106012e7848430e3a904a2f0419,f636afa8a62a006a63ceb8237a31b53404ee0b2dda899c6c697717224ab6e44c
543,E,reference,74417,peerread,184,1d1cf041cecc6dd4844fa22cb29d563181d4ddf12c443c8682cb49a4bb5137ff,db95514f313c7078c5e07cdc400ca80dc68ca4c4f32d0681c70afb1e83756b0c
544,E,reference,75405,peerread,137,2386ed82c99726b911c089a99d9ace339618e1b833cd5665f453eebc6086fb36,4d0037e6ab91aee09e8b14a935d543f6f1ad2ed702e784e9da71259f69e8b6ec
545,E,reference,73528,peerread,161,23e9c18a6ae798ae7971489eff12b261478468394ad2646268a049c324a58b4b,d1fcc1544cdd0e1eda00a3cd0072c872a0746b620de0be1e186e41f60d57d42b
546,E,reference,75403,peerread,270,271feaf6fe4266d6e1b16ae76700ab9eb063afbee1fd2a5a8bd53e7a818f2384,04c3487fe293705147e781f2c0040f5d4b89a025b961ff433949c61d208f060c
547,E,reference,74232,peerread,190,2b80f37b28fb33c03cd7afaf0e8861782fc9b67a7d835c322ee8f0f5a3a07308,ce0fb5cc42f66af5af0a282301ded661784be0c2cd7a398ad6732a7e24c34473
548,E,reference,73252,peerread,162,2be6f14eb50ca9ea2a49387c47bf0d7349bdbcf14ebfd8eee670e16b245b46a3,e4c32240a5ff524cf45e16e48980b3d7419bc0f4236a2404a93db8ac76a44de1
549,E,reference,73075,peerread,197,2e880f362058dbc74e422d4b33e8a295d43a0b92c12063f078cea4cc8b203afe,0095754985e4ddc2031371302da4e26441929a3bc2690048a2dac93719efba20
550,E,reference,75198,peerread,284,30c5865dea4098808012ceb24d97aa2b953a9f5f6a935587af30091cd5d4b893,4982191fd604ab83bf1bef259d0564b186ab9a1f46359ee94868f65aca806990
551,E,reference,73156,peerread,192,30cc5b8d352f7c9d3fa13f46dee3c817303e95e30c932772e22edc88589dedb7,79d514a76e25950dd771e5ce460bf161bacea3a5fb3a6f067966f6e77017d321
552,E,reference,75425,peerread,176,30dc29a1ed8d1e439e0d6230c16bf4465ab21d60b6787cc3078a0f5036880b02,2b5578069d107c9cf9d8a860775651d8af68c2c2f540b278e38c20543b18967b
553,E,reference,75583,peerread,254,33d62e7580fbe5d20ea45734f0dd227db619e0168d5a95e0882bff977bf1c4f6,93d766c82c90ebb4248c7119971b909d19fd6216ec4fb7ca4fac1251035f8c4e
554,E,reference,75669,peerread,284,34d03f0843b5a1ef870b74e8a7c5c5169a04d62aa00eea7b68cd48a9759695d4,cb7a94a3ac23504c12ae93a625f1318be36f33040628fb5b4255e16cef8d0400
555,E,reference,74611,peerread,128,35cc5f8e0bad4ee943f46ef24940c58453c711255ddc0f108fb2069295fb04e1,defa631eed93b32b8be356c8ade53590b1136d50969afa9e797884a660960d96
556,E,reference,73111,peerread,224,36245390d13d4a8df583e37f88bd4a9f5890d65d53d021562e04b00f0fdd4886,3517acc1c06f3082c7c2755d5818bb6970757d847cbec80c00034526ccc54992
557,E,reference,75174,peerread,202,38b098c5584d583acade241a0dbac6176574b2147baf9b9278a1d67489556744,bc0be1611136d643a6a56c9bde6030f5d935131b88a4bf3bc3c69ad83f26632a
558,E,reference,74940,peerread,228,3998e5c8a9972ce14984637e8d86a4676d02e733c109938da2b343e4ec211aee,c9a01b458ae8b6e37c95ce5cd8a2468537a9c3b02c08f253b58927178fa56b96
559,E,reference,75190,peerread,129,44f72204bfa1e61f6e3380e1a52d7219509166b0c0c347725114d5a4c7bc5ee3,bfaa22eb70fafea098d71d1db365c178b1fe80f3c4d1ef48c7316ef84e828018
560,E,reference,73972,peerread,210,48c32df9a4024873f585eca828aadf11bd755038e1a586d480295abe1a7cbbbf,4c5d544ebaf6d90372cafa759d7ac7f32943c94e96d27bcbfb8eb0635cb0f985
561,E,reference,75550,peerread,167,4a16e5c2c8f40324076b33c84fb7698466fd89c96ffff7cb604ac672ea5ba84d,506f9b30d93bc380f57a4bdec9cc1d1b331019162c5745eddfb0eb1804909208
562,E,reference,74993,peerread,197,4ba3fe88fe9c5337ab021995c68f55522fbb37ebfff130216b9e2f44842a3dca,120a3d27ccb996263e7108ac59c56e63a25e257c82ba23d53bdc560f7299c6af
563,E,reference,74117,peerread,134,4db0cdb2a4870ff3960c9073f6a8f420a071a7dfce3ae2f5dfb566af57aae737,8721bca9f3f2b3368448550280336f095afee36c463dc501c723a5c575fb4eb2
564,E,reference,75429,peerread,142,4dedbaadb9b25eed51bb6febd77c66e7a6bfe81563d0ab412ecd8aa2692bdca7,65d17ba8fbf172faf5a64f1b7cab1ef8604100be8984c425c11480158a37ab06
565,E,reference,75537,peerread,127,4f37e6f6f621b631ae718ebf5c3f4f30c146c17905a663563ddf2dcfa4e34e7d,669bbc3ca00a8a89640254f0190ccf79cef32ddc46fa216b54fbf8d96377d1eb
566,E,reference,75631,peerread,162,4f7552e261ca120ac1f6251f192ec24856dced63be890f55f6c77bd2af684570,55a399bab14d2bfaac16c41d53ac764f0d3fbd9094716eb0853f83fe709a5e12
567,E,reference,74805,peerread,261,5326b952b7581a3e6402b4c8136f8a43d1b7ce9766929f134768070cc43a730d,feb6bd3d4cfcdf12e0224347940f11d51034ec65c7360df49cfbb8d4d570fa82
568,E,reference,73099,peerread,194,55ff4e50a4fe1db901a511dc3d298853a36947f62431835566420b7ec431da71,e05e6460b62f348094cc2301ab30e7112444116f44a11bc27a9c8465dafa24a1
569,E,reference,75280,peerread,284,5afe0011d94f93494d3f2c5109ced2de4b927425e3ad29b41cfdcaf1bd98dbd4,90b435b81b56c4b11615334c5802857929c33ed91c95dfa60b65e4246b8851a4
570,E,reference,74939,peerread,226,5b1b64c0cf12cdbbad9393037c63bfba3091a40fc82643dcdf117339cf3bcd85,edfc17e2279dc97f3583d9eab151f268a947defc02fd42aadaf58f674a9238fb
571,E,reference,74353,peerread,263,5b1f916e881466ffae00fb84df28bbf901812c67ec9ca9f3c465ce8e51ac63e0,9da74f447c7cf7adaadfdf83dd7bc44c0f201931b6965b2f62d5d5f89b955234
572,E,reference,73264,peerread,284,5cb62f7a6d693c28cb19bc99573d8651aee4b73e7de93a3acbb341a7ef30a78b,33c31824662c240864faa8a3407a2d8105439adfdf8a0fa7fb9969ab7e557af0
573,E,reference,73098,peerread,284,6436b61aafabc1a5bafe81ababe00c6f898277c7b2c54906a9f05c83ea29c7d2,739a14da848c984bb518f685bff201a13025c8d7b54b9c093ec6988c1205e502
574,E,reference,72964,peerread,180,6702177b8b2b583439a9e6cd623324f2cc30c7dc303a5ce2e395ba81074ef690,97f02362da2cd99633f3adc2573d01de4e79a7e2c5ad201be313bc5b875a6532
575,E,reference,74930,peerread,163,68cee6df24f0a69e20ab94067eb0ebc251248751818a33fe14dc168e00880604,88c02ac20cd155e4928dd772b6f7fde91c29524120fa0950212e1b029f04d954
576,E,reference,75102,peerread,133,69829a708391f15712aedf9929e1fc5f25fd82e857a9ca95fe1b5aba66cd0390,70aa823c9211bd4363452874a607786925bf8a641124e68b895f8f5abf674ae4
577,E,reference,75585,peerread,183,69b307124656b7a6e6f9bc8f1670dbf7289f28026473f14db40785ab810c3d5b,cfa1b3afc980aefa84c8de320119b8403961593ed9c6f3dfb7c90bf2be6b4088
578,E,reference,75208,peerread,121,6a6f677e922e243cda6e8352bb988faea9e231b6a43181e3f63e765a73b4c646,cb322c1fd2eb43bdad52ef05584eeea63915336c3ca4edc6fc920d768f0d89b9
579,E,reference,73235,peerread,203,6c97ad7803ee1f2ef39ed2ca8652951adcc7ed49b65cbf798c8acfe5853b9163,2bbd8021d0a4eb9ae73eb95ccf3e7c827c866998bbb46ca93dca7878c10d0b82
580,E,reference,74629,peerread,267,6cc6e68dd516b22aeabbb26d2347f7ad5d8a7ba2a462ca0b3f2ac940c72fde9b,5fb9afcf24e8cf8eb9490700abd6dcd1a62ebdaba14200c69db94f75510ccbc2
581,E,reference,73930,peerread,294,6cf65845976b92876575eb5411499260341d209d3f10d63d578fc79abb34d8da,d25992153d66e85c8e59ea571ea8ca7cef5c9c697a4297d1eb970d9e75ce7a01
582,E,reference,75665,peerread,174,6eb7cc1ce7ec2331f71a63dfcc36316fca6eaee19ef2f5e0ef499ed3e479d041,2351d4bd628d10db68ebebffb6b872f935622e3cb03ae831096becd112dc59e8
583,E,reference,75165,peerread,271,70a076d2ca6583eb522b9a62fb8a8cfe85b2083e35765fea102e66434b66750e,8aae3c3545229e61d72d917968f5ad1546307bda25d2378a8c8148ae953b3839
584,E,reference,74130,peerread,278,70c93983b469ce7ac76f11bdc42574cd637bd74e5322d9dd5f5dbffa0244215a,422e9f4b7cc1084374bd56cbd6c091d1ab4e6e5863638733b624377bcef731c8
585,E,reference,73105,peerread,133,71013beeefe9f3db35f59a65477568384e5a0651d239935c8ef57008499fd02b,1e452e8023c8d5d24a10ec49a901207bf836978a675ecb0c0693755481ab3491
586,E,reference,74211,peerread,125,715bd537b3528871f71060bd8baea32bce7496b40d499aff9cf6114e26c41ac9,9e4dcb65879a28779cd4cc898754761356fd514c96e522acf2c1f4a5dd1ccb65
587,E,reference,73082,peerread,251,72271f685c5bdb6d256e9ce82303f4889fdcd6c2a2a45d68c11eb47d3f0871e8,4c30148a111b96f9f339df24706848c9ea2338bb188c6f495ebaa8706124f01b
588,E,reference,73068,peerread,293,72eed17fa409d94012a4505524eadf9b859245f14b383c7846b60ba6d699e702,aedb675c256b3cf23854208bbc1edbacdfd381b5fd926ba705e5234670334ab1
589,E,reference,74527,peerread,133,781d3a6d780b423e71b90637279489466182026ebeb50e4b46c4f6f07123e577,d697f452dc140ec4c6f6b4ff416557dda0ca8631ee92e8d31e643d63edd0b301
590,E,reference,74607,peerread,200,7d375babad3400cdbd03fc05f49315698bc34382faea6fcd7f9b13fa2197ddbf,ceeaa946e1a2fe4720f5d85e924826404a0b37ed1c64db373c73bf3e6043cf4c
591,E,reference,73986,peerread,274,7d583303fbb4a3ae919ae71f20762dec3753d0b0e8ab8a6eb7e00ecb1adbeb2e,16e685862fa3dafe550d8e455fdfd0ff8d5892e4c29e8dac5193dc5775e58efc
592,E,reference,75201,peerread,128,7e09eb8956e25558f8d21117a46c819fb6235b694621e6160043a19b9d202b05,98a9f24a68f8996c704bb3fc1bcc079c6af1702f52bc3d8028e2b93e1e6991a1
593,E,reference,73640,peerread,202,7f5431ab2d76d065dc80e2924c05fd5ab0a080bb07e04ff66809ec982cca059e,a5b5287948516378862a7fc57f3b7acb06de90df5059dbe8b79ef298f1111176
594,E,reference,74204,peerread,121,8034008af5025f385e297b287e4359dc4ae267cd01597ac6fc6d578d5ff82559,5fd81c181afde74b06612e3d795358d52b478cbdd8d63664869f8a5ba53a7b4b
595,E,reference,74178,peerread,252,8109f225057f90103eb26f9e3daab08040452844e69b45fa5fd89f4a26f9b5e6,1d41b20ddd9811dd6ea576f1c615a086eba7714f2a096a760a8dc04bf5f2dea4
596,E,reference,73957,peerread,179,82ee554fbf2825af70bb08c4307dd1b083b9af71bfcdcc324e85a3a6ab7198ee,e114079a0402c3746edb631265c140fa21e53a3da4f15bf01bef84c781af5712
597,E,reference,74803,peerread,186,82fdbda2648ac27cea89839acb8a66b87f5b917ba4e1563adab2ab88c495e5b5,d92778127f821d019c819112347a8908d2d51e5b08c77aca4882f8d140780b0f
598,E,reference,74170,peerread,216,83a3721ce06755e9c281c9668b311ab66dd5b3aab3b26ebcf9e051fcd6babf22,18c1f0960e1696954af0d15f9610a170486b4f9d4abd9156ece39e5bc342c616
599,E,reference,74101,peerread,181,892694ef460143e4a89e62373914a779f04cc1d38e599dd293d44f67c4628128,f869edf133cf4050c72b7352ccf62d4a99ee00e13738b9e7920f859d65e2b196
600,E,reference,74153,peerread,140,8ec3142c74a4f08e2bf292e7c816fd7c7f2788e6acace75ee4ad8dba57978b5a,2439c19e22f982afb6102ef4447de98445ee228cc9c153cde285d1a5e0a8087e
601,E,reference,73511,peerread,288,8f2b40db8c70aa970a1b2b5e6a68f3222764138b6fe0685e7b4a8b46ce6e9d2b,a45e74c007fe662ae9bdd4976867de37992016a36f0fadaaa249f393f19a72dc
602,E,reference,73042,peerread,283,90391480d4380f426c6ef7f94fe7f5988ff0085dc1ae0eda6f4a1efc42815507,2265cbbf35c4b34e7c39d313ad3fca452c78ba7573ba48b859c74e224362e14d
603,E,reference,75739,peerread,146,92b619854b8c018c6e4edc6cb29e70ca2a7a4910411fc8779a0fef3626b54e9b,57145a8fd9d2d9f841d7f03ef1039d64db32094dd413ec965f056b35f2b167eb
604,E,reference,73485,peerread,233,93b39745960b6e3afc2217d61c183dbf446ffec491ed6c5335de580073d38da3,541f28a2f3b49b1b2a53c9b26bba6c13176316f5b92dfbee35322c63d884e1f5
605,E,reference,74489,peerread,140,94d0684536f77a8c6775fd08868239194354acc1fd93eba1c631cef5f44f066f,03a959cea89c422700e11fcf582ce5d38f219ee82ed2407e31c007dfb5241eba
606,E,reference,74389,peerread,165,96c0790872304f8f63d7bf9f58b4c53bf6b38e7b3f433ef57d5125d012d0b036,88eea50e682ef12dbb9df1ef3182f37113930722c9a94ffd6b52171c036e06ee
607,E,reference,75062,peerread,161,99038956c3cf3ac886cf394452620531eb0f4f4870e03d165e203426a1ad9f21,b23bb480e85faee195909b17711fd3a5772aff519e242f979dea5120e1d2ed52
608,E,reference,74424,peerread,235,a1fac649d08243530aa6462fc1077ed76001536c0c7453d821b94846bb6723a5,35a56c56b4b321b5c16ceddbeeed7ab3c31d4d6b5916f37fd860a4a3b3d3b211
609,E,reference,73499,peerread,124,a948bcb3ed5322c729699279f86f41d2d5ff9e4ff5e300b3eecd9a749b77668f,3472832448f530e1029f8cbd68d4146f62f48ce1a58718fa1f9d14a1d9df559f
610,E,reference,74430,peerread,154,ad6ff700b95be87014f81644672c19b1fb8313c36ef784d2fe2d3da83fd7f007,253c2fe4b3358f1db20b5422a7d5b55f13dc73183f554d4ca3efba53c5b09e05
611,E,reference,75228,peerread,297,ad73cd8ce623037ec691ed59c8458517c7f1a75b10eeacc89aabf4cabc12b8bd,c82ae39b7ca5b3cd3c76e493db0c58099b1446b4e3d397cdf1c2c31e081fb7e1
612,E,reference,74056,peerread,128,ae4154083ffec3fc86d7a66e09eea9dcbc6f980c8a693131019698f758f2e905,62cc8d1ceaa2f3fb19a905ff9e6b0b5450fc7aa33f03b9d052a45bbddc153d49
613,E,reference,73110,peerread,220,afa897866fa7e12b7e093e80c5cb9d8c060f837cd74d7d5466b988486edbb25d,4f4092da6b6fecd51c8ff0a8f8834e382493ecd939acd629a6a0f2cb2c65bb00
614,E,reference,74060,peerread,216,afb4d1ef06d9c29c2f66a7fbfcacf22854165844d8dbcc8744afbfcac15285ec,4ec58d3e266b8dd7be4f7ce864668b6172463c46365213c11f0d2543473621a7
615,E,reference,74012,peerread,220,b0c9da9a919045e2ebf10adbef51b7c8e034c47bd99ccebd824a06415b5c4f48,61d41576ef809536025c5ed5d69d4e679b27fba909b135046813052df8a1cbb5
616,E,reference,73073,peerread,173,b12f0f38b313f696df1f4b8f897a37c77e052e32ded9cca58a1772611229bf37,3ea68040b7031d120a5f341f56f9c176c81a56267c2f050ac59204ea407d1966
617,E,reference,75553,peerread,223,b1e00dce89f7942646ed09ec007800364b419aae5f80832b8427550f86c3f3f3,ecd72cd7d986467e264a8f46783427e7ef9708707e9cc37368ed52a3405463da
618,E,reference,73060,peerread,261,b7b507ebe78c85b263284c564c26331545598aa303544786b19797bc1c2a604f,937528d77a33e333228c9b5fa71d63bfc528e6ea82dd87b2fb6068f28a84403a
619,E,reference,74453,peerread,277,b94d6c478a3a66f62ea52e0b3514907cbb92d126429b71f850bbdfa2c73def96,2efbe6def7090b57077f82aff6b46812138c4532bee8a6e7145b1ed20515ab7c
620,E,reference,74300,peerread,134,bb8fda4507cebcc0f6fc557372495bbbd6fec3f2c227bb6500221efaa61c14e1,9d0d3ab6ac921c66b9a48c447bc4d93ffc354ec4a30129e565f2bb8d8d385158
621,E,reference,73566,peerread,231,c1029cf2706e506f33f37c342da6c8667439a87fece428dc15cd86341f8557fb,bf809f5332994dd9a45e024e92aeafa7eff411fb54297f17ee518001da4c6f6e
622,E,reference,73828,peerread,162,c12152f057b3b471ed8fbeb2c17a94427dd7dce115cf381495774323e38e9fec,bccb3e5a4996c5b3dda03c4efbd6b3224aba2f9df96f1d8a1065a8135facf67b
623,E,reference,73389,peerread,216,c351d554acfe7c1550cca0b2445f8afe316abb7775180f033f52582d82869e2c,6de24aa5dda4dc8b37ece6d007eb1aee4182c3bc08b67c574e34065e471a35bc
624,E,reference,74393,peerread,133,c3a4d3902d965bf7f0a64069fbbd8ad8c06837d3bbbbd95a3fa5220de2a747e2,d2476689b1e689c42f123bd2313e09358565804431d887ed7d8043e93a6fa8fe
625,E,reference,74934,peerread,224,c45d138d13d0d13f4f401b08d3619cc15ea259e97687b6e5535112cb9d5d7ee7,c8f04a7ecb8b3e3f2ea755f4be25cb9637bebae2aa498628f5f3408139b0977c
626,E,reference,74635,peerread,175,c66b87f761c6a36828eb05f3a914b839ee8f779eeb9eb3e1b9e9a5281f377b61,c958e30f12cec7c4e47d5371432ca1bf0f613be18a577cc3feb74b975f54180a
627,E,reference,74270,peerread,289,cae8aa94237e7498d6c26af7d915e1a19d392f7d20ba78f75c33e33b4fb16e05,2aa802e912ce263edbf77a52e3623f2517e7d31fab54cbe47632b6ff52de639e
628,E,reference,73118,peerread,201,cafb2f3c0f6558e4e3f2a9a7d3495a8f3f9dc3396ba6ad7e68d182d05cd0ad35,a72a1351d0f358212346b7b49ab4fe552472a8f10cb33d92dedd070d180916d8
629,E,reference,74988,peerread,221,cc1c2e3e9fc0f8ea253a03b8da69d404b1a682bec9585985b54555da3506aae9,022001a3138c7f68f42c66e7cf5d07b0a533b63c97ed8585cd463963ef445189
630,E,reference,74585,peerread,160,d092d6d3d1d31161ccc2af0c71616b259b52b80cc632f0199a981342261d9647,0900a8b0b0f0a3786da6b3f9d827a6bc147dd423e10311488df2c7b1906c7e84
631,E,reference,75044,peerread,129,d4c8fe89ce8639be1bc030435f25b7a45b3079675c1c5c8d2d16ebaf47b904f6,9fd3d82056b34ae0abd4ec97de552d63cefc8ffc457bf200b6fd14bfe79a0591
632,E,reference,74284,peerread,295,d5cc71af0f07ae80a400637a8ab85f74cf9322bc3f22d0029aacbc0c4975db12,7246fbf1a77c259b763286a2995192c74afd7242d1119c3fc045f508d6ec522b
633,E,reference,73659,peerread,241,d5f438abb1b02ed8dfc4e1b2d63835db3292ab4f8bf532ff072758397703dff5,224d3f5dbb79ae4a52fa7cbc90ffa154a86eeb05bcee0ef37c053ff42f858c1a
634,E,reference,75721,peerread,275,d882031baa23d5143d25c6fd8fe47ef2eccc9cd28e365e41870075bc0864963f,710e78037f8d8a3488c887beeecabe6f7aa6525e70b0f4b54fe372d3bcf1d637
635,E,reference,73436,peerread,183,dc7141dc21af924d30f289f5cec2edf3cf785a11aff01aadabad8326921727e5,b9ed87bde84d54a5c436bf88a700e8053341f250696f5e57bafdad3b6089b213
636,E,reference,74817,peerread,293,e22888a41dc24643fb19f1e40aeac245e5973e748f1604bb2169e660cfb14d1e,330de60bcef212febb4a7ef2adc971d301c4f4e634fe2cea274638e47e136b9e
637,E,reference,72972,peerread,203,e32376cd6d6c33b81b4bfd655873be3ec7f09322199e94258c13b0d0357eac5d,93b324eb82ccf98c1842d04c05f65ea2d063d4da7f313ba0cfb0bb9e43f81fdc
638,E,reference,74166,peerread,168,e49c691c03dc89a306c728184e1e095d1c14b1ff5c6f2738f9c39e495c01ebec,c226de21bbae8b23799a5a290cfd8bd7b90be60a780e204b2eb28a613cf2782e
639,E,reference,75202,peerread,180,e553cb72679c551cb2e5dba75791a5547122a0854919898b2d74d8899c23f8a1,4c6af199eaa90c40bc3be661ab21586db436466495ccb8bb8540ba4fda8f4b43
640,E,reference,72942,peerread,286,e6b38f164716a7692b9e3fda145b3c2f40b1d2cd05352ac8facf5390ccafadaf,fd87a10af790f6d31f43fbb3de7d20b67912e249f1f8854c53d9654efa04cd4f
641,E,reference,75010,peerread,131,e89c6760bfca1707dde9a341bbc4cbdd32d86d86c3082415fd4ce70ff5ade509,51b582f3549a0ec118b07a612b8b7e058e21352c3c7d07d23817daa075b9a554
642,E,reference,73369,peerread,257,ebf21f00a8d2483fb3b9c884f171c739fe0846be2282df41203dcdde848cf020,3c73dca6725a5538baef73917f456d875bfbbc0cd7a48336889b8393ed420b8f
643,E,reference,74825,peerread,289,ee17175e2dbdc2a5901c2126a3f53857e3f4504ca5513331f683a16ab1f9e827,0ea1322b61830b38bb7e95b4106d4ba3a6929ef879129b914ea4f0e0c6b25b33
644,E,reference,74584,peerread,242,ee8d1d18e27ebde5219f798da71c899485d50d90a97bf5a73e8a792bb0aacc09,762e892cd74f37dac354a7c98c00ccbfc321321b6c4f8046565bcca0fad8a4e7
645,E,reference,73693,peerread,166,f5c73c5e70d88fb7b4eb67ea879106038cee16afa0acc0752c0777ea4338c606,feabae98bed074a3433ebcb9ab2ec7ceb6229d069c822656ba1db4c04df0709c
646,E,reference,74753,peerread,221,f68747f2d6042a2d21108c094ca3bfe6e2dcd24af1fa16b5504941f62120221c,0d8695e6ce3bfefa1de5aba19255e7a6a96c5a91b5c3944ee51675ec16cc2339
647,E,reference,74497,peerread,288,f89f915eb10e6693820eda0c856ec84dfdf717a5acd78a44f5ff9572856a3767,71b5319ffe0bfae17dd44fed1d5ae035bd71d8a3ebc63d74168706f3bafdf695
648,E,reference,74158,peerread,217,fa343f717983e7459ede8882063ce07ff6e3d1dea23f747a6f939e620538f5e9,af6c010f9a438e5b9c6846c691beff319626b8b3a9712b6256b0b8baff10d954
649,E,reference,75154,peerread,176,fb96d2c1260c5b86be536c027b7eb592a17ed3ed4730472b4df35b6844336a05,42c6d9c3d055da940032625b02b7661cc989722ff9a8f7bb3b92afc0b0866c12
650,E,reference,73862,peerread,227,fe9b553dfad0d30b90a4f921cc5b29125e1f1a9a8d18ae6224aab072665b7178,42b1d0aea5dfb5b2615a88e27e562745fb2900ce4c074787f6a8b9ef9731d04e
651,E,reference,57304,reddit,290,140ef92284e917d065a4887d5e0a238a0f878ced6897be7e5f124fea3400a8f7,8dd3a96b5506d446cf0bb1e1ffc87a989d4fb3ac5e8f97a49a05aa9bafdbd6db
652,E,reference,57252,reddit,233,153ebe6733bf7b72d50cd79c15019884f5e6ffc6b3297d47a1704e2c6fae567b,ad4d220eeb789b8136b1ebac011001eafefe90bd7c945593d0268fbfa3321c3f
653,E,reference,55670,reddit,295,1588e1699d84a4d6dfa6cd9a73e9d4f6fecd180342d1097d8cfcb6e9812d57d5,87eabf3d2435e6a18672c7f0d71e2c83f0e3c40f23c9f97ceafafb0bde582eec
654,E,reference,56821,reddit,213,1d3a6a11cf79916cc3c52e44a3ef1d6b2b7c724c0a79d055eea2a338bfa74ffb,15f74eb83d0888f5a4b4e478e36774b7f3c1c3a01b590cdd40e0517ad14e2c83
655,E,reference,58301,reddit,205,20c35c28438f2d41fb2b1cac5baec0c547467571978bd455aaccd4e5aa0f5179,c6598961afc97c9fb84848bb4782f0da8fe02238a40e5cf4eb0518a8ad64e281
656,E,reference,57443,reddit,253,21fe88af069d7bdf9848e3a2f2de9891214a99338a0ecede37b1bf6d9b83d4d9,8b38d62e49d08b193f7ca91c7a4ad8c484412f48751f3918e77a0f51934e416a
657,E,reference,55991,reddit,209,23b5f00c866be276bec5778122d2ac981dd15eee8103b5d12d62b6f42b2df4a0,07f42505a524a63d46aa245ffa4433408265d4ae5f332acb6b9976e1c320a57d
658,E,reference,57983,reddit,175,2527ad4752c0e44ea9eecce769e00d1c4467c0f17a7f1ca1dfaaff8734420a14,2d7bd7082baf1776a1517714299fa4ed74c79633e2eba9831d5453af1cc71719
659,E,reference,56730,reddit,179,2601188cda1f69b1554441b6752dc37af02a391d2ced306f70ae7be967b85f8c,8341af392f67c34fb43c293a58393233fdd8256f79b062a47069f0350c7efcee
660,E,reference,56107,reddit,160,2b1c371ea5fa47296ac6329f8c8ecdb4e4359ecfc3f3b98cfe2df9cc15ed2191,6a5aca8a56d7900cc14a4f3d0c185eefc6d9bf43d9a0819ee5d9a65c54247312
661,E,reference,58031,reddit,233,2c26b69d1a0be8224a20c6a49959c206199a81675d791a9cf5fbe915a3939e32,7ab62175c56d6a72b4604ea7bc1ea5903d5642aa47dba5d3c858bb125f5150f8
662,E,reference,56711,reddit,170,2d4cc3bd10f55c1dc941b22f8c7742042214d925a6e40cab4fe7685331ce9377,e8d4dab4f358a1ad7c3b987de1087b72c629edc701e0e533732e50d12068b6aa
663,E,reference,55873,reddit,266,2d9d1b43f750f59e7d1baa0f3fcecb88048933742855269139a48cbd19c864f2,ba27e68db4ee0732269036f90636df14192ca39e61f0be585ab2373d42d21341
664,E,reference,58041,reddit,247,2eb7096bf854b0036a340ed5df5875b734b48975792c21f23f81fb193cbc531f,21fadc563d0bd3a1462da1d8cc6084968165062cc0332a08d59280df9f520aa1
665,E,reference,57507,reddit,175,2ed9749ffa87f89fba0c4ec656685e3af8326785f6f75529a53a4ec0d21ba3df,c57f6080d40894bf49e2cb7bf072f919841a62ea3eee5f4b0bd218e7dca3992b
666,E,reference,56507,reddit,193,2f0ea652ec2a7996cf238f01d7a06dc1a91adf1b190deb9392a993e243d3ab8c,d5212c810417f97241bd578d6dddd4139dcc454f3485fcbf645561e3bd541816
667,E,reference,56880,reddit,205,33c2a0da644eea7884c7b1205f7af07d048b9998f2ca6408fee2441ceec8aafb,336ae6ffac0466228c29de995a4d1a25b3b76c80e7d2093ba8cbd144e1daa5da
668,E,reference,56545,reddit,202,3459b7ba992733808c3411a20f6ae637517747b8fda5844f20a33f6110eae0e3,fc254ad64f8a4f4a2fcc7733a44864ab5351fcbdd02eef6440bbcaa2d4d83811
669,E,reference,57244,reddit,162,361a9759a4485a5b3d4ac61a9ae0f6a4a9ce106046045adc7b67ea6e2ff0f904,1a1ab66d435f7501db1b2264b96ef59a48ca1fc200361153c0607d3d6b6e5979
670,E,reference,56396,reddit,256,366b82f685127f22deadcde0526947cfce89cf5dda7f43015505e44c8877f166,1f0afbddfa397c2d8ffa0e1e9c5954238941f0b410ece5dcf6ad85e807b34d5c
671,E,reference,58090,reddit,204,399c2655a335a39f82ec40650fcb82d22f974ec97309a33a09803dbeea3d221a,593db4408c5862f240d5198cd1644f6afc03de706bb9f21d39fc0a530941965a
672,E,reference,56475,reddit,222,3b47340d47dce0b42ce2e2b7a51015b0c4fc36be8dcd325fa47693db428bf3a4,abfb8ae0cbed813a82dd04dbd708fecc9e4ae492cb03a0ef014b3071edc759fb
673,E,reference,55520,reddit,228,3d7739e480ad9a7db6506f4eeb3e2122087d0966d6936496189fcbaaa0855de0,73c3507b614ce36b7140e20dfafb9f9f1484a373c7cb6395dedb4a03167d58fd
674,E,reference,57432,reddit,271,416e7727393b5af495ad4aa9ef55f3080f45cf4d718a1f07b98c779df2cf6f01,1f2445127d36bfc2acc525a5ce5853f4ff07732ec57b8f4e51a62aadddd5a434
675,E,reference,57669,reddit,163,421ca0aec209c53b482adc2de3cfffc271e23f2b5e2bc4352d916bdaad2bc3bc,397a3836457a588364855da4a618ca1e29b51cbca1a376b8aa1eeb41c7d27a05
676,E,reference,57824,reddit,178,42555c9a4f82d67f0400ea64a5829296a71e711bd04b9efdae0b44429c04c635,9269a5485f1838911341e580ec5da572e5160ffc58140a9b2228429132e0e77a
677,E,reference,57598,reddit,196,42eb049b2c979f24333095b5ce7c038f578eb1bf63b0d46e5f1b1562d5fad86d,3579d89b3d5ad2720024d59d663de01efab203cb3e88d1f90e7f6401bc1fe3d1
678,E,reference,57910,reddit,176,49be04763209c2a23bd4b789831a084abebcbef425cd692beb97b47e15fe6bc6,8c24291f9df6cea0bf15c8f395425d5933895a975fe34291927df64801dd8099
679,E,reference,57377,reddit,226,4b59324c542fcf05e6142de9c4967f18442ecf8516d6c21aeea778eb275fce60,a24e7d40fe94bfee4a2343398f32974a89690a2832b002800a899460719dd93b
680,E,reference,56514,reddit,225,4bed247f506701ffc71153ba7fad7cfd17f5903c56e3a4d8659256383872dee2,03214516a85f9ba5179d61ec50a201070356ab9c0fe450944637577497245cb7
681,E,reference,56350,reddit,286,4c3a794b20f9ea42c7c6118aa0c79a10a8cf539d6147833623212bbea57ee197,30504d33475502fea98814a54ce2ec530b60a82e1caf776393492bbf7443b2c4
682,E,reference,57540,reddit,274,4c89ee5c8fc42a3c097d629474a9d8ea486b226dd0b63a30f09315a80f6243ef,23cdc0711eea8e7259bc6c98afe2135ef329e9037f5f4e299024407f94c406a2
683,E,reference,55729,reddit,290,5287e4a2a9f2ccf3fc71d762d170a00d32bebf4b322e5705e4b13ab74190da7b,b4d270298aa3a2c39c499ce7f16756d4b5abedaa40723d4988e9502b0cb0805d
684,E,reference,57627,reddit,194,529b937e87b04c216d7d48dd1636ad691121d295a67bd32dadb546c6cf91d60b,07bc89b7094a1c6e20c88f54a5c1b624c322695c2550727c14b952ff71219f57
685,E,reference,56315,reddit,216,530240777e5a840d09135bef278219893e4c4a10e4f4dec0b325ca312692813e,b3e935583eb7c67399e91762a196c356cead5091ceaf8e3f74200d933a9f73b1
686,E,reference,56312,reddit,215,55849568b5e23290f9c67a59b187f82faab3313900fc4482d73bec59a2243b1c,5c95fdac0d1c82e8912efb682a9cb01234e0b3d063f0f2ef5b27d140cee23e6f
687,E,reference,57625,reddit,261,5747529998fd003d0d79ff1d474ce39dd2c3c04f93cf38371fc9f1a8f3a5ca78,fcb8221ad90e83aa940398585d531f2af03d9481f618576c4b78d44eae01965e
688,E,reference,56515,reddit,256,59ce24349c04cce91998c7c058e1bece07af8197a0eb8169cf834ff2a3cf0048,0fa0abd3d7f47d35f18794eb3f028f841f9fd293dc047bca4bbae6e8b10147b6
689,E,reference,57277,reddit,209,5f758a04cab66a5fa71263c82beab3c0694f4a3c33363acbc081a11a5014e660,0c6ea4bb7b0b8a5c903beaf3b83648bcffb842bc2394b55bcef292587fce9305
690,E,reference,56330,reddit,172,6b521cf77a5c5e7b165172bc108a1226fae2c0a7d15b32451e9c8bb24bf71910,2a453873a037f4c17525b5d6daa266849ea13dfb67fdc5c4220af64c1edebd1e
691,E,reference,57671,reddit,248,6c6c4bbca124e868b01b92414b49ea708c5b6b98252fa5024950560310cc1a76,2c31baf5be9cb41dc1d50a684d291b64bf369f03aee3381e883a40b54fed2b3e
692,E,reference,56098,reddit,184,6c6ee1c7f1e72d046ad53d2dae08eb4c13bf9074500283a6a4b67b3f76ed9cd3,7a06e5f9cd0d3159d478fd740afe493463a92136711f71b4799e4e9f7ee01e76
693,E,reference,57539,reddit,173,6ca80f5637a80488142d97c5e8a58855f99e39385343e4358efd1205ee964964,85f02ddb06e5e5e07d0184220a3312a083b5e68430948f502b26e30f7529657f
694,E,reference,57697,reddit,200,72ca8e8c91d24ae113730b98324a4ccef0e09a0956670100a542364faaa62786,e8951c61fe295049bb2613b2f3fcf718b29834c4f366fc518b690c445a748a8a
695,E,reference,56728,reddit,278,732a08c98073ae136ccf03265db69712f30930563907161d4279ffd430f6f73b,d129396e1e39545dc23948527d7233882fb0fe565734ce5dedf4d62c8a172381
696,E,reference,57686,reddit,292,755aa2e09aec52cdb2a24adeb3864546ca1d13b5324e84c8f27ae7185a6e8d07,709b7b7feff4deee450cbe18154548cde47a88fe56144353bd4c7467f1210551
697,E,reference,58073,reddit,293,77d0d3c9c3a3d9ed7645564d6dff4c242e5494922edffba369a78fe8c38c8e0b,c3bd74fdc3c0be2103e69d5eda357f4636aec48326957daba2b79dfe2d3ba295
698,E,reference,57320,reddit,280,78da7bfe0bee41aeb460445337671ebf1023b3d5ffb019dac11bbd8b367c0166,0fdc46e39da3c0da68ab4aaa0c2507a71d48a23f24789b88868b3c195fa1d41c
699,E,reference,56981,reddit,238,7ab5ddf8b81e44adc96e6c31b6c32731b4b1d16bfd39b852fc969315d98c3eb5,b6e5a71e73fa1d7e6aadf44b7108c33168a2dedc18142b024568912ea5bb591c
700,E,reference,57615,reddit,276,7fba899aaf7d83d641224d488158c171efb8814f777f8366ac283bc807a6d508,86873296992c6a1397962153cc221616dcee369f71d87173d1212e28d30f74d0
701,E,reference,57210,reddit,250,816ba8b24f7739f2c441a84c876a9a3e6daae108e0b94c0c120077bbab5afaf1,6f3b6f2cc6c8b076b82610db530d79dfb2a9d08b611533f0e522244e4c53a557
702,E,reference,57601,reddit,198,8194bfa7ad207653013e6b880c967d512ea89cdd9cdd0442d025f995532f0a01,b227bf1202f5c7f3fe63b1fa55e75b2653d823fc108026b884fd95ccb9a97634
703,E,reference,58049,reddit,281,84880d3b7d4f8c5f2bb7623fc130f333ab1aeb671578b50430226b40229712eb,73c5d99e715cca01d64fa871cd5bb7449a094d2438dc4a6e5233343c7fc71eb9
704,E,reference,57145,reddit,181,869233b585554fe24674d3069e92ab71379ba72ef545138e3d876ebf656a6ed8,6cbbd2357b457611c083b863f80130c24ec8d7deee99b498e18cd955ba7388f6
705,E,reference,56964,reddit,238,87f6a58bf30fba101557e11b3ebdcdace9c41d022dc122e7138a6e6f2a33242f,66f7cbf7739ec9881b7b13c5336f8019998513937b884c58cbc54ceee32c5862
706,E,reference,56440,reddit,225,8c84fd273e2e2305a631d91946f9a977cb72135e3725eaf3f8809cb47a0817e9,4bd4038d89f80a05290cbdf50038307e73f939ff3340ec5f9b5a6b0a49197d49
707,E,reference,58327,reddit,207,8dbe3853cb4a03dcbe57a638c67470b9e6821db2b119a0bcaeb581939114f1fc,80a11b978925a5db89f80cf9c615b8775dc0a5925492377267eef1d8e3b09099
708,E,reference,56192,reddit,201,8f0034022a68ed80f8104fd2d14c58a9c1554678198525bf92d73ffbc8fa7b6f,99e1312e740330dd8b5ae1bd4445b7385a93694dc790971d96d2d533d9ddbf47
709,E,reference,57275,reddit,191,918b01fc6cb4c244b2f6b3df6ba41fe5c9051bdabd01f1b558c7691f9e5cfa72,fc718bb8b362105e289c6dc39c854d5515f8bd6b4fe4e8914b80550d19c326c6
710,E,reference,55542,reddit,268,92b3b6728ffa129817129cb2c9a73072037dd045d8b64128371b3be2d0ca8985,38f949e1e0501bf5e92687021a6055d2bc20adf114bcd8fd924862bd493aa14c
711,E,reference,57149,reddit,236,961f7d2ed8247bf00be606d1cfa0dc9cde056010fd414fd9bf28a478ac135b9e,8d592619e1f453dc36e753a7b6adb3616b0757361d119b1f1718740cf7a3ce51
712,E,reference,56033,reddit,236,9827ef5f4faa4975d51a63eebb75e525daa4ce905f24ed4fdf21e739064e9216,1ad26c1098f91ed23448b053a221e6d06b37da8b0eef058325fc80d413cf3bd4
713,E,reference,56685,reddit,203,9c4dd39117a6e632680ea44a450f21a222a0ff4690da7ba95eebf0a2e5f959df,cae9e508dad92ffb29995f0f23c8dd24b72fc20233302cf94d1affbc579bfe27
714,E,reference,57414,reddit,170,9c75c4d78492fd67d45f9cf4f114d575cdab26c07f12c6711007e6fdab4dcad7,fb2c40749e5a997589a50461c7be6279d9a5820f807112ce614db07b03e37c4d
715,E,reference,58190,reddit,240,9cfce170ee3d7754ae76a5b5c35f1c99fec85766a8187014e35b138817512e57,2dad769028446e08646c7b15e700370e7adadc56ae246232ddcfd1e99ba3e5ca
716,E,reference,57141,reddit,199,9d2469c143282bc6734decf987e409ffb42b3c10ca540c9204f591c0dcb66c60,28b255bcd3e334afef4fce56dad704a6fd4da669c0313cd40884d2ee49363698
717,E,reference,56137,reddit,268,9f3db258eb9dddb7e33d52fff61527fd0e02aceb04f5814e3a84c50614c0c8d7,1c84e2063ed86ac4b9db1f7cb39a5ed77308500c132a18dad51c86c821f35098
718,E,reference,56085,reddit,208,a0502865d912c38eadb17bd3162363b738e7c55399c83be2ceaf5f504d7619c6,afb9a37cd6730d66c09650341f201a23cfec4c5be7d1209e7e445f4c392dd839
719,E,reference,57995,reddit,272,a284080b0ffc8bdbca5cd6500e2b766084848e43114c926738fb8fe96486d9ad,e4ad3150d0c7b3fae7722d63c5613300f0c7dbeedf38e196db17428c2b2fab2a
720,E,reference,55985,reddit,212,a2d1575c1cf3b88c486fbad453bbe3ba06a2fbf2e8ab8d68a8b50c72ad5aca27,a8b72880a766f67c2cde293424ae6e2e7aa40e24800538711ab9a88addbda578
721,E,reference,57977,reddit,256,a4423e7089f6e6d08f3ed6756059c2290c9ff3aeae018dc19e9013278fbf6da5,29989f1d727e4194810cb956090106b39b99e437e4bb62bb511ccb45668af916
722,E,reference,57831,reddit,220,a5471c15e7f179a6793035d4674c0c86f418719529f47982e0aa7c9f53a951a3,08ed4b46cef4d5cf4f98acbf97bb453a4841344265a05e9b5b51ad1cf6868eb0
723,E,reference,57159,reddit,300,a8600aed3394eea7eb162bcc867d131617f0405ac440e94b1c32908e35f46cdc,950341901d7851e596bd995b229bceaf409e450e73db743bb574a681e4962e07
724,E,reference,55736,reddit,234,a864a3dd34479ab217a63ecf10b5adfa146b2dfe169664b116eb69dbc0c81f67,f83dff187a868046288afb9b8eca98b2adec9b7d05d8a0d18ee4ca341de3e613
725,E,reference,58080,reddit,235,aa3d6d561fcd20e36cc147f3199a40b6c29a648c98b8c82ce43a0b9f14a14d2c,ff38dfb7452552f4ddd9f046319bde604e4848118223d78097fba7cccffe4b94
726,E,reference,57359,reddit,224,aa992d72648dae34fa43cd864938f8aaa330a69fdbb832d76e5f2bbb54d5aeb2,994d0c2d6aa7636a55d9146a84158d5903d4fcd3dc1f8d7a679c3ffec2b919f7
727,E,reference,57466,reddit,179,ac729489ff7c179cb41a9466c2f75ba7ae0b00283c5b6e79fd4012849f4a54e5,79254298973f01f17cded303a189f7ef5c09ef6a19ab0984a3ddc78e1e959a6c
728,E,reference,56325,reddit,202,ae8e841b9e2f1e5db797a395188cea5b0a6a62bfc126403c5c8efad03c1990b6,575f574166615651966b002b44049672244e659d921ad2a412745f6a00ec557b
729,E,reference,56359,reddit,210,af57ff9abb19cebc7e9e3fc104106e85ea72810c474ea991a1d344c1fc763c2a,49a223161db5737d849f7f5c9982f645b2638927840963b7568f445b565e9d59
730,E,reference,57951,reddit,227,af81874569fa97254a064d5538944d37c961464b76b02820ec7e14f9e73d96ae,70f32923830f3f724f73ed5678fa285b7a1da5eaf1ede3292247091f3a26fb58
731,E,reference,58189,reddit,267,b0343f2fb9b43e45bee31398a745595ac8e5c6f440ca54fcc1761a7e5011b6c4,e438165bf1551bea810c2118919080e74972b4523cad53d01038935639400b0e
732,E,reference,56297,reddit,272,b11f7058a92dee422c6246cbafdf41885ca78bce3e1e05b5e1ea3902b7ebc166,d0419192ecd43434482505115b2bb7d2d06b0889ed8c4eca222ebb6b3c2e2c3c
733,E,reference,56195,reddit,194,b188fc25ef00bf1a1c6bd6e4cb68fa18e7c1bcde6bd14f1c8e2badcff8896fbe,eafe69f228619d1c8c39d1c1c899ba622bcca193e74cc40bc5582c443b76e2e2
734,E,reference,58007,reddit,232,b3d6363f7f2a7153e6d096521eb13c2b8dab38a02ab5997c2225ded769ed949b,a44b50903e1b3613f206fc927db772a5326d1258ef0a276d75c763e3f0f1e1bd
735,E,reference,58032,reddit,252,b3fe2872940e05a509f6c25bcd67bd0955b833647c3fe7e210ff423fc08053be,c5e522599dfd5f8ccdecd96f3ce2ce68aab9596fdceeadf1e9c5190fd5b3ba56
736,E,reference,57905,reddit,184,b5fabfec5b07e078a0bba61109a01c454f32c68e6eefad6dc2e7ed254464bee3,8f564749e31ea8d27325ef4b6b2fa127a4f97534ab45aa126137a37f6079ea1b
737,E,reference,58263,reddit,242,b715d10140af61cb75265386946c8c3aa05ce59ec576279551d075408b1aeb8b,d6d17fb778bb1790fb2fa4892b311bd762e448ae9d89e9d8e1035aa55ae8074e
738,E,reference,56579,reddit,208,bcb975ad81edd15209b681e4d9c8404e230b485b036b46dba46e10f35f234149,d1560aca7359cffa4667c272e84ef07f230a70328651bed4fcad6a14ec057e95
739,E,reference,56130,reddit,252,bcc414244623483bcbc49b826ba6efa6cb58fd544b1b89c6e328f329edb9fb75,2fd4e2f3d3cb0bba52e93a28e34d58338d6a71cdab358cebc1cfe3740aeae85b
740,E,reference,56776,reddit,216,bdc9f70287b39b70e46e605ea87607ef45f2e2b8bfe3aee5818f70de0ce740c4,e4ce6c181fcf806f70d817a41c5fd8781065807fa21a47e6c22c39530072fe48
741,E,reference,57131,reddit,224,bed2a5c92a99198f5c3ad1948076341a7ea0932d7d9772b259a802f808ef0a25,853b38625ba9ad1e8b52f741c4bd01112c5c18502eff90a2e9456530529915b7
742,E,reference,57345,reddit,206,c10d92e1d3f33cb2041b0ca0ba01dfad6e9eb8d013ff1b6ad14b9ec3e1afddd0,19ccba5910c10d883cb7d5c38c53f9597b60094c1b2dee6abbb0f96ff002309c
743,E,reference,55982,reddit,290,c3de0116d98684d6466876169e516abedba3d1ea3cd84d726d2dbdca180d0678,26d249285a6c17174282d8f1ab41f237fb836d0bc66460730f78e5b26bc1a6aa
744,E,reference,56117,reddit,187,c5c8af706ba7921700553743b5651152c97d3d2bde3b9614b3547ac170ed0876,bd42c3f9c041a01951302ebbd5765f4a796c851aad280cb51882e85f08b2136e
745,E,reference,57775,reddit,252,c91622e7f3833049bf8806ba0241b4b954051c0033ee134058d52ffe31f56bbc,2fa39061e3e3f7023733c246dd2d76c502015e74bca5f6a8f7820fae24557d8d
746,E,reference,56814,reddit,267,c991172156b04f95930e2b5967db8d0371a9d95a240460ea58dd724ec6e4a443,5ec05ebefb6c74579ecfecdea518c4fce19a3eff8aa9f8fc3cbd31fde5b8b93c
747,E,reference,55796,reddit,249,c9df1b965fa5e2ff5fd0311ed2bcc8ee9b561ec76af6328ee1694706f41e70f6,adce4fd483c587cadedfbd386f2336a71005cd37c094ae25024116413eadcf32
748,E,reference,58011,reddit,277,cb377944588269ec3c6c8e9ee545dc21fbcf28e87bb088a02ca98433795db936,c420ff946a2bdc653b3ad479ec2316c58ee4c3ee2e099f8610e74ea55dbeecb0
749,E,reference,55533,reddit,201,d16a5bd752abfa7a017482cb1efb874d9c01bf59cbd1311b468097afb5c88fd8,d073b295a24c2f1ac78a43ea897fcf3bd6efc965bb79f96194ffbe3093ff9fc1
750,E,reference,56846,reddit,218,d4d700a3a6501bb95e25d40ea7828fb66a94e550daa3070535aff05137c6f961,4e83a485d28a5b3dc476e79127b80870c54c6160ed05df80c3a17ee02ee70222
751,E,reference,56014,reddit,296,d5a32a7f2e31d9693a24cfcc31753779798a279f4e16fd8b4f0cd348428493b4,70bcf6372df2f08995445bd2c728152937303bcac5bd2f2bbeabfcd20e00c5b3
752,E,reference,56194,reddit,195,d5bfca8425790403cab09e8b4732c78312feda1f0055976a01d3e893ca32c79a,c3b8d73286c66bf5d72f3cefdc7750b479a22393fed65edcf64a0438a8dd28a4
753,E,reference,57997,reddit,266,d960546150b258298b59da90506c63163d1e2089216f9f10797acc31d967291e,8cefc3eb06ce7939aecd1461857ef8fb8717c70434a87470eae92e7efcef85dc
754,E,reference,56799,reddit,231,dac47a8921cac822a6502780c73e3e237754c4e2d4a945d559a0205c32fe1081,90220b734aebcff97de15ba93512077b008d79bccd74fdd349200c4077249e92
755,E,reference,56281,reddit,275,db84dbcd726d52588944cdf6126a6d6514b261e601931f00b4aa283d679a167f,5b65951c898a8a1c199fc6a949538df39a4f831b66164fcd3840b81873c6c25c
756,E,reference,56358,reddit,187,dd114441c69c96411dd7761e2bf91f00253cbcaa023cc872225d50cf73eccb90,85f52bac67488b002122a535711add006546ea4b2ee9ae042a505e5d999cd994
757,E,reference,55593,reddit,255,e2b7b8327ac70975016fe82679fb4d6b9a686b7df698288dc76d56316ac0c2c7,4b8a325d147c58b44d2b6fdab935db96b71acd1840c679b67f0485f4dbe1e286
758,E,reference,57969,reddit,230,e3e9a8dfe663c1152a386248c3f92f4255f2a624adc76a2a7dcb15358ffd7647,9c4f8c1ed20cf5bb67d3914698c8f558b927051b91f195b3f4cdf9113b845854
759,E,reference,56451,reddit,255,e907ff6c7273c4f3d1cb26feae8306423b27c48769c5a206ceae9c6442827069,47d16d9f59170eb65da7faac271267084bc58b873afa6d71bb4f0012e2d833f3
760,E,reference,56840,reddit,172,e922454ef55ef8b0d93a002dbea1a7d8d4027253b636c54fc7addb37ba14f4c8,801b5a2d26ba5c62e62d60993997b55d7e0b3f7f0b8585c8be387b7b16249999
761,E,reference,57750,reddit,236,f2cfbac617c8eaebd9fb82bea31cebac819e1d21994f4a749a40b150f2c745da,95008cb43c144cf56f2a64495b15f7388df078ee913b745b61a64cc494edc4a3
762,E,reference,58260,reddit,210,f329c0bc236e80c7be31e179c26054592f18f1feb8ee46367acadf3f15767706,988434f6f9406686b68c88e883b004a848411bf82df07c6dba8d78bcd6180fe4
763,E,reference,55914,reddit,216,f48f59ddfab61375325de4a18ce404f8b24f21f0fccb7f8e54ffb3f343580eb3,73f22ee297e63e8c6624212af1e8c5baabd716bd66b0ffb7812cc3fb0cab12d4
764,E,reference,57851,reddit,237,f9da494b4bb3d4d794f294bb233d64f1bc1bdfb54c2f57f73de77d84542f2459,3a5b8af71b245f74ab211f153302e5f1573d4cd475965188856b0113e5484bc8
765,E,reference,58324,reddit,181,fb120cd08d51a98802c9943518e60c16048fa3413b0b0b31c4c95b13aa7326d7,acdbbcd221afdf4ad68cade770030487592ab13627d19df63c4f184821349ded
766,E,reference,55590,reddit,263,fc5e47b41bd619fdd1e56e49e2282e91f3a60344ad21fe9ed266ec88664d58b0,798452cced604ae8f84286d6e53e46b549a9554f7139f6e105c16f917a217e4c
767,E,reference,57670,reddit,217,fc7416ef68d6a5296d80a056a46ce8a29e685255f9d4c295c904eec482469f94,a19d3b83009ef164a36c7dd998c01048e2e40c867d31aefca2f4300f59e0b934
768,E,reference,17719,wikihow,299,179d8e3ebc8007317012091448c07754ac2e14dfd9e8a17b0da19046ef0f8510,f2589032af0654b50a501dbb2150ac16c1bb45d4d5829a0fa2cd9c6c7fe703f7
769,E,reference,17874,wikihow,176,1af1a610f801a57f6261b0760578d1f78592e72ded6b38b1ab74caa1215adddd,d07d30326439fe1240a57e6260bcb0ab6927839a7e1c9c6c9fedfa4c894774fb
770,E,reference,17715,wikihow,221,1d0ef0ab3992985943f93b7701581ed097a4c43f6dbeec86f63dee7a761cf421,70936044f4f08a40cd23a1a2aa6f06c5eefaec7bb9906118b4067591d5fe0109
771,E,reference,16881,wikihow,278,1d3b575be3bb0dba1cd9340c861b0483a84d63d29225a178319c5e7fc7e6fd64,541d91ec9a30cd90a4344d2b1765bdc8bdbd98bfbe68949afd854f4f45ee7db8
772,E,reference,18805,wikihow,241,2181dc31ef09ea2a1ff1e990d95419de809993fd9ed8d06c2aa607c834d3c5c1,a17ae85184ddc5db16afe06d888fe49457ac5a2390cb70964ab78065a47622a2
773,E,reference,19369,wikihow,216,2364ffcd3d173f160a1f01e961acefc36ffd072c02b6f1bf32f5a0998f15d333,564edb34af14bf504a6d8f8b96bda9f11fa414224110d161d6ecd1df21874ed9
774,E,reference,18264,wikihow,286,23cfbc9a069537785c349fa66bfaf8e0b71c1816e4498a195f00b79777697bc0,afafa4a45fb3c4e6f4710d6ae76652b32b24f661a17968b95e5a4b8eeb829728
775,E,reference,19555,wikihow,278,269ab53e0b6a3cff5e5378e963c008fe0603096692e39cb3b857d1b75859c919,bd0504a3f640503fa8fe441dda0c49082a3f7a762b29487a7383d15b9526d39e
776,E,reference,17600,wikihow,255,279d5331c714186b74602465c8d6ef427a73657d9f3b1f4a861285efc8598488,cf734a6656ac747a685b776bcc7671cd33e936d57eff9f0cac3d1b3fc2ef32ff
777,E,reference,17368,wikihow,249,28e488966ab60dad1909c9cc7c0c068a924c7ec72c459437a1c1b4e43fe822de,b246c3bc7646bb6e390d53ceda9cb8b1752630d643daee750cb33c0707f82fb3
778,E,reference,17392,wikihow,235,2a8cb4fa7d0f14747813cf927d7206d1e6c93e22e779daa78e9bfe6794bfd080,c70601fd614c74a4af1dbc7b05d805dcac2bec1bfa8eafc500600a1615c258ad
779,E,reference,18044,wikihow,193,2d0ea217c192a361ae0a687e8d20bb5b1523709044bce1141aebd5f58b81410c,ea6163a3b02659e79489a31a6b2e9e1207d7fac85370900add3c72505f148cf9
780,E,reference,17486,wikihow,192,2d50539d302ab8f84a7665dadc5bf6204491de06766378471548464a683f2c15,7bef6014acd420dca76e669ea38912a535cbc3141a5e0c4213f7102b6919f096
781,E,reference,17784,wikihow,237,360e9c20ca0b5426ca8b64ed53c3e0f1d1cb3b6233df71684d089641bcba1d95,6696b082bc101d87d626cd79728c208c83420a8790ae8f5013d3f329a360445e
782,E,reference,18462,wikihow,218,38bb04fed43b6beed0df039730e7578d76a70262945546db8a00ab2f99352aff,a4bb130e18c0e00e8fb665dbd153e071447b928542441bf7ca0d19e2f023c3e3
783,E,reference,17956,wikihow,229,3a6b76d136522b150cae75af96eebdd89cc040f24dbb1651776c453663ffe5bd,e885e33086380cd2b00a9a7978bbcf5ab5d9ce57cfaac28c5dacd7fb3ba370d4
784,E,reference,17068,wikihow,177,3aba72377febdbb1a0f8aab9c78153623d9bea23b84f644b41a90507dd79bc27,bfda4618c2e0b959f661fc2bd17b285d794bed2bba86da247f5a9c5daa4df740
785,E,reference,19266,wikihow,239,3ce2409a32088749964e49f848c1f31f8796d4f47b4182617d6acc912340fab1,05688ae0b649fb39f08137616509aefae57a24df07b7036832b68fe522cb8b88
786,E,reference,19576,wikihow,269,3e0da3e9547b9e2baa0780a956166f01ba76446a863827734bca044ecfd63924,3b36f60629d6baab1d5e522144364edd45afa7c93c8aed62b4c4adeba083a7af
787,E,reference,19286,wikihow,261,3e76414a58305d58feb1766e9f6abe6970dd2c212068734df0cee979d0cb472f,e2d584ed78a9ceba9c0631af1a7b446bb0b1267a23d2fe6c1a85d61de59f0aed
788,E,reference,18282,wikihow,215,418a966a18105b51f46bd526274fbd03445d50760e0881ecd2d0212511584a2e,4db288644cb1d3eab4688109c0ea6da5a03d554bf01f9c497d99d74e38dfb584
789,E,reference,19324,wikihow,190,444bb1652e25db52c3008a43ba59406013cfd6d3948a48248f7fcc1df1704952,cd9e6008a739073cec43a90c90a6e838182f20003deacff79f7ba374a323fba8
790,E,reference,18009,wikihow,248,485da250ba43163e1816467926818b0b87ae85dfbbaa45ce6ccd2295fd7beef9,e2ee23b3bfc0d89038433e74a3d4edc4ff7fef283739ae703429e1b8211f6807
791,E,reference,17820,wikihow,269,4b661bea2d3a4f6eff9e5974d464623d71b74ebeca9e00b7e048e56a52343ad0,0bf1c0baaff7310182d628807d9425c018a9c6ec1eed4518c12171dd3e53196b
792,E,reference,17039,wikihow,258,4bb5fa51702a21b6c7af9f64d1db4a16c9a39218a36971ffc63c2479405a288b,e8d0f64c9e8f7f552d111ac0d46ed5210815d1c524a6667ff6523171970d1c38
793,E,reference,17109,wikihow,251,4d4c943880a9eea94ffc48dde6571627a5f51290415595bfa89d6410f2dbb0b7,364cf23d313f1ec1bc776414b1d659f744b2d81628459127b8e23b8fb19f77d0
794,E,reference,18095,wikihow,249,4d735433ce8256c07068645f69fcba7aaa3abd6638c27d21817d61a2fb7922ed,17c9c4c02d45633e38c13424d76ceca28c03266005daa251cb82a02157abaf49
795,E,reference,18106,wikihow,232,4e46e125221b63acf29e8234ce6bb6eb56713c2371d24f2bd38fe8a5d5374a5d,1d734e1c28abcb35cef03b69c9567981b61701e8d2a3dd969c95ffe5d66254a8
796,E,reference,17429,wikihow,220,4ea9498131bc31421cc24b24df04bc383eff687a019b3bc9353910ce4a80a11b,23b7c594ac2fe34eb9c2d6a86a7821a305714d8e7e36670acf98c257b743cfab
797,E,reference,18933,wikihow,214,50289fe77595cfd47daedf1fb87b1a2f2e0a732f0d9c9ab9129c0d9b3bf6dfe9,689c6f4ad044463e717e4016c7849c490de98e4847a150c2848ec2ddcea9d77d
798,E,reference,17523,wikihow,300,531f8d4a7a0a8ea30a85ccfc61b75dd7ec0ad8673af9d98ecd8e118116911b8f,cba2c14d34da7e9f9eccc1dcb8591ce17ab55372665cea6997e83630b8f2dac1
799,E,reference,18734,wikihow,172,5461481eb8323f4bbb3b15237ffed193c4496e1c99a8b77817749032e0f714af,25b69105a9167ce4c9025cdda38da5cf91135a19e25064ef185e86bbab5eaf37
800,E,reference,19648,wikihow,200,54b8d9caa371ec334a8151b3cb866520ac4d8d6fba8dfa83a944856de63a77a2,8745d0d8c0454613ab64e4d309c6a5dc0a490a5e1eb35fa16f5a96e2c20e4a4b
801,E,reference,17811,wikihow,293,56346266224899c8ddbe1e4e880e313742d15d8ff4ca2fc5b68b362f7033d488,2fdce9bdfc292fdd0537ff37ddf3faf3362f4640263af5f124beedf1a25ea4aa
802,E,reference,18291,wikihow,271,56b8d1ba7730ec7d9792da93b0f6dc141355b773a386bb87516b5466a62ea344,ee8c5f6ae986e0ea1bec4026232358f4a5bc57e359ee18e7f449f624e698c4b9
803,E,reference,17409,wikihow,249,5c4b21d352ecf736a669340e623b973d5ccac144b63947fac2d3431be73cbcc6,0550f9038b76aa4ff1d3eb45c468bb1b6c693c9ab301225416c3b538b3ed17ec
804,E,reference,19185,wikihow,247,5fcd4c2740cd0284d4c5d6cc4982c7b6784bafa0433c3a5545c4dca85f122518,e0cc93cfa12c3608c8b84489417c3ba87b8c627a0190c6084f156958b587d81d
805,E,reference,18766,wikihow,246,5ff27beb304f2111e75de4ad29fd939b29c43a81e65f52926ed82a4e7491a8f8,ff240211284a08bdd60535b4073c9630276a42889ad5ad23ea04964d906e6098
806,E,reference,18709,wikihow,280,6108b84a2a1c7f2f0e6c0a8b4052f34c748f0db7c5fb9ccab946e6d052c17ee4,836e2bdb072905126d4d42df23fa4feaf2c42c2b9820b8f67916017bd31ec40c
807,E,reference,18755,wikihow,255,61ce61a0c4145056127dad3a92b89736e1342e9cd3cb35ffd21ab6fdc9ea7f9a,e8ea838c5a8aa5f32de9186abdc4b8b70b7037bcc45558eaafed29eef182b63e
808,E,reference,16974,wikihow,250,6383fba3cc17cec6ea5e1c8c1b3fe5855b9073558f549fd5d4e4d4bdee79ad6a,e98ef8e13a17786b3b7c4209992904e675b7ee530555d2d9091df83cd9d70be4
809,E,reference,19147,wikihow,272,63f432bbce993e73a5bcaf64a71fa031cc9dd85d1307476ac8f2aa7c4550a909,6f8494ec9de1f717f87b1f268b2916f2e94c6677acc737deb077e3adb7aa3abd
810,E,reference,19144,wikihow,271,65439686b81913278845045aca75cd181a814a5b22c64c6835df2065a4533c93,5f7bd6ca8be5bbb95835dd8f6538e517ba932d455b1b77cabe74389c14f1de23
811,E,reference,18518,wikihow,298,68539841b2f05da3a4090ef68f1f927ba5f41cc29d6d7541abcbb652fe8a234e,274b343f13ee2314eb19beec88be8af91d0f43bf912bc8af4a7c35e646c41503
812,E,reference,16683,wikihow,199,699c7c3ddccfb462591f1c6fe7df2f747f85e4d589c0969c1b3c986962b8967a,2ff8dae5a5b6e97ad5b8900a633d2c152689e6905e99bafbeeee6d83a24da494
813,E,reference,17434,wikihow,257,6aab029c5f52f130db8bf87bddba4da38d473fe7b49f6b1f81fc6f6051695712,0cf29688954b2831c0563efc9661fc7554251c9b6915251f205854c1d19992b5
814,E,reference,19169,wikihow,188,6d56ded8f8911b1c5bc28a016ed47c8ac997cfe318a019e3d064bf9f3bc9f3f3,c69cc12cbaa36b6ee7b0e16e5bcde79b30bd3197c49fa1fff62c67cc059227a0
815,E,reference,16777,wikihow,225,76bef2829a6d4fff0e6b319fb4dae3ad3a187e420884f0825f532a5f4aea937b,5cf4c9340ba6c476bcd2c4c300f6dcb9e9ac7f1d4386ad08aa492cc22d15d5ce
816,E,reference,19243,wikihow,289,794ba707fa0e87b080820a0c756a13af21228bd89b27f2453eed538bebf56694,045e3efe92898f44278e9c610c7aa88969cb6c58340cb02f7ee7f45eae47784a
817,E,reference,17379,wikihow,295,794e9d8e4e14ab7d5e6c435f51d2f89df3a2ebac7a54a21fd533368e78ede52b,f530d90d760795badb68092170ee9dc055c3b58aee5a15d9ea884d5774399a55
818,E,reference,19434,wikihow,197,80301c58c2e556e86681cbdd7af4d1fa6c4bfd29456629e709e06f70269e8c2e,ce79605f05a71fcfc4ff367ec390d90898353d396719dc81c4339a63d7acb38c
819,E,reference,18687,wikihow,293,80518c62babd6abcd855cc34de23be4ac2b9eb3d2ed1c549195c3f4a6db48270,f692e7c98fa46d2e88e787d920316a1d919469a3a914e0c14de2b0980cb81608
820,E,reference,17580,wikihow,221,844f27f12da5126f00b03b547b61c3440b4e8a825dbc337e13617e0ec231baa7,b4edcfed6fe65e2604f39eea187a5d6d3dd25c31af4f2f7b3f04d7e2185e5d03
821,E,reference,18337,wikihow,239,85dbfa3b4f43736aa1923b8651f3c845eb727fbf23b4f45ecb40ea2fdf7a350e,dfe72edc79995d41f7f1c9b810fbfeccbf5a2ad3e0f735796196aca7dceb2199
822,E,reference,17391,wikihow,222,885442f2c36446163ea22381ff4afd5bee139114423b3b9ced733cdadaca44ac,7fbbd44596c2b5b79146858f13638afab5a825fc328bd9aa284a627b18b16624
823,E,reference,19162,wikihow,287,8a8e27fb22f3b8aa20eec0d8f63e35be63388cad87303ef7589e1150693bf673,0ef53f50ca843eaa1791f0f1558656fc1fdeba1b519d111dac3c38dd41618fac
824,E,reference,18369,wikihow,244,8c6f47cf167dada9b8e70c981d6c3b117e5b5b08cea6bf003030ec6873b9ff5a,03343bc885375bb4b3dadbbe19306618cd6f36c061ca1e9a11cd431a4e529dee
825,E,reference,18314,wikihow,170,8c90ebcd28f929e21f46fd08ae4887a6f4c8782f7d055c15106cd852a376e3e0,7a6b64b5162823463cf0153756bf851755cd11357188651f678557097904e873
826,E,reference,18985,wikihow,228,8ccaf9a08601c4fafc73a65da4804a193205a6614b02147216e6876cfc218245,5000832db223ae1f7926f9f1c88b2aa40c4d14b2a043a36d89b62a4740e70570
827,E,reference,19254,wikihow,294,91a6f46776b6677cda8676994f7eb059e4a9937780a2596d8243028a8a362032,dffc2c23798199e16480ba53e23c352b90d87c2cd9058c76f689465bf5b5abb0
828,E,reference,19178,wikihow,166,91c18d91cc2e49da2a6746a9386bf33a44d0edacb4db29e65d4597ee87377944,4bbd41e728672ee2d9a51dc94db88c5bd355dee385b943e4d3228889dc3a5924
829,E,reference,18475,wikihow,238,92b4f9a15cdb27120902791caa54dbc2e42eb6c7799f264aff36b9c2121d3e42,295441e6afe2f12c201a072e26dec942abdde2f73e2f2dbb6ca5bb8a71abb413
830,E,reference,19376,wikihow,208,944b577627bbf7f3521d97662678701e152dd279947c07a1851ced10a35638a3,41aa565855949149bc85f9c6af98c37617920a4f83b5d16c2d30b6af186f5036
831,E,reference,17269,wikihow,249,94a0c59f160bdf38cf30f575d731d40d2d0987ef15a21db6618bacfc3e3c7d22,7a2f03b6a59b73ad8b5b358ba34ecdec2e51cbf246465e4cf9c1ba2f5253c78a
832,E,reference,19596,wikihow,261,953d40ad65c45be4b81dded3a97b8a9177602bd6ec9299b93d667f2d21688e83,afcb11fea34abf42fbb41f7ece4363bb6a6fa87e344ff0a87a7e652572ae39ff
833,E,reference,17065,wikihow,177,962e094dc7d86220587925fbecbe0988a4ffba844878631b5bac1397d79e260b,1c2734e33b845199626dea978a8f7f8a543f754eae0e57838a9d18fdfbc16eb6
834,E,reference,16839,wikihow,196,96c6a7a2f36fa7d367c4ec6fffd254060e07322a4a8e93a23c46ef8269c8f34d,aaacf5605caf8e66bdb3dc85b5c14738271fa881ecdbf154c1297617199e0011
835,E,reference,17320,wikihow,272,986772d602b0f24356559ca0793a5ada45df369d45a160d2b9a13498e07e918f,306f4e56d038aed5356279d094fa6d7f86a401fc417a031cd73365b3cbd5eb5b
836,E,reference,18973,wikihow,173,99b9af40f74ec318b5ac2f1164a6a36b5d2dc74770b1a8dffa315784a97ba2a7,f567deac0c2b0f8c56550e9e4f8aa44cc05ec13b8d5b6115c1a6d9f05ad1eb83
837,E,reference,18921,wikihow,283,a35d3f0697890fad9d60709d53523ebd13cc0774f008485ab497ecabe4fd6179,67135f4eadbe785c8bcae49168b6a2fd6f7e8d74c5cd8bc98ac39e3f11127b0e
838,E,reference,18816,wikihow,199,a60b604546f2bece2200e1e6714eb9d170ff60f903e8596ac793bd942f337b17,9fd38b42235b17a4267246d9afe8182afa03505f0a3bc26545d0ca9355a7a5e3
839,E,reference,19127,wikihow,227,a67111cc01c6ae8e25f77a93b819c9d6d7fda3ef1d8cc6cb6f39a652712f43e3,a66256f81c6981ff62c4b7fa5e08433e30191aab95fa5ae42d26f1f12e4461bf
840,E,reference,18153,wikihow,283,a767fe629b5975b2b6a5d73211015d5154c25bf347df6bc25ae87efb47e46ff5,b6efd4ff90d002fe5130b1041cb671a913e7962f4e33e8b1ec1788b77f6c5d1a
841,E,reference,18265,wikihow,240,a8280df7968cf6384fceff9b742ac996099e2ce7ae8abdc44a5773419fc0ec06,3127ff937586ab2aa2bebbe40b98095d16329bac4196e51bbd46cc48bcd31a9d
842,E,reference,17613,wikihow,272,af8222cc841a2c24561440144f4779880201b708bddbf4f555a706198982d033,44d63e00eb99ed4609155f93b4a79ba56346e1f1e0ea92a8a942735d3d69ab14
843,E,reference,17010,wikihow,297,b5e22a4a63d83bfdf942b7ed300dd7bdf6216b3fc0aaf655e75c2f088abc3a5c,de63a445690841483fb75c323bf3c99923871e5feeb74dc05e8357f44f531fe0
844,E,reference,16864,wikihow,204,bae6282af20799816a02f8ba0a67c1bf08c981416ec5182264f983451b1ac81c,b5afe1342d6febe9aebb6a957ba7e3374ae1d5016efcb436e926705d86ec3a07
845,E,reference,17591,wikihow,237,bd3fc30b8a471260b22e1339beb2474cac6d80537a6399f851db315568e7f879,da7548b92c640bc1f298ba57a9793f20e04cfa3ce36cf55fd2568071f303d929
846,E,reference,16749,wikihow,214,bd563c6bc964545b5b697b7e8eb14279bc23c7517ae79c6fd25488a4c8bc6b18,ba8edcda2c549eab775ab60cd8104683a310978ab703d755ff6f52ade97de554
847,E,reference,16786,wikihow,297,bf0115bff22b5b79f5bbf835c5329b8441cb245f9c820f5fa33acceff969f0b8,3f692fceb85743c4454fc635bd0acabbcd5f167f0951c1e88a3abb69fc26193b
848,E,reference,17945,wikihow,191,bf162154c0044caf1e9af43e8bce12afecee5d1f5b911a131cc280a2cfc52fc4,3b6837d19920857566697a14d3fb4ca6f1cb6408cbb0312ee2097518cf561a83
849,E,reference,16844,wikihow,278,c1202d539447520f05399b6e918415a0132c822a0d6fe96e5a8482cf5e04a113,1476be5e48583a4d3cf20d1566cd859b3dc8e6f66dffe7c0653b2809426b3b67
850,E,reference,18642,wikihow,205,c69e7440358a6a42d015a429c9e66cf7f359f71de6cb0b526369ec1ba690ed35,fbdd0abddbee1985419664338cdaa977c89fdb5b951ec5162f2c03f7a4950bb1
851,E,reference,19152,wikihow,220,c88ffa03452779d6263c645dfa8483290715a2064910bbe0a879b7e37ad33918,84ffd7faccdbb9cc25f99577dffd7c622412946c02cddb38870bba16eda4d9f1
852,E,reference,18885,wikihow,212,cb1084964f0f770cf5d28b5f9d98abeec07491a93fa14159d1e18341e70ccc91,9cd18574108933290b1d8db97cd5b10f5c509abbf24d5a4220c95a7ba58a08e9
853,E,reference,18756,wikihow,213,cf80134031629dbe2edd00952fc4779156632e5f1610bf0372730ce7c6d1ffa9,5e3d528a89ac7f37694140538f14fe38f3f71b24c7950d9813d7ec862d0a9410
854,E,reference,17501,wikihow,254,d45dc838f04e26928a430af4531752bc514ba277e4f3a7d60eca3d2532d65441,7d069f8633177b286909e9ecd288407674ab95198f95f858bc93f3ac4058bfdd
855,E,reference,17556,wikihow,213,d466cd6f41cc4f0aa85cdc12c9a98ff2e2651203ada9f04fc1038c3b6a7f7c23,5f1b0fc454ded47840c6eb7ce6782444f541a1c75b0603696f38c1fb8027f0f4
856,E,reference,18577,wikihow,255,d62baee1a116222836f1eefa87ff737021d036e3ebc44465d163d29e3c8d8a18,e01f51915a4dc3649bb4e4830b802331fc06f6747cf4d77092c79b8ce925b7f7
857,E,reference,18342,wikihow,264,d710f7e889f57386f666a721ecd75839136bfd3d86c88f6443309ef5f3deced6,b41c1e849c3f3bd2955ea082476cde896b9aad9df5be1954a9758d68050fbf7c
858,E,reference,17589,wikihow,271,d8457e4050457526831e73ee4999ad7f238ec456723608c2508807c844373663,2e3ca828da990c251dffa404ff96d41e12dc95ed20d2154633bf8a977ab50a73
859,E,reference,19469,wikihow,222,d8c0410378822efc84f9274bbb4b72cdb1249d943237e216c634c972eccc0777,cb79a6503152bab447e0716079744e7061542f294d24f878728abf7ee7453f4c
860,E,reference,18673,wikihow,210,d9702448438f4114319a4acce3bbda2d73f7ecb09488db5188faa06d10177821,942af4d4b3947eb086319976cb2cb15da86a016c475df980be20001be9640363
861,E,reference,18672,wikihow,278,db23c4828fd3f3ddec77deea84f6f3a376eed6efbb6c5e2c996f4995c1e97142,be2f1d35426807b5d6ce8c2ef23dbb9255cdc8e690355838e9e2d728207dd388
862,E,reference,17990,wikihow,276,dcc1a359123913b649affdc4e850c7ab1d86001a7faff5db7e49012207aa2ae4,5fb08cf8e1993bdafcdf6529f647ca1f4678eb2d1beceb96fb27853297c20745
863,E,reference,17835,wikihow,197,e3a04aeb0bd15a725bd9f9597341d90b5bf0245068db2ffeb7e9f62519762bbb,1dcd9fef3249f3aa835c2f582bf32c52dbc9cb31450218005570f46bca413c19
864,E,reference,18172,wikihow,185,e5a61ea21b945aeec62df0110ca203fb8e28d8075f8032525181884e2d41c071,61311476bf50187680af52e5821c53ad3d3ac05ae8ce63e0995ab85a35c44999
865,E,reference,16891,wikihow,226,e67c1e1c813e7fb0519f92d59e6a9f1d6f8c1a0e5d4243c5717cd335eca5bdd8,71642982c2a8c0926d52f80b818efc115fc6a27bbca53a5e9c5c7749993d802b
866,E,reference,19054,wikihow,274,e68ca26f43fc92597ea6d0e4efcd7c4fccdb985a2639e3d8ccfefb6249991d6a,aeb93a5e5384955de6222935b07a7816a0c01e7cb6d82107941d5fd1bedc54ed
867,E,reference,17545,wikihow,259,e79dca5f6381b7e7814f5101303cdb80d8332609c4f69d111e8b1ee844ad5a3e,bb3eaa3ee28671f762c232fae7c807da3bcd6f4aa4dc11f199c66cde38bd7fce
868,E,reference,18662,wikihow,233,ea4103916001b4df0e65cb43b22382b6fd6f12acd3287efb61bbbd7df05415e3,f6f6adf33d3d2e9470b75346870b246c33ccd9a4660b2d55f7ad9d056452987c
869,E,reference,18432,wikihow,177,eb164a964fd6bfc502d825e7eded23190297dc695dcee9cc6eca000ebef8acc4,f08c5904aad4b8ee4d93c86e08e03c60c40e3d8358b03090453b2f19e5d3a7d3
870,E,reference,17305,wikihow,290,ec39b34119db51d7df502e587f3a3fdb5d18542a3d5f9e136134346bac330b92,bc82d043d29640a027e24db266de98a2a76436ba6390a3e66199261c5a34ff51
871,E,reference,16958,wikihow,188,ed2dd8b45b059a6dc368d7b5d6ee43f2e38d580e0816aa0b9556216307b5f3a0,e152cc8cd4fd25c4ea74b67c1f0bcbf5389f6cdd67bec8e658580bfc50afee1c
872,E,reference,19445,wikihow,286,ed3ac2f66c132f121f6756a6c64b666f71ef782d722431efa4912c235825d2da,3181936c989912fa48e512e7ebfd499199741183c6e1e1355080e2173b6338f5
873,E,reference,19326,wikihow,220,ed42f6997546b16e50f2dcb005e62521d6a1bbe06ada9a69eeaf73598dac5720,58a42dc0d58ad4dc821a6aa29ca05489d88b0463606e216f66478f4d5274b56f
874,E,reference,19221,wikihow,260,f577142c21410ae5ddcb164c89661740ea6270621b7aa097ab06ec505bd25a5a,53e7ece0616de2b4794002bcc9f75d485cca6b9070fd10f7ff8238f8b9bbe187
875,E,reference,17440,wikihow,177,f87d7330697483ced1ae72dcf10ea48d4cdb2b2d90dc8b16e9d9dc64a9363388,14790ba4c708a5ffe871efc6a324f2d7551b0074f6142ace27541d7f6c0f29b1
876,E,reference,19440,wikihow,224,fa5db70b2905ac78484b395aa6ff1939a91dd7a90ccfa18626d5392f16aa4618,991b3290015c830d4d7b684c70da59d9d589ce797437ab4e2c1720a288beef07
877,E,reference,19026,wikihow,182,fc35541a50c4544820b8104487a69e0c0b8848847b1d4fe5eb94d6e47cb4ef2b,1b487fad628858564b75c9f9d8ff32176ea11b214a2b95028b392bb3aced0137
878,E,reference,19582,wikihow,227,fc46431dfe50dc5088f25703642971ba41982dd855333bcc47cab5e5820545f8,dda71ba194ae249d20f914d4428c834e329376b39771f58009ad3351805fe356
879,E,reference,19528,wikihow,195,fd5b85772f389db0ac02f3567556ae4467238659345bbc1cfcfd3488be2e2c3b,6fad1089d750070b87c5faf9f5fee4a89b31b8e0d1a371e0b3ac3f932909da6b
880,E,reference,16961,wikihow,291,fdf5b43267925b32f78aba5b37c614786799c8a29ef36767ad32080be55da898,57d38f67f1fcd4d1e1258af357e3e4448aabde0127e02386ebf54a49641f5fb7
881,E,reference,18900,wikihow,233,fe664fcf72f2163eedcdf07a571ba5f2ad1e83b9cf5bbe03681e472144e6ad78,c4aea4292021813577fa871469307e55400b276206a62c42bb13ee0520217032
882,E,reference,16879,wikihow,264,febb770b16ef20dc67a6c76bfdbc353f80b2b3248c90dbac554a6bbed470a7d8,1439b98cd5aad3d5063c06d5f118b5970df9e29546f12ad6741fcad54981a853
883,E,reference,17918,wikihow,298,ffa82f4a385a1bbc849697ab969a74945bda95a772a8f261b70796c5e3aef0b5,40ca51774c9f499ccea17cddae4c03e3adde13be035d1c414140bc134b8522a0
884,E,reference,8948,wikipedia,249,1ac93df204728342daed47b51c3ec8077e05828dbf59cff8e81cc430acb757cc,9a507ac8ac56e3851be7b33f9d3760b470f51931e7afed4ec2d8641355b1293f
885,E,reference,10395,wikipedia,174,1b0d64db16423b9ebcd6f9e98dd0aa921048cdcf9c5616c8da22b66b88d41977,63b95f06c017688d93f3f75865ee26b47a6befc346df2e730327e3526130cc09
886,E,reference,8432,wikipedia,183,1bda7983433835100ea710c537d9b266d2703076779e9966f6e1e3e6f0b216bd,cf083de5aaf24195f2a42b07af5ac6d6c91596aa0cfd94814013637c0494133b
887,E,reference,10619,wikipedia,266,1ecbcdf02fcb6ea2385e4ac243779796cfb95dd6728bec43f34818c6a93c3d10,0de38e4ec5b1edb4225024ac47b5ce60791c7ad26101ecda556ce061f51d825e
888,E,reference,9126,wikipedia,242,2012efa72bfe74e3572df2bf590fbee2122249281a62b24cc1fa7399b62f5656,ef6519976dab2c6fa64aadcce2f01d1e2145c61604825601d55918710a5fe465
889,E,reference,10259,wikipedia,241,20739c5e079f33b4fcf4a8d93d9d604feeedfa657f013714bae548df1f0ab0a1,544094e4bbb1f8b4fa33137ee052fdddbc95e39355a5ae19d6009be539d0dd0d
890,E,reference,8653,wikipedia,130,2076b8ae73d308d9517c0cd91bb524736cc21093e9ad96ceaafdbc012900d32b,3dd07620411e5d8144a05f39fd7ec4a348690b0fd5fec2f9d60328110ea58ccd
891,E,reference,10403,wikipedia,185,252d956c1c103ea1adb2c3796a94883aa749abab561fad9e40782de5456662f1,7815ce4c9cc461af23a71567895af357c9d05a2825728fba72570170a6043d91
892,E,reference,8724,wikipedia,134,28ae0bb8ca18df051cd7be761b0be8c4c582511ab6b45ab910e9f83e35384708,912c1f7fb183a575303d4d3e9329211cbb2d68e8e7a3843317db1475ca3e5cd0
893,E,reference,9246,wikipedia,178,29245f7d7d541ad954e7a05e54ff2f261e3606b7b3df3b8ef327da70479114d1,8af4008bd46d7fae90332cf61fd7b162b2b5d56f29b38a96c22998bb7c9e21f2
894,E,reference,9350,wikipedia,142,30b59b45fceabe5a41f5813329030d5beaaaac060d9c3dc8c8b02cff1695891a,f59bc356d6136ec576019e58693f037141af9d8b2bca6911d7fba445d1874009
895,E,reference,9254,wikipedia,179,376f4753a0d393d01d4a78cf78c75398dd1cec6156eacbf7731370c6009e2969,60aa11a05448601df6980ea54b55c4506118a5727f255cb24e6aae7557fe1795
896,E,reference,9306,wikipedia,179,37c6a8a5545252cbe61d75fcbd0b50b15957e622fb301425524894c81ccab12d,c0571280f0d6200aacf3a735e3a813026d11623581af277b942058564dd6faf3
897,E,reference,8780,wikipedia,152,39921d88fc9ba531dbd271e278d567d82e3197d6180f531023b58dc2b76d7235,c3b934a9a12e99f5490009b952601b709f945fd0e2563bccf7d4ed897671034d
898,E,reference,10340,wikipedia,124,39e8447ba9fb397864e068923f077a2bfd472f7e840a092add9cfb94425b2e68,2538d974ac94bf4db12f2e159793c0cb118f73837b0ef855a5861fa3b4002e2d
899,E,reference,9887,wikipedia,127,3a474d011c867e7f2be139fad807f19c239dc89fda3187af59847417b2ac93f5,ced35118890afed23e6f69af72e450fda314687bbc1ddb5e312d32f0179381fd
900,E,reference,10499,wikipedia,273,3b4d3b8a1bf0e47506654acce4b75d0722b2cb44a692dd9da18f9f6eba40fed0,d305ecf97c45dfd7f302da7d09947a9cf5a07001eaa14ba42427ef1e44135a31
901,E,reference,8372,wikipedia,164,3e638938a6a04b231ca4cb47875ca61f6720745e29e40a5e29e57a1e7bf4fb6f,41f5bed4c82515f1080b4148d34af72c1f16a94a5c9064b7dd07f35ce10d0e2d
902,E,reference,10230,wikipedia,261,40437ebaf4f9833399c9f712267031c819d87c9cc214a4a9cb551eebbda9fcde,4b8b92516861285693038ab3bf79739fce8f5728545504e267f2d41fc2083120
903,E,reference,8427,wikipedia,290,40c4be8b41a482c17b57dc1d6d16bc3a1554c46e969f92983202912184d4696d,6a7e039c6bbd8f7b870dcd76268cb96fdc62b43553025bde3a52afc4b4a69943
904,E,reference,8476,wikipedia,234,40fff082908edacf4ee053874e0b9be8c767d5ba8e8a6ef62daa3cbcbcbc0361,cb70039777487ac0d685ebec8230c3c910cb29be8f76136a87bad4a525f65890
905,E,reference,9105,wikipedia,220,4146b714881f1e6b84f1c469af888c08fac9b2137f8da587766276ecdbcf625f,85fe8d0356cfbe41923b3715a3c266b2b1c8bf14d2e63f6e95194baf2bbf85bf
906,E,reference,8528,wikipedia,152,42a115252dd6bdbf00e00fbe78c8d6998d86f74a1445d8dd1d47ce268cfe95cd,dda9b961dd00a8aeaa7b6d98ec105a7ee1fe46ff43d8d8fa3a1d99749066544a
907,E,reference,10006,wikipedia,236,43d1dbd48b2690acc55341c992e237db2cfaee08d9014e0dac5e30702b42b963,a14eae7628d387ceaefd325485e3a1d1bac38c0e00044cdf00721f29acf629ef
908,E,reference,9356,wikipedia,195,44658aaa33f8e8960e49ff77c82556c8497fd851345124634cdaead3fea0870a,4169bf31b61995050fce370ecf3c204716d418147440b3475542d8319a0cecff
909,E,reference,8483,wikipedia,122,45e821af858443c5eab2350a48243ff551b240cabcfe8361728326d8c41e395c,0bdc002d3b906822ac3b546418189b9a69ff8f513e9f4bee1f3c2c3f0d03f806
910,E,reference,9357,wikipedia,213,46770b8972d612a087769798945a75ca7f5b101d5ce08eea3774e3c932e3454d,40c5f31b84012577f79d4948c4ef49979f662bf1b316a27e350840c2bfd9d1c1
911,E,reference,8733,wikipedia,155,46fe2acced171ccc88dcc82a49233c14416f139b38f8d0a8dde878e183532836,23e292ef704a35dae64209f56abfeacf3cda0f11bc0cbddcff47a1bda7486001
912,E,reference,8608,wikipedia,247,4730513bbd5de6c7089abcedaf868d475f03c4dc90dea24dad006fa2f9340eed,92eafc5647e19547247500df633c766a7c4201fc8f72f991e4e81f52eab93f5f
913,E,reference,10260,wikipedia,247,4da006435fd5439e576178fd398deb58be459327d36cf6a78c8c4e1e0a2fe254,fccd0f83d19b080f0cf6584dff63120dd991219ee194f076ccf64a00c99cb244
914,E,reference,9108,wikipedia,220,501fc5def5fb7adc7e7a002d9e6edac74d36f76bbdd7d4fbfdf881bb0a5497d4,67357833260829c3af1aee345536923993991822ea22bb4a3bbdffcc02c9279d
915,E,reference,10365,wikipedia,145,5029902117349059ae7b7e84cc55c73132947c488140db1e961550c65e33952a,ae034aac4ceb47f8e0c8f806a03a099942e148bdd9a5f7ff57f57acdaf97fba3
916,E,reference,10344,wikipedia,245,5117d01985839237a8415eec1fb2b7562b10995b9eb37dac2ca1ad2fb86c6a7d,41e0685ff92aca88e494a5f2e13d92ef4b99da824a287ebbd27282e86d9dbd32
917,E,reference,9309,wikipedia,158,51a146ac37e63fe3685bd4c03349257ec75fa5f95b056469d940be129dabc037,cee01dc9108df4fbb0d8609748d1a50d7b395da19dfe7f025a66c2e265e9036c
918,E,reference,8663,wikipedia,256,51c5453f0b393d3b6d12930e3f40b1ff68adb24f3f5b52f7d60169042b1ad369,ed7ebe95e478c3a6266df6d71f4330df55c2563220078113f5b0a60e86eb371b
919,E,reference,9818,wikipedia,172,51e2dc01855789c829630adbf284c2235bdd19698ed8a96f7e07e7eb9ba55f87,e3a9d634fe4b31e774a301dfe2061095177196dc0272e8e3e81ad8253fbc7a3f
920,E,reference,9545,wikipedia,216,53327923001a3fb14a82107fbd7a0c5f8493646d7e8df822fb4463a114bb5c2f,21a2c70b58f3a0ccd3d3715349e3ffeaf5dd042493078227f8b8146bc8bd0696
921,E,reference,9459,wikipedia,170,549c8af6938c59be9a36b423a2efd5e58e45a51377748f7cd7a02d1c38f2f4b5,94b4f15aa83780020931fa5ea2687ebcd5a46d28a089073b364ab61e3d4eb1fb
922,E,reference,10361,wikipedia,130,57fea8421d64653a1e74010590b29494107577216c060b332d80f44519ba3b73,dee9aac049ca9cc085d945a93eff721f3a84737f57f73144e6981a47afe4daff
923,E,reference,8518,wikipedia,176,590aa095da694e228b6f301fb389683acc7ed6264cf8692ad645bd2837052f81,01499743cd751541415dd476b78ee9b91873e34faa1d45d3467872c40605d3db
924,E,reference,9537,wikipedia,174,5975b86b93fa96ee6401abe878598ec6bae2da7fa78ced91cbef865861974a28,454b7faca40a43f5d88523fcbdfc34cf7247421f7990dfab07377531c6c0fcdd
925,E,reference,10192,wikipedia,214,5b86f7abdbe33cd58e00801373d96e34c7ef767878486c3c15ff48000127dc92,d4bad6c769847aacdef0c044d0337bd4408b85a668eb2f788ccbf193ecb22b92
926,E,reference,10036,wikipedia,144,5bf2af232db599effc02be63c9c06400f8094e4ba4af95da1bbb5e331d967079,5aefc2e538242d5e448df6e1958cc71a3ee73e04fb627321cb9f26f366f45bd1
927,E,reference,8745,wikipedia,236,65756ec37c9991a1c5b3ebe5c7aaa0679dcb5d525e1511748c8d9a1641cd8e22,2de90489cf63dc6559a09b1ef1eb3bc8a511ad56ca2e9e18e027f24472f36a1e
928,E,reference,9031,wikipedia,139,668b2528bb8b88a40fbeb7d4743ce0dac478c25d369c9799a22e039584ea8603,9a7ce0da43f0f603c73c485e0907ddab48c1c3fbbc3c339f99f0af0892cfa9d6
929,E,reference,9979,wikipedia,159,66b667c0d33a8f6c1acba76badfa27b254ee28f96fc3e29b0e12c5f6c3079fa4,d84ad82ca6fbe453aa178f24c1f7b7d77bfd73e62afda949346e08a65bba6747
930,E,reference,9924,wikipedia,233,675fdef2fdacb35d3df517272ecf6e030f90100906d304e107301c7b744a7d8b,385e7db61e8b27fdb941014af580c0d30f20eea926f24a06375b49dc36232ce4
931,E,reference,9682,wikipedia,278,6b5f01c3f3d551033b808b3b851ff473ed4ca7ba0dcc501a41ed94326a52547d,d6872618988b2376a6b2a77f7c976e5124113b30506a9c09cbc6ca6a85fce84f
932,E,reference,8681,wikipedia,252,6d902a11dff931deb2a10a87e72f2be74dac6115e91f58c2a731d9bccfca1434,6d183dfdc45cf7564c180595e1e03a0dcd002a39a31878c13c25a1a4c1a670f6
933,E,reference,10199,wikipedia,167,721b46b1a50d69e6069c7ef1d12fa24cf9b2d4e167654fd0939cb8f34ef6be8b,44f5e70d9ec9ee1ddc17f36a952e345ed479e31d148d4054f3a38503b035aa32
934,E,reference,10627,wikipedia,211,72ac12df1f65a0a840531ea183e497419017be48da1b239bb11fcaca2c25ff72,b69873290e463ada2ffd895330a917b9caaa452dc9a4f064f0342473aa9347fc
935,E,reference,9500,wikipedia,247,72ddb433123649bbe2583c21354902974ea9519f8bf45ae1742d993c94eda21b,930dc60f3b4a3c13bb756bb3866335c3497a9ce06d45d5b234857e99329d1e34
936,E,reference,9518,wikipedia,121,772cac141c9b41f213436eee0d0ced0eb5c10e8aeacbd6b820813270ff68dea6,9d4f1388edde76003d3c98dc9523bf4b511a247cd2f018137385463f986562c5
937,E,reference,10197,wikipedia,182,77a7ad28f4375094f014fdd9db224ab34a7042e47a219014a9d17fd26dab1fb9,715be987d2f357a01f44249f1e921703d0766571b35f0dbde6125de2114481bc
938,E,reference,10505,wikipedia,153,798751b0b7d082511b9ddffd5df591b74146b559e583cf2ec9849cd567df13d5,6ca949d71ea8e6e2239767b20c17d0a298f2af2874a74ab1da474b57bc77dd0e
939,E,reference,10392,wikipedia,300,7cf0635bbda2c8a5944ebd6855cfd7bbe3dcc465575685643d8bc171ca9f5ee5,fa7da204559e76d5fe96b118b2033b10ddf6861fd27ca64dcc4aa1187c8d0dfe
940,E,reference,9859,wikipedia,124,7efe3b033ec3506dc1692c4350355ae041fc779fcf32376c9e5bfa3db7cdb1d9,e0f0b1de54ed586aaa7bbd7dbf0c2a36f4432bfe3a2218f662ba4a78dceee69a
941,E,reference,8935,wikipedia,203,8696ff936257f2aa7314af1e1a42231c36a4de27617bcdd3c9fea49725626b6f,79425e65de538385409f603163d1ded6b9a144b57a1a1cc232402b8cb8ed5e75
942,E,reference,9652,wikipedia,236,86e32ecbf82c74d518d623f798c7137e71d7fec03c3d5ebb7ff33bb2ebfb9581,9fe26adce45eebb226d1711f1fa233c248d2b41209164f5aae92ea278a26606c
943,E,reference,9252,wikipedia,274,87c22583c2824530ba7595f8e902f8a4cf70f739160bef52375bdc5f8e548845,ba2e7a8b0b8fc72b7dad61ae189c17a3e1184f7958fdcf74536335501e6f3bc9
944,E,reference,10651,wikipedia,196,8cbab6130bad30492253fab4637bd041aa914b98e43546b3ceddd261b7a2f395,42fae57e6f4ff4bad16865f59d1f8f712d9ba6c607ab5681f6be2a737effe124
945,E,reference,9725,wikipedia,237,903c84c5f76416f8803945f655ba2d3685bee0ccf88c49b13e09f2641577610f,0b61579859554d72966119f7e46a909617964bf28140595fc0e42f36ed7ce45e
946,E,reference,8950,wikipedia,185,928fc6770b46f6c65c568daf9147c84e56bb722a2402ba622da5eaa393dd4831,0878208ad2d5b6e0a045a524d17bc24487ee43a19c9a221aa31ae321997acd16
947,E,reference,9690,wikipedia,141,975b8b9873be5784be7379bd17ace64957c75ad2e86fddb3d267848793a90332,d55a53a477a8973c0595c523b13a4765ab3b0907a36d3953ce49ed6fb63b1ca2
948,E,reference,9297,wikipedia,149,99764a63e313340a7293d15ba0fb20cb3e578cca2c81a0b3482691c26c850218,1a8f29f12f5b5a633fca845210fed7b94deb00c66bb1b3d8fb14fc10ada17dc8
949,E,reference,8651,wikipedia,171,9b6b43bfeae5884335241b420def3e36e6df3694970f88c9f5721bb34cf92c51,b69ad5dafdff9f07d86a5c9765d3208879f917b20d20fe3dcad20af60d0ec37e
950,E,reference,10643,wikipedia,144,a0c21989f708e0ebe964a182b828cb236504824fe05d7ad4e98957ff2b95b3a0,8899f0dbca00f6bb4668f5f3db3399e048916efb6bce1aeaa86c9757ebd9d36d
951,E,reference,8356,wikipedia,264,a2e207f2409e36417d0f96051348cc936b8fbfee36abbbbc7b10482310f9f1cb,efe33b2c4792eada51be73018345b5c5dc563e10ec0159f7965a0c137f233f38
952,E,reference,9233,wikipedia,292,a393d93ef6f6f652d38f426de18326b2920d2647d0859c3d34d1c033813dd561,21e17d69dfa17aa37a6d9722ffec562b7d3cd02ffef4bb15e8ea842903fa7b2d
953,E,reference,9597,wikipedia,155,a3c3ce1dc8e28087653d209e36327051afe3ca9f65f82bcf5ac9c2347af73614,751bd1a48dbb97d3aee15d17528e6ad9b644e190d3fe2fb1513594b4d62d235c
954,E,reference,9070,wikipedia,149,a506f5ca20adee84bdbc144e236aece58ee3df2bcab3649f32eafcaaf6dbea61,80c323775eef0d8811f7c6bcabf18eccc1ecda49bbb199ca5050659084a61d94
955,E,reference,9324,wikipedia,181,a6bd2738a8994402ad595cbd45fa8fdc322d288faf6fb4684d385afd9236342e,d4f878588bd615302adfbab1c58638114a94c5ec8ddbd6e910c5580d6e0254ef
956,E,reference,10226,wikipedia,254,a8b25e285e6970cfc1059acd092067cd4d582dcb2a72842332732063fb86a432,89f5b97e1199b28af67df737329b9a5b1f779d57f216345595a767ae764109b1
957,E,reference,8572,wikipedia,132,aadc43389b6ce6302b4ba3933369196797222d0f8573eec297421ba38f87a27d,4e1db023981946f4fb22fe71ab47117984103f18be13f604b4fb3a7d95a34145
958,E,reference,10187,wikipedia,250,ab2934d3060e3e37f4acfa971166c10bdc90b801ffac2f221400af7cf00920f3,fc01fe984470ed338d79f1e8d8d567a3e3ce8db57fdbd6febc96df5ae39b934d
959,E,reference,9508,wikipedia,169,ac86a278f7d13c0e6e6bb5abec5947b43a32d31e69e925a0772dbd51a1e44727,42d5ebc75e94e20ec9e44a9abedeb9adac3dbd568792b39d2731cccc6382991c
960,E,reference,8346,wikipedia,146,adc4a1a8278c09e86d01f5668a220fb5c89112bc4bb4a365099c81004bbf5919,f7e65ff187c2637a47f05da7234923eb0e9f1192c0e6c1cfe572734f3d506273
961,E,reference,10534,wikipedia,222,ae00ce07903d1679c505293874f5b47e2d567f8a80f14c157903b61a0a1f5536,75325629359e69e56034656d8b4744e12bbcadb22eb6b51f5608147152439177
962,E,reference,8392,wikipedia,168,afae1f397d1bb37640cb2c5c6645e440a92ae75cfea48aa2a7a3d9bf33140191,9dddf430608a1f4c184c7bc54d15ba099fc4042e90391d89256eb2b7148c90c4
963,E,reference,9885,wikipedia,141,b0b2d6cdca538d963bb1f280f13020b54861d35f976f1982f72c60b89d9bc390,06e28c5861861da3cfcbede16ddbe0fe297924084bea05700a2688d103c80766
964,E,reference,8557,wikipedia,282,b102f5d62007dcb8793256be4b0cf25625a28452e0892877b6727a427c15e50a,aea17c2e897e7b59594cbf8914e1532c71a111d5e6bae5617535f84b67f4193e
965,E,reference,10112,wikipedia,135,b3601e66191482cd34124bd296ee1bba04a2f44480001929ba466fea676f325b,0bee78ded167c5efa3d48749f6301351eca7065c98cce4b3219398de29ab4b6a
966,E,reference,8576,wikipedia,294,b4befae181e23540511682ad09685c4340f87191e040e4537fc97e4494f35a13,6089554b329c00a510eb29a8c9eea96f62b685db6176eda311d7e004ab8a250d
967,E,reference,8848,wikipedia,140,b4f9f418f531c326fa45399722f212cbc69158c7d91d63eb91a855191dd0319d,1c37a0074543f84f576ce28f1c32dbbe550219edc0d86faf248930dc99bcdcdf
968,E,reference,8781,wikipedia,124,b5a4991b2485386b03a22890c371f1e5e67b6bba4e72b04a73b7d9a02c7a2c15,d94544b18ae4ac9d8ec48dc0b9a0babd35e7943bddaadfe01a1fe771cdf5d3a5
969,E,reference,9542,wikipedia,150,b795cc26a29cf9066a71f1cc047427222d650ec820e9501d0376c44bd1049ad4,29f5ab8ec512f159fb20b44fe57c0a81b0ef8e287431f70ddbfef7d61b5ca438
970,E,reference,9737,wikipedia,283,b8d73127e8da23fe06cfdb62f78536f829dfbb535c51ba5a998f4867c222d05b,b6f974bb034f24cdf1e5c8961df698b600908424868f9301ecba4bb4531205e9
971,E,reference,10117,wikipedia,252,b9cef245bbe9c1567aaf59d5b5e9c0a7f99179b5d4dc1cbd40af75e8b5a9feea,35672a21568d4049ae2fc9c3070590497b868eae56962eb7e98993b93630c6f8
972,E,reference,8933,wikipedia,137,bd6eb3c5b58f37ae1c66956c740ab13854d9dfe2e5a31b68cec5381d624b7fe2,6e71f63980f9acc7198e692b8649a3a9d7de1ca18b7e32aeecf4dcf2178af035
973,E,reference,10582,wikipedia,161,c22e4e696a49275958aab2ee9f37b5ebdddcf625d29300dead5464a933957ac6,19d929dccb296ef6c13a13920264d7583ac26200d12bed9f2ac037c2cde13f85
974,E,reference,9656,wikipedia,221,c427c345565d04e0e8b602db132aa26d8f9b8cebbf54532439c3efe908c5a0dc,52f44a3e3f72d6b5206a5755f64f7f267833c560819410f10c396a8db3e215dd
975,E,reference,8512,wikipedia,178,c4c55d48fe298504873fec884ad2929ae779dbb1fdeb41143c7e2d61c984e4d7,783b2c3d43d50a098b6067d24f300e5d687d486d9b504eb4215469490903da5d
976,E,reference,10323,wikipedia,170,c506f5d42eb26b8b601b3d14ee54a5a8e1f63d2b79b47c4c8fbf334adcb18a7b,7b51fdd680ec141f6fa51f5c170adaa90dcafb46919573797832ef480eec75df
977,E,reference,9230,wikipedia,194,c575d5e527aad2f84498d418943d7a396222cc706804693ed6808a327fa7b0b2,ce1c9afd19ab894df1e19b5d826c0dd1570debf505c677e1f85c50f8f1e3e980
978,E,reference,10650,wikipedia,173,caf60e0f4b67ccc3863dabe62762fb5d3b2c32cb132ab9dc70a3dbe5f1de5392,36d220e5f97781163fef63a56d1dba69db7b7ed2329f4008e8a84ba57fc1c574
979,E,reference,9759,wikipedia,121,cccb82e17395653406b32972eb21865ae5db96926582e5473a507926e017183d,27c27de65be4dcfc9c6215e1bb268b2f1d8822a7e9ce1448392298037a2e05be
980,E,reference,9264,wikipedia,137,cdd0ba2d64a9e2524b66765d775f780902659b3ec832915910d61bc5c2bbf8db,e6db877a2f309871c277934eb16eab99c016b28c7553193a778a421541fbb46e
981,E,reference,9388,wikipedia,225,d2d253fa431179f619a8abbcdc3ff96987e673a41d474bee453f15267cb7a6b4,c77d702e50f53229fa25275010508880705ba09a74e070200a20f0a4974201b0
982,E,reference,8467,wikipedia,154,d3098232e5fad7e92760f8ea23d802e16f2f33d934311372f3b9c11daa0efd10,32f7afc72304930ead9345d746d44138cd0b5fa2651521572eec79f4bf459f73
983,E,reference,8567,wikipedia,160,d353862fe07e53ba923d7b26d2eaab59d28e24faf3ed1794d2c78e14935ed84c,16e8515bf9e32c956719cbc2e0997d16c1b3a01425542303112ad1daaaa10cdf
984,E,reference,8904,wikipedia,197,d4130368d59989e779178507812e9fe9ee568496cdccbcff22500086f1007686,2ee7a3400d63dac18553b8469f8c12cdd987f566f6cdb3cf58a89e3c2c397ae5
985,E,reference,8351,wikipedia,193,d897fb58dc89e11ece43dbcfdd573a341399932bdf8cbbc82e0d092adafe2bb9,9013d14bb6d173184ba9610152c21ff55a291d484b35ee967029758e16b681c8
986,E,reference,9770,wikipedia,161,d92309f1d26e0e40f7be8986f0bb0372939a61e9a4e9c35131b3afac3cc3080a,26fdee9ded5ea3c4e263733f212821ed4cef0889577cbe58a1a887d62ecc2363
987,E,reference,9339,wikipedia,266,e182fb7918cd7c1e2f64d5ecfdd19bb240b1144f736055eea2622a2a26670910,d0b5e359aaf95cd23ea8158af156d5cab6b0a1d2ef0cb291d44a7dcaba8fcf66
988,E,reference,10000,wikipedia,148,e34d972d85346b9b48da71054a3eb7327bd354b0ce1ee4cb135633c49ade95da,30f46383974c1428fb8178f1799f49c64f4fe149261282b48915f1a9e357e811
989,E,reference,9630,wikipedia,153,e3a37816db57d03f72a522cf9c949f895835004f95900416e85eedb8fd2482b7,9e6d1a08ca02817901d24e393aebb36e9d23131313c6b1bf378801342fd58789
990,E,reference,8831,wikipedia,214,e922f93c3ffd5a7c4a790a4adea7d730a9c4b33dd9f482c5df9547450e990a82,7dedfe127ad8ae7c0ab9652c8f03bab11f13abf0e4bc6e0220c46046f152d39c
991,E,reference,10486,wikipedia,202,e9e455afc7a6d443e8a317a9834c79f57bf5d98c5bdf5749cc6eee4162bfdea1,f3fcbc7bbd051e18aae5ad02915fb73c8118b64c8f1723caed2cda989c84f9b0
992,E,reference,8994,wikipedia,178,ee483b0911de6c5a033a9ca87d9437ced3692d11ef5aa92d44f3885a8561e491,74ab8d68baaff1ebd4966c3f5a040fb3638947ac263c68bf5be51fa823464471
993,E,reference,8799,wikipedia,212,ee51dfe0cdf73a27b17879d8a69e155eee70844ee664e3b0c59136431eccee15,3f51a8171aa0ba9ddbd7a1b953f8fa386335840d57378ab3ae3f3b7fbf012f67
994,E,reference,8426,wikipedia,256,f0114980b565c3a1035a2f0967e43a41272e0e2066aa10052c5a3d75e7e0af81,72d007c4a5da94df6f4031e8e4b0fac8ca833a7b045267692b60dd3755b0821d
995,E,reference,9730,wikipedia,274,f52b4df1f8f276a23de28368e88abdcbe8ed62f69d8de7896dabe2c8f9ab6b49,f4c0f2c4d60ba3b918e586b059a94c9a2dab1fa92ea3bdbcf80fd771d4047904
996,E,reference,10179,wikipedia,133,f54b699cb84764fa0846b2939ae816a17037cb4773939787d38dd18a72d423e4,a1883d37ffa50c9b03abd4b364c43ea209c6b5f51c44455dcd9c988eec16a1c2
997,E,reference,9006,wikipedia,129,f870fde0cf35105d20d23fbabd141bd05cf21c333f0cab5f23a47f4ad31264de,54c7bc0a8343cd467490421c3a66c6782d91333cd4f73b0cb196aee833e8fff9
998,E,reference,9452,wikipedia,189,fa3feedd30034eda3a9ef8c6ef7ec7ddbad5e0f28fc55ae0396be3017497894e,08841ee864e9b64cb6c589fccbb9a253b946ba24f92457b16a25d0196dfd20f1
999,E,reference,8380,wikipedia,183,fc59572c16addb4c9d827547152d33952256abe9c8030e3d53e91f2934442bd1,c755cc649754700904fe056cb2ce879c5a23819b4ab43ba0b7c0615688c78d43
1000,P,P,3126,arxiv,162,117c5ac47ed60ab35bee774353f05b3be1a7e7b05983757866c1acdf0bc23483,c433a0c8fa12bf79cd6f338cdb59e797987ecc414741bb60e652386c1a45a231
1001,P,P,3856,arxiv,144,11c9abc4a6d0908b15a6c8a259a469d32dcdad2aba29ce8f5c0917f383effca1,8d5405e224d97e9d5ce767c796001f5fff4f80b5c6743c0a7bdb2153c55509a9
1002,P,P,3668,arxiv,196,11dd805b7b5712fb74237592d58b053aa4d9a75796bc71fc14af96ad71603124,6dd1270aad9f014c75001e2284875a3be1bf96328e496b2450250d175f24c4a8
1003,P,P,4898,arxiv,151,12aa92cac904f3049d5de034d82a0f8c9be285dd600d7498877d75074245f011,dd61543248967281af8cf0cf69532429149db1987bb45536d19b6217fa26cee7
1004,P,P,5550,arxiv,168,160c7e2d003dce372e4d30029a195e815a587e449e3b9eb264c17237e8a215da,4784cae80a513d140ca8aa8349f198bfbf4cc715adb3afb8f08507289ca15533
1005,P,P,4396,arxiv,192,16320f8991b73d6fb7b9c69ff2271aab249341cb8a30aa4a3f17f4812adc037c,d57b860d0332eceeade946dd55f6a876fd07f1c520aa9a11dd2fcd77e2f19bd4
1006,P,P,5947,arxiv,129,18b40abf8369b5b28a7afb9be813db447946ccf5b4a489a7e8b16899be2d7bce,f0571c2bca2ed7ebeb5557edbeddfef803ac22c9e09b81926f0045ac5ce326d9
1007,P,P,4687,arxiv,155,18fb47cf8b62e961952ff06e78486b2cf2dbeaacecfe7d1a23171f380e3d5d3d,49453dd0b365671ce6fb4fcd37e2555b66a1d93afe3009dd613f29a2472101fc
1008,P,P,4081,arxiv,136,1c55533b3b71c5ddf656ced3098656a44f06f18f9068f55b754b2757c621a6ed,5268d9b25d98a334ba659351e5c8172129f75c4ddc07542132f7eadc986fa09a
1009,P,P,3448,arxiv,232,1c9585ee1e2be8e1705e7b2f7d15829f2d7a2338faab71a0a54b9cd03da5d74c,a25011a57e04ded4c6e6967871d5040e1f45c7595fc1f1d255502150a931001f
1010,P,P,5015,arxiv,191,223b640b4313fb0cee67e96ebc7cce20452904bb94f7777b12e8f3ddaeea5968,5ef231551bd5df66c3104d8e40b3b18d4080b305ccb8cc226ed9f569a81aeb9d
1011,P,P,3142,arxiv,147,225db700bdb1cc9e00ade8f5ba6a9e8d9cde7426f2f72bd55a1d93825879b862,8649f5bce2940209c8385e99496a24eaf6ab1464021eac6a0f2ae3fa16e3babe
1012,P,P,5868,arxiv,150,22e4c65bcc6371d0e466172af7b0bad6a1a9781dbbd971ad4fb106c4532a1acf,c5b9f2ae81db57927e5b285d8fef83b30f72a1e8f369008bce43a64f99cf8606
1013,P,P,5219,arxiv,158,251dc12a9e2ef6b16a57ee142294f7fea9638f6c1eae7eea7ef37c02bab68556,187762d057ce49268af9afa0e2d1e2e863ed724559c986984d24e6112439191b
1014,P,P,5475,arxiv,191,2744b7890221afe94ed1cf9b8d0f08a34b29ab3a4745c3544d1570fc793562b9,2e4ee88f854e44a8862e148a2476b66d16fda754fbb8bcfba0d8f3f19ba703ad
1015,P,P,3977,arxiv,247,277968ce79ac882a9c922aaa5b0b7ce5ceb85c678dc39572ab26f06dc93d8dd8,5bbd0c3951d274822478c878e64f0e6a7706cbda65b57794833c2a96b489aa35
1016,P,P,3691,arxiv,203,29104d00b7e81c9e6a875d2834304e914aeb082fae5a2ea7cc50d93c12d7e4db,9f69759d2fdc971f19d7db99a0c22b036a1e9ffe45ef61d46b88e45812ebd2fb
1017,P,P,4016,arxiv,186,297d61dc9e19767b6089d2002418e7b54ef7a352f22ff3479df5088698cb6322,a7388ba6fd913ce8d92ba394226ebbd0809d2a59942b6eaae1cd78f8c9d8406e
1018,P,P,5487,arxiv,138,2af01bed114b2cf82a50dd4eb3e7aeff71feee3313a19a36d73dff71dd3ffea0,ec9f32dcb26e6b29dc3ff9eede631e16c02f7abfbbed3bcf7d8e946c5ab9948e
1019,P,P,4154,arxiv,137,2e7028fc841a802c517ee26eab3289987977ba953cf7dc788624d3179139a3d7,7d8df36c1f5582b5293ce10db675e10504837305d93e49459ac060ca06179688
1020,P,P,3176,arxiv,162,2e99af88e4c8e5e3f4adf90e06d16f5bbfc26305ba41dec2aa4f739a2100f3e5,b21e10c04b5a04bee1809ae3b1ab6b0af8515967322a7eb3d17dc5a046b09911
1021,P,P,5048,arxiv,171,30ed6cdd9592947c601da2659a306058f48509d3dd3346d00af9e9a0573049b9,1f71e35e68b2f417174f7896eded2259854a4f29024f05e3aa9fd292385acfac
1022,P,P,3444,arxiv,171,3132877fbd435d0a116eb90812872afb59166942c29128c35408a10856f0f482,6bc530d865c4c83e64e7dfa335708b6e002d4eecdb9b3d5b719faaef7906d064
1023,P,P,4031,arxiv,207,32fb342e658df844a0d9917ea4426c79938b4e3b222c76fbc4ae1176194e9800,69b63c2f840745a3e7e8772d34989b703a095af15d271dafe3c440c2194a8ee2
1024,P,P,3378,arxiv,255,340ed8d7e2afea76371ca9e129c6717ab3ce7604faf1028f0b4fc8c1ce9e5245,2c4bdc52c94d061a00c979fea1c3115792b1a62eb777eaee12b8bd39c855e241
1025,P,P,5130,arxiv,171,349f04e0fb020a9f4962231b9d696a70b1b4fb012ef31e7d0d4a83ef95d70ec5,9b1549a2e6d7a3e48bb10ceeb5a60d30fcdc05d11525c5266225a95baf41377b
1026,P,P,3983,arxiv,226,36e12673acca7814a91a50fe6696d45ef8742f9cd92066389b57e06502b9c4e1,e8d2025f7c7aa1f743feda5f4fa206ef79ad1976ff1cbeed4adedc7027d10a83
1027,P,P,4479,arxiv,164,377093bd0bb86b5a1223ec3533d5f6043881594db216ad104c8b92757bea7f22,b9b961a66d71a50a950c3b8658ae5a2448c788e6cb50534f227ed251055ca10c
1028,P,P,4890,arxiv,273,3a8bb05dbee59811bba8f74b35e56467ce80e757b40ea55247117abfe9004196,5766e5b8852fa7440d54b66dc63c634d25cbfcb1024a14adaf39f6d8a843efc9
1029,P,P,5155,arxiv,148,3c998b10b31e5a6fb1d57aca22a63ac3b6ad2c146807f48a777fc748bfbe86d4,67c9f55782cb3b9aa40f94cc894a5d9daec03d8a45e8216cd228fe9c158398b8
1030,P,P,5398,arxiv,184,3e6aa76649d8b3db4315199ec39d7116e18859e0fa1442fc7009817cfaf31ab5,cb2c8ad871cee78182b36bcb4f9c7f2c79ea0ded451d787b3efcce1bcbd3b119
1031,P,P,5133,arxiv,150,3efc26e8e8c8cda80f697ce1d4d0a49c841b85ba65c9b1c82c9742acca14e730,215e7f298668ca465465bc237d6efd50cc10911537aaa55c0e9b80af902efd49
1032,P,P,3093,arxiv,141,3fdedd0a884be95f9b4d732e25bbf2f5e9545a37d7c1fdb79f0e3059b64b631f,c7d097948d4ccc12a4bc516c37950ba5117970a9a06788d8a3448c27855f5a8c
1033,P,P,5625,arxiv,238,402c8075082234fc0b21d1c27f6f88e06a285a4065f045182fd801053af951ce,1021e266218b48eecda2b5eece6e38cd7e1bbd318cc671835e44fc414034af6e
1034,P,P,5069,arxiv,142,473e25c3a8ef96231a9be00a852dacc5bac4487141afb8b8db1a4c163ca727d0,d98a671f24e74297c9fe35da4057e57c0e6410f31aaad8f5f454e78b956821eb
1035,P,P,5833,arxiv,230,4b2174820cdd4756c847d71b07756bccd790af829b443895206c54ce4fd8d931,a44437f2eabe720d56ba90e6b09a8726cedf40f673c9b8346d3d8e2d139b2ac8
1036,P,P,4206,arxiv,194,4bfe3ff86bda144ccff05ba0624fc8f5b0ef22c93e6ba97185580400f5fd3202,1c019968034c64bed11a73e1abfcbfd2810a1b1cf93d14dbcb79bd8916abdd81
1037,P,P,4954,arxiv,238,4cac120479b417731f513a3a6c36facffec93a76abefafabf9d1af112b374d61,867dd900725f7e2af8f62c8a7f62018b98ba7a50cc61f621ba93c5e2aa101850
1038,P,P,4100,arxiv,272,4df0d12bd6236702a4773378470c1708f432cd5a604e22314946ea3163b593f2,8cf4a572bc2e505a0d984d51afe80862050c230a2570f08e9b1ca546a5d880e5
1039,P,P,3948,arxiv,155,4e7f0e8409fee9465349579fb137440db10a7f55717f10594835d981668e4650,ec0f9a7c2d23d36d5a810d33845252d96f19ef65e139c4ba1e4f0689a699a6ab
1040,P,P,4538,arxiv,236,535200dd5c611fa644d86df0487adecad137936a30d7e56e44109e96c0bf6e49,5f797f30804b6f660ff693c05ef6f4952c131dec03e87fc4ce8066ea1a2eb32c
1041,P,P,5429,arxiv,211,55fdd9487858aef03b44a304a8db4066dd3aac2014347eefb252a2290af26703,5b9f549eb165754a19e4c4cad390de2c2dc18e6f5f9488f50d90561ff2d5140f
1042,P,P,5088,arxiv,221,56784380c8f9531753dbd862d1978e11293fd820225e6ebe90d30b60c56432d9,c92bc11ed25d2da08e737200024cc7180dc9e91c6ca0f916cb91de7e814211f3
1043,P,P,4250,arxiv,161,57619a8accf74b5170d4cec3f520ff3a9d4b8196d5a5edac729fb7921c68ca96,bab6ce065ea2ba61a30b9cbd00cc4df478eac42426aaf38e6f71a39005b39e3c
1044,P,P,4648,arxiv,150,5aa179a699894dcbaa244e3df407b1461c4296977f81fde88f685c83ced11230,5a133f40873a76a5c490a6d033c1cb33c633a53c12c0fac701981a92549a9c64
1045,P,P,5471,arxiv,153,5b599805ce3e02032c5cb8674e0e2065f8cbbdc5b1a289455df7b2e2419cba97,e75aa99eccd4ed4b58b31330e4347cba34403535ce6ad23698b6014e0de9acaa
1046,P,P,5781,arxiv,203,5bd61b99751887a8990f2736f849b318ac223a7634fc73e3738108600674299e,5d553b5fe1576ec1d02b782554f4a1386fdd93850e47101cf7c21dc024f9ade2
1047,P,P,5207,arxiv,173,5bea7b075f4bc6d5aa6eb3424e51d17a9dede3a94277c12349d6913b9ceb1a95,fefa5dc35b89dc03edc91a7df6ab6464646a9aa6e04233d75ddc279d292ed199
1048,P,P,5488,arxiv,148,5c98f9b700063fa4ce131cf1fcf992e92a0db898a69ea83f508ec23715f398cb,cdb6b6fb70bfc23921553cde03005a68c3083d0be5d04b56b385779e59649672
1049,P,P,4585,arxiv,171,5d59e324fd60359c49ae55a22b46f7b3eabe8f854949796d889d669400f6625d,81f9aa8e27ae19bb970be531c871f7bc0f6f5b058dd73659a98f1ae8c4f2e2ea
1050,P,P,3654,arxiv,146,5db66a89a9a1a542a6a19364344b8a8f8350dfb0f4f2ad698819c4c8f356ac39,526402160f98ac72436af2e1681fa8ca6a7e6051339b87cf663bd323c7fabee0
1051,P,P,5613,arxiv,230,5f7e703d428d907812506411cf336673d063e776192637d9b8f360febca9e69a,86f8b5e9fc49557091a0da237eb700bf19957f583845d344ef5d585e782c965f
1052,P,P,4458,arxiv,153,6140c24f9d80135d4f25042b129c4f438c123064bf7541a3946a7901d1dc2707,9d656c28484b0a040311fe6448db794439cd1b8911bf2bae3e63b80ee9b4a9b5
1053,P,P,4979,arxiv,196,63a6c54632cb71aab61cb35fc8e0dd87cc20d86d1216afe3daf893192b8fbdab,dd4b1104bfd8490352abe103a7db06a3c3bfe0b0b6626383be7ddc4183b36efa
1054,P,P,3473,arxiv,164,6418b39c1fba40a51e0a9c497209fe720bf7b0070b959669945096dad662fd75,2fe2d0b45ac915ca0f6ab41fa04d4a69338e8eba666b9d5269e03a02cde7354a
1055,P,P,5526,arxiv,150,64c5f4d657768ea47b470a40e6c49703a6b19f9b1945f3a6074329259ae8456d,7c12638b7b3a923359da12b603250fc39137ebc1d8c2a05cf560134b30d5a248
1056,P,P,4246,arxiv,258,65abaf17363a6bfd54ce80183d367c6d1900a3615a115b38e777073a7ace157c,b35da6aba566d1b38b215c3cb3beb22100dfcdca76e977a8b83e8f934095a2f6
1057,P,P,3702,arxiv,224,661b71ea7c9389509085dae166fedce3e65a10be5725956a11c9fa1d182386c9,a06d00fffc52fb2147e9bbd3a3fdf8be30500b9a3e8caaa7c6c477bc83448024
1058,P,P,3661,arxiv,211,66a81fe5b3c92f4195f8fa328cc5cc27eba7428cf5c8529da4c115a24a3ebb62,b514903423b2b481118f2b6b0c251f4c62486866a35aff7e9657dd1475b29c1e
1059,P,P,5676,arxiv,259,67c0419c29544d1a21675bca9e4d598c3f5f12722691aac0a6d43b3d6759deeb,a8cb592ce7ccfad0ff777cb457f9d6fca8aead306a9f83352f89556b74f31525
1060,P,P,5355,arxiv,257,6908340ea54bfdc1bcdfd6edd2f06e87441b48bec4b237fbea3893a422c2a7e0,f9a2b3fd13acf474d9597a447bd1dae27ae31a0416deb38cf12bda0cac08cc62
1061,P,P,4112,arxiv,130,6a02bfd6df34ea1c83134147b5462069f2376bee189eb4abfca5e1d6968beaba,fc0dce52313ff411c525db126475b9812f94588f8fcad53175b688aa6798509e
1062,P,P,4795,arxiv,157,728c847e270ba8b44a51db8643132b055b73173a944849e9169484923c0205ba,3ffe3e82bf89babc1711d22574ddd8ac27877b98c19079940fad5d5c04f392cd
1063,P,P,3711,arxiv,147,7321de92982dcff483b3d74f703989a7189d371d371d2fef8a3efc5ed0cbb614,e21b51ec423ffda49ada5eddb3f5752a13e3ec0e1f5881d788a6e56e74fdb591
1064,P,P,5202,arxiv,210,73706efabf682f8645bb7ccdff1db4e0a26510c4d4270d91b5f2c3e3dfd85d3a,45590fdb8c4f057a11244c704414ba563f18689eaeb32e197e334c6c6ef4ff39
1065,P,P,4492,arxiv,154,739a9536c07789bd2d69fd13d98707380320a23fb37818b4599a905ad7876eb4,5f89e9e88c75b47fbbb54b62be0180bcec29b2c39626a8e7fbaf45fbc8fbb137
1066,P,P,4094,arxiv,187,74e93d5d5ed1424787db952d1b50ef71b9f67d6da9e23cd6475fb37cbfff9041,067f241bc90fbf1fbc9da6b333a16912de265aea9d6598762eb37a172b777512
1067,P,P,3938,arxiv,121,783df62f3993ecc269a3c2b251e95379ab45d9962af3d135a18d2afccc12c611,5053515ec7d579a985d0c9912a8127f7247dede34734562090bcce245bb5cd2a
1068,P,P,3648,arxiv,217,786d732705d29ba1b9813a408d3b7a6bf4b05480f398cbb9eee3d44547aaa2c7,6d57a95191c3e04896eb0efde794e51625179064db3666a4fb28116a2a3f9f7a
1069,P,P,4874,arxiv,136,78ae17e307fe3f28ff6f4eeee033579834ef1d1c8f235314b2905321df526700,a4d091a2a22cae5467fb6fa954c28c7f59e9bfa3abfd500a89e1f994bab395d7
1070,P,P,5270,arxiv,152,7bde24ab00615e25e07786a334333fe166637817dc3262735378ef0838f6e537,8cd0b54de4ec7873d60613ae70270eeaa6a40da468803a724270e6ff0dedb0cb
1071,P,P,4348,arxiv,172,7bf564714327f0cca5bdc3e187293f3bb7351929fabe13fbd9ff313f793bceb8,381a64de4f66cf27a8aff319e1fa25d8e1af75022539b35568e5c334ace5a60a
1072,P,P,5107,arxiv,148,7cc724bba74bf250a4f54e4132d21770fbe74d9820edfa0ff062a426b63760f4,9c67d91c64c56e0a1b443351dd61821244f68bd98dda7b9a50bef3eb1351315e
1073,P,P,4583,arxiv,214,80a198d15bda12ca795121ef0b29548805feaa6ca03151dbde13e07af260d4f7,7fb00d21820fbc5154c708b119a2e381077905c99428d599324ef25cf0156bd9
1074,P,P,4931,arxiv,163,81b61ad9e89eae7aae40578472eb70def85381a193711fab6e2773f1b35fc705,cc695da1336a288f6b7a844b5f68d802943e9431cf9b109c9226c93c9446c1f7
1075,P,P,5709,arxiv,178,81e7756f38510679e14398a5dec602ea60ea1fbe233e47ad17c7d481d8ca7039,12dc17451799bcac1f027c8bfec522c08c2454d27434fa5044ac6ce7e290b037
1076,P,P,5940,arxiv,168,828ed862b250668a468c92254cf55072ff4040b313015214835e3ea1007e79db,e6fd2ffaf5bc21df39d4e817cad56f5289109d775fdfa33fc6c8e752e8896e4f
1077,P,P,4908,arxiv,179,834b562d9806306d704e340765b3db90a1af7bf43ee4023ede45f42f928f2bd5,16c55ef174cbb5b7fccd8f1e7dbd025fcded5075db4956416cefc318f7e5a3dc
1078,P,P,4884,arxiv,164,83d128eccef6bdf02463b76047d85becb017522385cd34061ee01092c1217d7c,f7eb89ca3d7459f9109612f519e6aff4c43bbbe8ca2a113e97d0951e611d1655
1079,P,P,5344,arxiv,180,84608d0fc7c21104075da4cf11b59f1499aca29261316bf7ce35a6fe54a5e227,266f8267d34b2e4214186c5cc3c44c7eec47cc2149a55b23c655bb0d3b050a5b
1080,P,P,3676,arxiv,178,848488b3e3535ae1006140b162d8bfe87bc4e78f85416585f4ab640d77d0188c,58097313efdf76be5270449d57bbef684b7446557abadf3de70424ae27be43cb
1081,P,P,4274,arxiv,133,849aa0a1f3a8553433ac474c071e8d727c80e414bfb5e86f3255e9abee8c9d37,93df62334e8ca0dd53ee6e2bc13c0a594804d4ce5e1e36ce3f14cc0c99d5fe4c
1082,P,P,5716,arxiv,143,84b8033450538f550f5dc95377b6d7299395808f7d1c2d8319d29e33766b55cf,a83cee49bf1df29bfea13cc8edcbca38e06d82aa17d21471b7767437b05d5f31
1083,P,P,3192,arxiv,230,8665809939f6e764c0ae238d60162fc1f15303bec8f6c2a7f0d86763c3aab3c9,ec13e8d91d73b56fff5816cde4318c18a646533b49fac352bd3d18cd4b36e148
1084,P,P,5746,arxiv,187,86a3afe2c88a92bc1dd9c35e2d8626daff3d58f1a974def990f9fe956b1480fb,561f5954be5d8740433b7dfa7c776c1b963437603c3eb620ebd1d3d1f216fd02
1085,P,P,4833,arxiv,180,88aceab1d4b36ed72f1ee7c7c0da13e782cbfdd190925d2ed9ae2e0111383ef4,684e9790fef1db93c70ada443adee0c680801a61fdadaeaa7c2a3cd0fd126319
1086,P,P,4634,arxiv,193,8a17f159d9d70489cc26b2ab9b653a74bcc1f04eff50c56c336f2e4ccf196133,47620d80d5cf585e8c58854c8c45ecffbed25c7fd73d77524472ec9f10330bb3
1087,P,P,4152,arxiv,140,8a7cd85cfb0fa624674e74bf5237e9726200cd6f11137a88b15265e7113f9aa6,822cd50e0c0a91da3c10be62be8c32844ba640a890c9a72fab813e0d0d239d55
1088,P,P,5269,arxiv,152,8deb7f659a27700c87a7a807d9cf4bbd88c2c6e7684628726e5b059ebd8d4a42,8db3beb606a515f73a0d718f145d51f26e77aff3f7378f01b929858e39cb13d7
1089,P,P,4978,arxiv,153,90eb5654e21394246dbffde835af0ebe84a91e497d24c4ea90b3e46b6bb5677e,ca063d6f6cfe95e362addeb04e9120cdc8f61b27d0c088ca5e6f32ca0fd894a4
1090,P,P,4968,arxiv,184,9637accff0e50452a40ed4b57aec50831a7634fa155c4f770e2373455d69132b,e30ac194a53ad554b713ec6e4a6e1690a157ad0e3b74aadb52eea88e7b5fbc3a
1091,P,P,3340,arxiv,262,969dcc338addbd2e771a8deec68bd789980dcbe21d6075754c6ddb2b39735a40,554d04829928b294a1d8494b8785c2309991e5eb8e6c8f0a5935928ba1c6d860
1092,P,P,3943,arxiv,182,96a4022182918e405b4aa89e7bfec16604f1f8831feaf2df2dcedab9ced5df54,8e31c738aae3b7316afd1f329d863ce1b307e8f947d6f88c04b57974e95b4436
1093,P,P,4849,arxiv,155,980a7ee8cabd5683cca191249ba3a12025b38b2c89a05ef2de28b9554321887b,12178adb6a72927159dd2305d8e9c20db7edea3e98d0125699d5f3064324f660
1094,P,P,5659,arxiv,279,998158ae47bce184e180495baa8080efb32eaf28247a121fae49dd7fbb09fb58,5b55c15cd610124a4593be4a7c16996a53994123e21d4ea39cf99dc9d1d445a9
1095,P,P,5570,arxiv,255,9b234d3be3bc86e7a27bd94df3a36b3208e11aa8870fd61912d75d86b5bac64f,ddb513af91d1679e39c864aeaf5f2dbafaf4738614dc8f96f9a2d31ed5bdda0d
1096,P,P,5909,arxiv,219,9fe25fb924085ce303d761011ff2f517a2c69deff6130402da8409ad4d14940b,d3db4b3870ae05e04c79c2a49fdd68e0396411a6cc684bb561a0e5743c0f8478
1097,P,P,4515,arxiv,190,a12997ae5a93a7269ff9cdd368406437a2a228b7224e1be6a5b9780ba898443d,8c8f0e71016cb07e22b8f57ca8731ee480e77f00296b4b693941601a4714f73a
1098,P,P,5815,arxiv,178,a2ab7ab212e4dd0c567cbb030a4c082c3336989c9a965c915eb7ea4a01417ce5,4fca7469bc5bbae0bcce13e16372a4b5bdc49113d6fe727e825285ed953c563e
1099,P,P,5590,arxiv,124,a2b4d41c6948d2565cb868e04852050a2c7587fd82cca995bc9e9b3e64e86c23,2dec5ed748018a6c5f88c1d2aa7f4aa20a6f3433d06694d61be0fe00097599b9
1100,P,P,4530,arxiv,185,a478b15a961ccc351cb16b1908351f4c892d85da99aefd421aac8601da65adde,e6b5ddfa2b5a3e7f4d6881a466d623c804037eac8aebf8a34176bb92a761a5a2
1101,P,P,3871,arxiv,234,a506c91742866f65e089ce22ab9fb2b27eabc48f4b1d6bccef1bd665330c3104,25f19a37b62c4331e5ce49744ab144b822f1d7a018955c6ba031b1c518baab3a
1102,P,P,4141,arxiv,290,a523357683aeacac00dfb1ea70e13974c738908a1c0d2dd9a0a0feb02d9eae12,0f4a42de4d3fe31ceb24f462cb30daa41d38a328452a1318e06f94553766c445
1103,P,P,3683,arxiv,197,a8b0ac745ddcd1e45d16b4ee7c9e27386ccf0b2fe9fd50150c034f9054a46b0e,fbf4d3345d4f7eced8ff01fffb86ff03ae659a9c7b2bc2d8d93f0fb05d3b999a
1104,P,P,4557,arxiv,156,aa68e86f8145f4fc42a7083de97080e4692472c52488c048e3ac8bf2f12e49b6,eaaf774359dfe4c224b0077804fb12794db5556f7c9d35c380e7485fbe1b8816
1105,P,P,3210,arxiv,148,acbedeb0dbd2fc8bde3d2f4f1c458de1ed88cc28501cb56fe4e92866c17b050b,972f82228c4501db597c84e3a052ca6b51b182c011c8dd4536ff611f3ee7886b
1106,P,P,3914,arxiv,185,ae8700e112f98683180bb0c10b8e878d2d453d3aadff941993cb266bd78f65e2,1554a51fe34951b7b82a35739a45e52cbdb6447ec88d877fdc96550c3de11178
1107,P,P,5226,arxiv,223,af3f6033b9bfc0f0f36a9140c8040a44833ec215bb29a9d5ff060e21c2577f52,3966fcbfc5a972844ecd54c583a62c90fccc38c38f415852e72b2f7d041dbc1b
1108,P,P,4736,arxiv,158,b40ad4cae856a41883c4e7a0e323f14527eff09f9a02585447aa8e047c19797f,2fdb44a7d6bbbde699ec5b5f4021b730e8a62656f248610cae6a78e666be62a8
1109,P,P,5533,arxiv,196,b5e382a80b89b0b4504c7d24868bf0e9fa144d07128e8226e2f42740379110f2,34a75d7a49572ea0166c539b58e740f535fb4395dd56ad529b4d0c570db8c857
1110,P,P,5674,arxiv,205,b71e983b9a622e200cd2642bd85fe6167b2bfffb7517928fdb097793b08e53d3,a6c4c298a3b0c2f50a8efdeb40e5ee0ec09275f13bce81f18a18b2a0db56aa14
1111,P,P,5485,arxiv,201,b97466746f4326d7bd36a221358c82d652ea6d267fef02f9c8eb409897e62dea,d8df0aca9ec7afbed8b1391859becc5315ddb9c1caa76494e93b6c52ca04b637
1112,P,P,4428,arxiv,207,bac1da640140c9e3526269ec6e0575c6e1bab184c4d844d24b5c703d4d867683,c14278c32151eab53d3363a2810ef48a6867b2fa9c8a9f328b03a3eeac3d5985
1113,P,P,4921,arxiv,155,bcc4ad1c4eedd63566ce0e7e0d9070ff4bda839fb714eacfdae123b063b44b13,c29f43f692e2fe668ec0b318c59b341c03da7fb595fd7e190980d8be2b72b1eb
1114,P,P,3734,arxiv,172,bd3e85b4815bf00b80d55ac9adca1faa75635631d3c97cd5dbdd476acd7b8092,ba6f609a3eeca291d99ea5665f7e3875b78829e6f439048d04901f1882016753
1115,P,P,5291,arxiv,226,be37c803f56063dfe69b89b6b4c3220467d36e4df91f329ef706e464026d211e,72378ae92a898cac61648bd87ead53d94bfebcd64d6ea95b26e80faa1fd8c7a5
1116,P,P,3567,arxiv,238,be7adbdf82750918366d169f0567793f03ffc1ef7c06aed28bcdcb6cbb9e325d,6ea02b2ceab5551eb73ff1001b8e4df08fa00b6c782f760d35bb33993d39699e
1117,P,P,5385,arxiv,196,be914c7650cd8cdaa5ea3cc41f70666104288b9b414d670fa2f07d860a6e74a6,2efcc7374e97d07a857389b3140e375623e998ecb1d82a02cf40146e95066837
1118,P,P,5881,arxiv,206,c13ba47253967cf40d4392a06f3dc5e668618f55cfcb226b51c894ad9606bcdf,09ff837f7377b5a4428525baf9cbd4e648ef4132a57b9b8fb90951e9a61c4665
1119,P,P,3371,arxiv,275,c3487e1b6ce8fc88dc0e41565e360b77af83e4e8033f88788a102f69aa15e1c9,6caeba7a20d77e28a36ce3804dcce9d0fea562bc8dfe779ab636cc3a09969f67
1120,P,P,3558,arxiv,154,c368ddd5c7d072f4e90e307b67dd44a75f24485a1fbe97402a409cb095175c25,235b0808b88ec4434d66904673a4d810204d0ba459706d3771f9cd81d01129dc
1121,P,P,5075,arxiv,144,c6cebda1ca9d900395936215826df625cd5b32d507bc012670be93d090964a1c,af1f92e0aa51506820103500e762ebb4741e1e47457ae99cd5517c4a8a35476c
1122,P,P,5168,arxiv,146,c84d3e6a4e9868cf7ed3b10282aed1fa5fe740e356f33de3eaedc2b5d05594ea,6058d9ba3a186ff0e9d3a9289ff769b7a08061830d751a03a733879491a1d4c4
1123,P,P,5759,arxiv,186,c88b3e10539c07b8ed746d1da712236119ade37fc74acd28cef026826281c35f,e51a84b6c84277d0e8b3a56e339c02a4ea4e084248ee3e439a6402559386dd7e
1124,P,P,5287,arxiv,165,c9b5cbb35a50e66af3d23971411e19870a23d699dae16eb7f2984dbf7fe0a39f,8e361da69197a58b3731931132d170277c0e88893e80d2b23effcd5fea34020c
1125,P,P,3087,arxiv,181,cb7550dfd3161708714b00f6e456a9df0f0d6c28adaf32379aaaa318aa57f899,1a5d6b4610f78cd404a38086c4b073232983469819d33587c08a28712db14142
1126,P,P,5350,arxiv,261,cbedac085fe0e88d39ab9d8951678b62efd97df4c23dce64ed4c16249cc50be2,da45cb976873c30babbbe8f535b8444168866ec6f20160615fb7d131cc106d55
1127,P,P,5360,arxiv,176,ce4b81e3abe3823cc1f946f7e43ef7443959a2a009db6b76f460e86781ee9114,4be4d4460eb72c658733d710d25b7dbf55be9f8c6be26b8b9c016f45783a0057
1128,P,P,5358,arxiv,158,cf61eda687fc55a906d0d178bc94acbd22185547069242604188e696a81dedc6,4bfaf7fe3663f52db79d882ee6a1843e3cf9b55e51176a0e54f728c4559366fd
1129,P,P,4707,arxiv,208,d0a28e44db6bcddfe768d4ddf7bf5a52d79ee9c9616247bbf8a3bb67da92c59e,d93b05dc0cbc72ba401c3c1d423634705d6d3fc9131e584325059a54b069fa9b
1130,P,P,4844,arxiv,178,d204ac40dee32ad15546c213bcf3d6db4ace2cfd5da8c7b92c70aa7ac1c514b1,27635a586d761aaf20df23d96a37d55444a3a22aad59aa86c4ec7dabe5a02926
1131,P,P,4582,arxiv,174,d2fab83c7bb9b244c5c788270cb5064d0ed713d8595e4248f62a04731b3bed71,98e119995cce5c4e717db2b2021265659fe3e8213997fbb75b069d0519ad8ff9
1132,P,P,4961,arxiv,166,d45cdd088594f9eb7383ee9c367a11d1a3e58e11098f0ecbc1a87f22587e4a39,fd0bd36e91021f0d98da8bc766f7c653a651f26cbc1d33af4dc0dc3081f18009
1133,P,P,4842,arxiv,158,d72e088c2d9c7b543e6acc5ea298a7fdc056e30ed102b27eea8b333a9a2abdd0,7a9d056ac98d2af04dbf5c2813b359000306a6ff4373abd691710e6797b6c6bf
1134,P,P,5580,arxiv,228,d7454c8de12dd0e4e847f1ef97a690cd07ac1a0d690be47cec63a3333c392140,83001573f06d3c4a85a07a6ba49fca49c07f067a8c4f33b01098bbd76ef76db4
1135,P,P,3634,arxiv,166,d7bc362bb4b0d6fef977fbc2df9726d8a2ac5b385a5dd3f73201d753fb76b682,e8f551292c132734293908c9233ccf99bf24140f0dba7438071eed3be5c56797
1136,P,P,4985,arxiv,157,d96d940c4f2110df657e5300c0affc1d472e673cc4f2404db8051a6956253cdf,56a9d4eb52388126d4922dd1989e6a3465003b1b01d8a678516977ffc84bb408
1137,P,P,3526,arxiv,142,d9a5c0328d1eeca9994e930895bb7c49cdea6579552ae5fb8d2e0fa317cc6769,48a10948afc7ace7b26c23ab4ba76cd7d5a4af496679172204522b19abc3592f
1138,P,P,3624,arxiv,225,da1c65ea07e168c26ceb06350a4590b8fe5dc116807923c0360f06ad5162259a,368e7e86070822b82c3408af8e1b5a8615f3cb5b34fb90b8f8b00ade9fabbd3d
1139,P,P,5388,arxiv,142,daa193d3a30b050f942754ec774f0c57e36b37d20b34d74de1a57b9976423403,d3673b8b250d2c7cfc13e0ada1aa4225fcac16e0c3a1607d7fe2925b362f48e0
1140,P,P,5190,arxiv,207,dc43e4da6d5d79a80396bb99997e4c866d97e50c7d256812ed95fa32adbb4cce,4ca562371662bbb72c0fbe05a424b2d6fd742c9c0db2628b0c88273d8e8206c2
1141,P,P,5417,arxiv,152,dc8c6253472129efbaa73b6afa867c99c95b9e3bf7775ea5a7895a96a3d7bc4c,5108bdd902a4845bfb710d30e09ccc6a1492f5634b70215605a649fd84053016
1142,P,P,3704,arxiv,212,dc8c8c286e72c0209e3fa0bd2038a924d8b7c2fa23286889206fa3a8befe9e24,3afeade929ca75b598a3dcee5186e61f27463b632a227259be1d1a3d9f54c8c8
1143,P,P,3582,arxiv,193,dd2d0744b073c63813655c7457fd166f76189f05fbc7a26dd308a871bd4bacbc,4a9faf2955f52775a59fa578d2bd544f552a8698c17fdd69a57c30c396b1196b
1144,P,P,4113,arxiv,135,ddd29690e970a9ea832a3a303acaa6e94f4534a8e6ea76b933dffdd4528d9182,92bfc2654420853ec0e0331f1ae9ae68989f74c59cffb48196691659300d8bf8
1145,P,P,4953,arxiv,251,e0a803951c77213253065724c4f3bcc245c4f23135a085c91be5d2d0534bf418,b678a7cc3505c24a8cac111e37e6ec5568d4018ef463916d3b16a6c5f80f6ed7
1146,P,P,5147,arxiv,201,e15c5ae0493014d23d87a041bbf70ab3cd3cf1a17f02764c3fe0e372a2010801,e414c3bd9e765b23f53c7e7d54d9814041846d5121611745f074035159026ef5
1147,P,P,5292,arxiv,145,e348e1e8ea96ffe21d0dcb6472ccd41ca2d7342fb3395f731b30229bc96054ea,2f150d23c8c8849f3ac7cbbc8f7aef13be58f71f42a7f4eab0482b7b92c6970c
1148,P,P,5327,arxiv,167,e4d6d1b1acc78687fc4c3bba025623ceec4708d5e05373e9e40dc8cf36d3cdb1,9a486ef7013986fd50d5a8c1ed6604b28bce2c88c487a559113c79f3ce8ae1f2
1149,P,P,4772,arxiv,145,e661a603733c104e34001e1a96889f874106fe0ff18d9f931c84917390038eb8,4be37d847b5573a15923dbc0db52f80caebbe6c43c1da61127bfe5fb3a3eba10
1150,P,P,4216,arxiv,184,e84d2f778adda73b23b960ce6fbe8509cbe83876b78134a086219f81d55fec10,52d1bc60bfffe45edc0f17eef4bdefefef06e50e5fa091b3c871e6a861c38801
1151,P,P,5477,arxiv,145,e8bb0fe6db69e577673c68b9c3907e4c3edd4cc90fc96be0ab78c058a7e28865,85732ec6969c624ccfa0002bb3f20a6a469d7ca9195a08b79b243c666851e339
1152,P,P,3318,arxiv,153,e93329917c66151002294d08765b53d1af37e4fbafa6d995f15d410bbfa25ca2,026840daf92944e3ed775d69ffb4ae823876b6b5599008ebc10004b13e40055e
1153,P,P,5851,arxiv,168,e98037ccbef2e9d2a32cbc48bf5ea15315676a42a34d2ad39e060c383b317561,4930c978e1e5f4642975994357b34be2d6b0e91f5d33dad37e41819be60220b5
1154,P,P,4487,arxiv,146,ea1841730f3f7abedaf388e9447857a3c56f8abe5312baa9a5854e637a5ca3bb,2e9d06834d3b30ce815f4294653dde020d92c60f3a468746941414648279ffcc
1155,P,P,3755,arxiv,146,ee0b76a9edf410f6c23142d1a4a173caa5ec816f66b025e7ac51bee2dbf57ff3,5de46851e8dccc93816318cc2890c9ee2ee20300ce8378c935da33922a780f41
1156,P,P,3795,arxiv,196,f0a3b34ddf10a8d59542f1b2dfe4cf6dd977a9d212dcdf7b4fe2c64ae8c4cb17,5277a1de51232fab46653d66ce1ecf34e21cd8252522b657cc4fa0ceeee5b1aa
1157,P,P,5162,arxiv,196,f182538a436a5ed08e5962663f99e15b33e9a28df1210ca1d95a639aef47afc9,73b2c2b1dada5b5049da44de83966799a3f885c10a657ff6bce02981898663bf
1158,P,P,5458,arxiv,182,f1dc33b3b9da28002ff8e0171ce650e1c89af93ce4e79867c15fd9549a91e325,c6d31703eac9ef9d2a07eb35ffa371d07e3b74757b39fdc59394d31f71ec7648
1159,P,P,4126,arxiv,165,f21a0b33213bcb7d06741cd9ddd459782b6ac2e447ceeaf01eb0f8e915242cb9,509b47dfc62feb3c9c5ae481c4b6e6c8b667ca1ba3f514f07969b52017114233
1160,P,P,3765,arxiv,214,f7498d601ec2e968806b93c11a02c83adfb1d8cdf62b51207f8659c598bb6ad5,52c321a82b85bb7380c0ed901877fe63c03e168662b1faf4e22e6aff22980621
1161,P,P,4475,arxiv,147,f8310f15a2c38e4db24a2c35f984c6cce2e7edca09853c632181013773aa5f5a,45943322f2ffa84ad018ff5468ead47c0ac4a6fbfee5c258a2b8da040cd220b5
1162,P,P,3636,arxiv,200,f9252974018bdc0730acea80c4057c7b5c4a850d0624603d139063930acc6073,fad5c35460b1ec3083720f55ea43ed94af8d1532c9e51e6b9a67951a50896151
1163,P,P,4214,arxiv,207,f9ac1b95c02143f762725346a45397ca9aebe5cf34f13ca4d99586c2decb9502,45129f83626f26c8b5ff788cd975c6d139576dfb8b64e7d7666069428e9b01b3
1164,P,P,3857,arxiv,246,fa8ff32cdb7e7997dbd41aa63960638039867397d2079396232440230f098be3,bf4f39256255ff64875d99da08724c2d45781574688c80113d57b1c62ed8d32f
1165,P,P,4191,arxiv,213,fbe2a1d5e7af90f51fad58c450fe3a30e82f4e9aff5bf1ffca61dc216ec82788,31da39ca267b906e2f72689d97666b3ec5b3b70f4cf7e8b3ffe72f56a559d4e9
1166,P,P,3447,arxiv,194,fce7940f2d65f649eda82feb08c86d13d6b50efcd01d527bacfe4cd5dde39981,4478201520401793a228f6ce0b1ed5b7bafba156288e1d7dbb548674cbe5fbad
1167,P,P,105854,outfox,251,1227b7db32cd697ae36fa19c206dda6bf98569d56054035fd6b80f4c78e2df9e,502bc5f96604a53101a9dc646a99e3b103a5d142bd5eec2dfca3a972d8f49b32
1168,P,P,105718,outfox,277,12855cb0908e57a9998e780f272edcefba8fd43dce0304f602c5c079c905685a,e18b778f91ab37c3109ed0c313bab287bd4d1575a21f03beea6f64360cf3212e
1169,P,P,107281,outfox,200,149c406a67cf2319e6284cf9c91ce6f570842ea4c69283fa77186cefd9a865a0,8ece9c19782ce45b4a0fcd8cc3c529a2ac25b27853ed4b4732167b38ff5d31f1
1170,P,P,105649,outfox,226,153a4041f5cdb5af2e1c013de7db8216ed4785f7c8eb5bb225ac1f259caed409,9b03667a33b21f4207bccc04eb75370008fa221b2d001119057300ae4abffeb1
1171,P,P,106718,outfox,299,163fe4f1b8baa95c1190759f7f9b9c440c550f0a50badd4e978d58533fd47bab,2355f41b3013afc3c38ce96972aa178e18b9e2e324ae0a29dbc0a2489ccd37ec
1172,P,P,106827,outfox,212,167c14956eca3c503f3f12b18580bf7d66d19bdfeb557a6d166a03ee7986ef16,1c0b10ff76c677397717d934cc2941a874e9ec2af9e0a71239a6011b08bcac75
1173,P,P,105537,outfox,297,168957d73a38b10bcd21c1b0c22461856607ca77269e3247086e6dba511574b2,2a06956b03bf93f3e3370254e0e5081400613e06e4de91c31a0db2d51328a8cc
1174,P,P,105221,outfox,259,1754c40ab60bd8a85e16439b6818f18e8ae3a4563bc74ac08f6f59eacd21bcfe,559122a755a7d6b8b5aa456e8294752b0927d2bcb19e4089b9784320d450140b
1175,P,P,106207,outfox,216,17b028b2cdd1145a327a8479eb912264074ed77605c3f73b9a4dbdf51a5b7380,4e89fbb999c84994a07c38163960a14b09b375a5d3d90a61317162517329454b
1176,P,P,105101,outfox,249,1a78bd693b408acc52d3833471341e175d16f838442b3d0f89e704c3f67845fe,a9f16b67ebf94267dcdf30bd473d090e307a054172dfd656cb31a66891e312e1
1177,P,P,105157,outfox,202,1d634ed8c080cd0286769571b31d6b2844f83737aa022c7782e3b26fdde10b50,a37a9dfb1a182f6c356182c62429c6e0f0610215a2b03cd8c9eb720eac6ab2f4
1178,P,P,104849,outfox,282,1dd6b0d3ef7db1fc252aded6bf0a38ba14de0427c367649d20b60b3d798008ea,25bc8d04b9267a6db7af9d4a0f6a4fb81e6e3d4134b1f40d490000c4fb8041a1
1179,P,P,107213,outfox,226,1ed350bef7002ef43aaddab7ad635fe3a7ff171f8c91f0313a1d1611da9e95b7,45f40b3da3734343c10a2d0ce89a726d2c050bbe2c0cdc05358bbb8f714010b6
1180,P,P,107763,outfox,172,1fb6f525f91c815cefe32d5403777cb4e201e732dc41f4b56def1acc69c677a7,ab8453ea9106f6bf370f4f71812768a9e17fb14ce238d2655ba4402ea82b0728
1181,P,P,106631,outfox,227,2063a7c35affb85eaa07904e0800605d7e5eee5218292cb106f86059b229c915,cf6181cdcf0646911a3a785bc78ee39ba6c8ff0c212bcdc71e269131bf8b3301
1182,P,P,107589,outfox,215,207bb053bdf0a12b668d08c441bf279187e9d1ed0a2137c2bf61854da2a71cea,aec95e2c7ad3609d2b70f46da4d51b193eddc8c170bc85dfcfb1ebfe02f2bbf0
1183,P,P,106544,outfox,236,21e203dea8b779d42c5979591c690f8275f32d7ffb25409e506d1f857d0eaf53,8a2bb8a806fee57835c33c5e5bf32e3c3927f847ee43c16c6e322f992a19a888
1184,P,P,107309,outfox,265,226e19a2cd3bcfbae703b62eec696d930521c201b4d54937a44b83329a7bf971,8aca01b141072f91b66eb3780a54a9037322e06707e0fa7f737dffbc52488b5e
1185,P,P,105538,outfox,280,232bd60cbbfbd6f080564aabeeda5d6f619443f10b511e7f8b3c3788c4bc17aa,608f73eb0dbc5f1d0f0c2dc1bb6a049a346807b64d2d89401d6f0158de0ba8d3
1186,P,P,107002,outfox,221,238fa32b7d7b47566e72de04d44ea8522dca7f16f27e2b96bb8fd369136630c6,1fa13a60c2e5cf530ae326c99305eaedfa3503add77c27fd340041229e1f470d
1187,P,P,105666,outfox,257,23b4e47c5c5bdd83e86102ceed7d321492a05a29e3082f0df9096a963bfbd5d6,7be8376fdb0f472e714bf47af86e2538077596d765b174bd2a7e4e2bcea5cf3d
1188,P,P,106383,outfox,284,262537f315996e862a2d4ba0ff4c1f9ca96b3e143615cb2ddfac18887c8d5994,9969f8f1776c7520e475c7e6de8118b1905fbf432c31eb907535bab1f53c18e4
1189,P,P,106905,outfox,230,2bc16fa0fa195141b2c062f21a311669508a5526a17d5c719c21c2659f25c5ce,504f0513e9176368f9d7a5beadb8e23fcb61dbf4aae1647d923d90e4a25ffbfb
1190,P,P,106670,outfox,225,2c3be8febe2b5737d2e8f9c6881186501e0629534d097ed65b23d6f05cf063f4,ec2be96b06eddffdcaaec7e600c47922eaced0540dc7bd1c71d9676a1b461343
1191,P,P,104952,outfox,251,2f177147cb925dc93492d6c347a81e04f97542bdde18fd77901d3803402ed47d,dc74079b3d715d3bf8d9123b38bbc561e8fe111bcc32023616bd3baecb2e9bf9
1192,P,P,106191,outfox,215,2f1855d6f714f028bc2e5431d6bfafe30626179203c37eaf8cab1f4e2abca648,3f729d13c2580847166052fc614aebd941f8ebb2b95cec2e3e695d06452a58f7
1193,P,P,106711,outfox,185,30b1116d8e72923e728b4d134a7ab10ba45caa30f910d033c021259bcf324bf6,bcfeef05a094ad256f40489b75c76008e805c0b3b085f2b9328e5ced45337ae5
1194,P,P,106932,outfox,211,33642a32193d2254c2111e715ff3b2db3fc4921f59dd07ad3a0d55572b62d10d,5bd1e3a33cc08808b9840885654ec98a5bb1409230817d75148ca71ce4f56ac1
1195,P,P,105161,outfox,293,3533c8d670bc719cf98ae3a62f25f62c94fa5bd48966a2cddcb50a5bab471929,a5073d8af230b1598ef34f2b7572d66dd768048678af97d67c17c9a49fa55da3
1196,P,P,107570,outfox,185,355df93c22c7b512acb1a3b839f7c7ad5438feafeea1b1c45671e652303616bb,bbed75beb0d4f4d8248f332fac9cded97e4695271389c29fb4b3d021527b5329
1197,P,P,105287,outfox,213,3631efb33b743d0d68416960b48947b40764e7c045b029b3dfa56064848a4260,ee59df63891aeb088d39d5bd06f4dd5a88463456be2c3456f4c14eca62a36de7
1198,P,P,107201,outfox,227,3902fa573a859376965bd62aef28900044719b3bdeb97cd8e4bc1610adedce46,e2d84d0d166fd15aa7a16f320519f8f8d609c499d55643312a8c684242bc24e4
1199,P,P,106446,outfox,246,3a83b99b05c2814bf4361ae5a54e330c7e009944462271168efbedcdb7fbf5b9,ce779c87d214964d037c79f547565d1e41ea8579b25d5d357f6bb67df940ddbf
1200,P,P,104866,outfox,263,3b90824dc81e253e5d652b7c71d47526b71100cbe2a38a7aee49c81f3d106e57,344bf19d8ebb2b42d260b6ad75c409385fd7e64c638b68890903628011c4a5cd
1201,P,P,107664,outfox,228,3d16cc68d7ae19af226b836fd9d8135189c351361f45c1e2f9f7cc17cd936f9f,d3f0edad533fd5ecc7716e728457b65ab2db7b81394b6266c97b7c40b087cf8a
1202,P,P,106053,outfox,197,3f2082f7ad5fff1192745cf778a970febbf03549e1de1de846583106274e149b,99021c80d08d81723e5bce1ccf8160b3cfc0b369ca06508bf58304b9d88855ea
1203,P,P,107272,outfox,275,3fb12bb4ff693247d5f61bde74d1f792696d2837700d0588f753ea8fdd98e4b2,401324056d5953eaf9b131ce0ad8d74fc1fda843d546b0ec83879b21944e3c1c
1204,P,P,106962,outfox,228,4069994b9df3baa699c2106c3666095e99cd0280b4e771be36ff851311081aa2,6fa871bb08bd20426052e4f9082497f8c34505669615ba269a9ba23c8c791b8d
1205,P,P,106210,outfox,277,41c17ccc9c8f705500fd8ef2666f3105376255e1ed273c2603595e779f9d4d7c,1bea0add21587548f15b72f37199b23ffbb22fb6879e2f427b9d23f6164185e7
1206,P,P,104974,outfox,276,42ad8c167bad3b067ab5b8d3e4f5635a0812ae6708f04d34d8bd4d67890356e9,66de249b71ec9f2f209d0a27fc6547ab9448860c5094070035494496dc1f3027
1207,P,P,105430,outfox,271,444a061b0fc6013453d32395f0356ee131fbb915545bb78ea8905446a61eded8,8e9fa60be775c7b2d61087e388fe8cea3ceb0d2858c3fa1bc1acf92902b72ea1
1208,P,P,107200,outfox,198,470f9a59c1b8e2640a7a31fa14360387af7f4c96831f336baecb6e5d8ba92657,facfb4a4b1b304d4d855da61d359f76ab69399d97cd13f835fd625a8be77a72b
1209,P,P,106267,outfox,196,4832d7875e0f35d78492d12b222a03a1f96fc8d25019b546716887b5e68ee8e5,79441094ac7392925673bbafd906d5327b29df07699a5e00144a063b159b6d0d
1210,P,P,105115,outfox,267,48e6fa2a7357a25ddcdda7ec720b9b643d637cb1cf7d2caedaa819e983d2080f,a4b30a78f2c10a05738cf86e64460f2053789a79e6f1c63d09f6266831462fc1
1211,P,P,104958,outfox,242,4a3ee5163110e8b568d156018aca213e93405fc047f023a0c45719f8c8c674b8,13a02d0ebb2409b32a1c4146f8989342656e3010b4705fb2e30e2678f0f72d13
1212,P,P,107083,outfox,230,4baa7892f3c1cf4070912b2df482758d790ed66f78148bb7d0f0e564cffe93da,4baa7892f3c1cf4070912b2df482758d790ed66f78148bb7d0f0e564cffe93da
1213,P,P,107355,outfox,230,4c79dd7121b803c18680dd8834c493f6116d69f6a833124c13ce247e64e6a479,dabcd7d6bf8b83745ba7ed49567fcc85ae3e53cc483dbfed9f8fc832d91d77ae
1214,P,P,106237,outfox,277,4ce73a743f0d6d025592a97ffeba1c82b93726845ca61ce68437eceb92d8592c,3a560e9a1a7984f67f7af031e917c713ad923e20a8e958fc89b9985d29a35aa8
1215,P,P,105884,outfox,215,4d6bd64de3b77ac059cc68f3336197e47da0bf7b6faaa79d0cbf3aefd470a803,54bda9d46ea32a6c45b16203e9db1d41deaf3883592c41edbf1aae6a37f3e99b
1216,P,P,106114,outfox,205,509ba146e0f57717c7c04a5368b0c761470dbfbbcc23aad145412a5a9afafc28,e7c801a4f3061a8f76d17e604ad2a54164160c4ac73d571f43e7e3a143e1bcc9
1217,P,P,106404,outfox,202,550b63b51b7acaa0a6aebbeee4bef5e854b5948bd9e3d8766be913185acb9c82,19eaad53414c16db7b308a48ef0dd7a8e4d7d2436a9f0f7d3222fd1bb012020b
1218,P,P,107518,outfox,193,5597ad55f730f00fdbeb73e99e55e1430e1f6a679a8613ccbc0bfefb16e9734c,50c0d462989d0087c1ce6c10946eb098065a35ce1e4fad36ddc203eab6f6cb03
1219,P,P,107702,outfox,288,5998088c5c3cc12f45aed5c79949832ffd5415700ddd054319b8b170853067a3,d8028d17bb80a0d14ff0c5b680cfa6203610c64c652b1d3727636662cbe9e4eb
1220,P,P,105036,outfox,191,5ce26cff21d4bc4beef985d3053b8ea3816ec882297e60dc67127f8d03f83b71,8b386554aaea9e5cad2bafaada5e9d48c9448bdc1bd53e6e07525855eed065da
1221,P,P,107508,outfox,261,5e13c48ec5f0ae4e92cb0e854fcf5c7c5d8a55c0edb019ce1a56467fc1d356e6,bf470f612f83e4cf0ca70ec854fafef80bb85ec9e5cec3313ea7a36da8bfa5bb
1222,P,P,107025,outfox,259,5e6f2caaf10acdb228f14cec51f73e2d7f440fdc44c7018f50002dc896c596fd,89994e2c465cf4d1854b17581e629d0946f12bd2afa100a11f482100a7488b9d
1223,P,P,105647,outfox,266,5ff05fa838d480b626eaa82bdcaee9155de646ea66364ed55b61a0195c87886f,778f67a411d246578920b650ed67a9c3df4a4d058ab91349de26b7cbf7de3098
1224,P,P,107274,outfox,296,60acd4593d2db799bc134a445ce34f6ca57ec4e84b7eb71d566aa41887c942e1,0c95abc3758b540bd98d5c764cd48da476f7cfb9672043713dfeed32da50e6c4
1225,P,P,107367,outfox,267,60f1378e32d8ce71e0ba22a7c832e4c6fa71bccfa373cc6c6207e1432414b513,03698038b7605eca1f08ce137a9251b3fa8ebef70a091f580361c9b3127f7f89
1226,P,P,105966,outfox,203,6144dbd5cfda59dfbf437bd34f9181455d51b25b4ae9d6be2a5fc488675ecc33,f321cef50c530d83b66a1717b34447d2105b491ff3b05a07af555dbc664a1434
1227,P,P,106937,outfox,253,63902d336fc529118490c8a007f996a12f94a2f2ef0aa61fd327ed53671344ce,fa1fee12229083b24c36768b4ba6ae0ddb45123ac16b1d0fb5a63bc574cbbadc
1228,P,P,105639,outfox,208,63983dd025d3336115d669d3e2d9b4faae28cef553c684bf4ea45d2f9b2430bd,fbf5ac65d289b129571f1bd15dbeb619e071df5896c81a702ef5cef6bdeba57f
1229,P,P,106401,outfox,217,646fef3f9b25bf35382ae402349797fac47d14a1fd6f53ba57220c144cb47180,d5130529e9372de2453e75d65363a1879dbe42a6c5a4e5770aeb37d75721b83e
1230,P,P,106138,outfox,270,68ffe923a3e2a3e8bae44ffef1317e0ba7f62eb10c7b78e2157c5c79d970bc3d,00671cad31739f6d858aa22c952cad043beb7057f2ec361efc6b051c896a9054
1231,P,P,106112,outfox,221,6a0460c691918a7b2c050d58c631561649bbc1b99812cc4b43d03994e997fedf,56795a3f5f41e6da3b912ab2cdc3b4509d700c20d7abd2e84d561f09830456c5
1232,P,P,106588,outfox,205,6b809d1397db1223d6ec17648cb60ee65569dee3bf8e898be16bbec25edbc137,1918d077d5445b87c06fde81c61a22c162269d4f60c837f036a910cee958eff1
1233,P,P,107026,outfox,279,6cb2dad6d756b07e177fe49c5fb3029e1a3a6e288f0507003c27c5aef9c279be,e706668837373b5c985c955f362073140258d005522d7859e357996c9fdf81d2
1234,P,P,107270,outfox,245,6efc776acce79c15c9e5d51bbd587273153034aa4f65e8ad838844da0a4c44ca,bdbaf40ebb857153c2843945f0b57f83c915669e0d0dc26af9325d063f889f7b
1235,P,P,106516,outfox,284,6f9d4379e1a2608cf57eff2e8fa4cb70ad9c93970158b744d590194068495cc4,725741b52320fdd4d4051c7ed37c243169f79fb3e338625e6a316041a82b6ff8
1236,P,P,105903,outfox,231,7048afd47febaa0b996329d0aa78a82f8d8a23ec95a40f8c93fd634070fa5590,0a549745f78b10d6f1bfcc912a91ae786ea3196a83a6ef5ca7c1a7ac9ac3e62a
1237,P,P,107214,outfox,241,7213972e2f355c771f9b2a108647e328c30eddb0ff6fad940b7889e02a658024,1ba007e9301c13fa0da4c55186fb133cfeeb92537205be777120198e520d64af
1238,P,P,105281,outfox,245,7288261c912b115f4148234f11b996e3457020d98f9df26c0bdc82f519478d87,5dc223c46d265e455eba3447c8ebbe882d395d0ae06d067878a2df4b9b77c4bc
1239,P,P,107238,outfox,236,74238725e4c7dc12dc68ef387fd869b6fb39df2bc053f3c7284b55621b7d6bdc,953a4ac5d29ae279e7fb0c26ce72cfefb7a8c75ad8b7f9c80f80caceef93d5fb
1240,P,P,107190,outfox,279,7477369fe6b257f7cf9c15d0f7bbb61b89e3cb904af00ed9923e3f0b35742b58,8d6c2f320060a3102f722fa9ba0455527daaf6ae894c87522486bfe0c2bc83f6
1241,P,P,105858,outfox,247,76c9da467ab7c1e30d1fb326d2de9e3820bfc9e0e46c804e0936a96ff4e72ee9,c67e3815ab7f164b57ed796b9f60a8a8f33fae9ad4a369eab935f975ab4b9aad
1242,P,P,107111,outfox,200,771c8aa44b68b2afccd23b6aeab9b3ba14c5c271f377f67a8dedd88aee8780b1,f5515183a3c140b1ac5de089a5db8741726a5dc5879a77bb0003728deb566f4b
1243,P,P,105026,outfox,268,7755bf6367c95ff6a2f34c046d926cb75187376c870a87ea3c59ed6d37df2ffa,e9e5bc1ed857906ca87cf730d9dc8a12e97c8984443aaebed23c7d221192328f
1244,P,P,106707,outfox,260,7aa5bdda7bc16ed494782f1f730eb1c9c103cbebd0af5cc40e0e9ec0e9e07c06,9767fe0df9b674068bbd4000a14fee5b66e8f70c295156da00a708b791d73d4a
1245,P,P,106156,outfox,257,7e4a5e7f092db26feaf86870159755d9c89d6ba68acc8fbadfb9bd88d3bf5ccf,d0b23061c304db2cf87533114412dc211681599420b9b24245ca141de7860651
1246,P,P,106052,outfox,247,7ea66c267e50f4fb62fa4221cb8fb90cafd0f421688f7f5a32990eacc0218a68,fbf42b66f63e03537290b25993818409af89dc9b8189b579467d87f36c82e276
1247,P,P,105634,outfox,282,7eabdef42bee6da132e09f3ad6f48df1e9721ce5de171e40032c92f0f6e3bf06,83d173a9e456e2dd16f1d79128ac0483c127755a1cdd8fcd19f97479df438eb6
1248,P,P,106813,outfox,265,8238f13b3e9c6f8e324b6376a8fc9e11f36ccfcadc0cc919c4c69c099e936a9d,896cbac2534ac03ca9edebe1dd85a9fa46741e6dcb369548cca90ad017689ec8
1249,P,P,106205,outfox,242,82c2e0a64a610c93740a4de84c83865a692823376eebf2aaacd3c227d00c0968,203f7a35419a83afa615ebc4ce8749711afdd1df6d05a8b09de4f2335186c0e8
1250,P,P,106271,outfox,254,846d73b359693f15e4ad74f58e016a6f5bc946ee30781c6f0c486be843c4d4e7,ed886a7a6b0c8af05a2578708b2ad0c0ecbc04659f92908d6cb748b89069accc
1251,P,P,106371,outfox,268,84f441adeacb576d912df17c1d37b92831a6a1b2c78ce6319774dba1c1dd0750,94986dd7a4bdfa859196e7c42a20dd6d552a18ff940231f44f4e21b964acf3d4
1252,P,P,106022,outfox,187,8adfd2e93b619fe823a593a45db8acf6a0c899b09a5c86f3a5ea057e06da3b2e,b904606c982856c1a8622fe0c199cffa81eb009e49c221b0152f09dfa88b6304
1253,P,P,106302,outfox,251,8d4f3ac5e1ef179506ecafc7845fc24c397eae40a357e08505fe27e3823e0089,509df8d751d5399c85863a6b1e8cf192fec95616b3bbef26518aca88ac1cf362
1254,P,P,105593,outfox,270,8df1b5827fd136461b9743c96995f8084079788164d283857c2724ed741a99c5,965a9287612a7cba78214b4d2e77d027816aeaab33728ce6e06a04b8c9ad9d23
1255,P,P,105900,outfox,270,8e8911c247581e828808aef6876548e90c06bf1c7b2da0da0e61c4b7b26e5889,914b2ee8d4d597bb8d7597a4d9bb27056f7db053c2967850535d1c4bf29f4652
1256,P,P,107480,outfox,178,9022f2fdbcea4c8d00e7b652b02ec3d52226c437b974f9aee54ecab19e42dbe1,5deb998658d9cb2599d9f37f419899b6c6eeb816002e793d998f4242554225ee
1257,P,P,105096,outfox,289,903e7fb4edf58ad491f152f5406eedd6e51146f43dbdc352cd2aeddf0b87547a,5a2d491a45840b96dfdc5fa5308d7cc8a3927b2d2653e1797e1c909e3b2d2553
1258,P,P,105274,outfox,257,915d140314e7e43f4b14569242d71fb48a2b1a47c1f435c6b1756de6ff137f0a,d6db3a8a9e28937bbabb3986b187b8e6d5460c82d2ec33679fbebc0ebf83c920
1259,P,P,104925,outfox,202,9192c6a6489a2d1d4d795bfce550f2e14c45bfd1054c3dc94ea001a918677fce,d01f7adca58ac3f6803a0dd091c7adbc563e5e76d1b439e5dbbde4afeea57487
1260,P,P,106030,outfox,278,92d880d78ef2b58fd093e7e347f42fa3221455d1e485f49a6c4b438927838406,dfa8fe41598223f6ac4dac23c15b6dd5797a92503feee725aab16f041d42e7ed
1261,P,P,106101,outfox,202,9614ab498d2c63d3fb8aeeda5bd6b6102466e3a657043c909c87bd35f1feaa89,8fec04b818d08a48c5fa7885b1a80118f91ad69a344a458833d792f2bb8367bb
1262,P,P,107389,outfox,270,9739695a18f631f4950792ebc96b132dbaacefbb9e010d04d7a7549ac5a73309,9609f10dfa29442fba4cf33662211e752193eaa617fec8671b1d0a670cfef811
1263,P,P,104827,outfox,239,98b2828ea545fa895340b4916f3a76180d75d42a1f901d80e2876cf6331a7a9e,0640f20e372277e1b8d465bfa2f3bb0834b9ff3d959fa9c4000db5cf5f230b87
1264,P,P,104900,outfox,244,994015781071ef85c6ef99225c370a6f391b7d7cf7ccc9bbd3aa2da5fa902ddd,99cd177e872a9a8bd6b02ba3ba0461978d0545b440d6348c493db59c40f4b075
1265,P,P,106326,outfox,288,99f92c6d6fb50a6ac6d04ae37f3c790eb4dd6660d6709355d44c739e9725c699,d8786f1cdd16625dc8d536249adf905d438ff9ef83aee52adc3c0857474a6813
1266,P,P,105296,outfox,268,9a246e41f94da62e99914e48e2d8588999d99a6ee81d1dd9bc354007dc5e8f1e,9f9c1ab53617451c3db4ca0c5e67ee02c74a22c8bc76001eed475c261001fd06
1267,P,P,104964,outfox,269,9aa910bff354206ea12988fe1a1c595ccdef0a8eb31adaad99cab85e5eeadc67,19cf356ccf483a901fb9ebda76bb2723c25dac8bd3bb1cb4f08b2417547f0caa
1268,P,P,106978,outfox,221,9bfb393b2ce714ef6e66dedc665448b29749cdf8a6ea2365166771b3ce397e64,05e74cda02b2eaacbed45bd2d7aee842948e324f865ed6c4631fff80ce8524bf
1269,P,P,107160,outfox,299,9e0f03b1abcdf6a33d5aa458a60ac198d5eae15b383a8676fcb85cd038fc2430,bf6d71c289b70c10b4cd28bb08391a77ce7fe10cd20edb61d9b8c221cb2b602f
1270,P,P,104883,outfox,294,9f9cf2a9456f4b1652553fa428cd35bfcfd47c6ef6cc81c747126d6c85cd360b,3cade52323c3260e5a742e693c3b8b14b653184a07afb26908ce2f6e91491c82
1271,P,P,105604,outfox,299,a2519b0a870c35d10de11c7f5fd0de9c649fd175ad2367a8766e6615bb832493,171e41f5a9869f7a5a5ca74133d1471a87a910a1770f030b57aad8c1c96dfa73
1272,P,P,107018,outfox,275,a33506a7e4681b0b5a974b792664b47d958691274b6c840f5c63b4a56a6c9280,684195e80e803878b291fd466411e760f982efefb57f8fe9ce77b764a1158c36
1273,P,P,106694,outfox,250,a634535ee0524e77d24acc32a9c29103786493e5545442bcf3cc7620a698452d,512fd341e13fb29cc049f22c507053cd36039e4232008cbf99dc501f88752620
1274,P,P,105490,outfox,186,a7dfa6001f23f20541e3aeba0ea607c139f4a16ce107d56b7461ff6bd662bed4,6d87f8f2d91bd5345def37189ad82124d0ce0f4a973d76e8f50acfa0e0962361
1275,P,P,106142,outfox,286,a7efc5590ee1fff9be4128b111619456ce45548aae79abe1cc3839b092339deb,5da820478bb7bc53ac232f54aa485cc80ab7d95beb6e5a41b431a28df357dc41
1276,P,P,107789,outfox,261,a96a380e16b5c7013f9ea6314dbaabcae67399dfdd610c26806698de4bbecbfa,3412f332620165a9ed7de1c752d044d84bf6c88362f970f876a750200f1939b7
1277,P,P,106315,outfox,267,aacb776e1f20962a15507a9aeafabefcf3680c5319780a78028043520dc0ab44,897f3473c4ef139795e4e8dfb8583f0318fb1b1d252a19f5b66ca04e6c7747da
1278,P,P,107561,outfox,298,acbd2aefe568ffdd0fc2865012bde9ddec34c798d64f44e2809298bc7b3f31d9,930e5e30d02c4d22a2ad9c09d45b3d96455f5dbaef23a0a4efa6b288ce91218d
1279,P,P,106529,outfox,291,ace907ab7005f08e2a59982a9ddc73087d14a0f9cc1b4382b15f5020164de271,cd490c85a91921bfd1058e5dd0009072aca6a178479c3750e678e276e343c686
1280,P,P,104888,outfox,284,ad2b2e3e048f35d3a38903ea03360f2de870717e8e2ea7bff9eb373ec698584c,aba8a93cf5ea8a690b94eb2da3a661f9f784ee9ad7d6588853477494bd2f1c99
1281,P,P,106166,outfox,222,adeed673dd2be062876e8a7d00a8ff3e348aea7cb7f3322ed2e5f570e5a26c2e,adeed673dd2be062876e8a7d00a8ff3e348aea7cb7f3322ed2e5f570e5a26c2e
1282,P,P,105371,outfox,298,ae10c0a7caa46b81110b7c62bddb5d137d55b390543155d32330a59323a8ec2c,d521d43489542f2ce6a88ffd2aece58423f46b926be91491fae3e96f2755f163
1283,P,P,105988,outfox,197,ae1a1eda2d91551b8e5ab86726001bec9452918ec31a133816bc1e2cb712f7e0,8ce4247f1cca8d2cea38a7d043e5085e2cb986863732dd455e1bbe31c407790f
1284,P,P,105892,outfox,205,ae538e75cf719a77ccd28ec574a792e6aa2ded5cddf44fe0ae3b09227455e365,b888ca48b760618cd68856506f303b0877c97ccaca2dcdee798faa91654c0a97
1285,P,P,107689,outfox,236,aeba64810cd6655453ecb54e64ef356e1e909525532b29a57fb8cd754f906ba1,41e01059aec3b3c2948aa455f9c8b647b8a321625a6d6c2035bb9c508edb1980
1286,P,P,104930,outfox,277,b19175e4c3b28e2284ad454314c138518d01fbfc2fc72eae8171307ceaf5584c,ac6775cb9760883916c820bc5c625764bea1e98037ed6193164e0e4cecbfd75a
1287,P,P,106033,outfox,250,b56e0ded8a70c707cb5acb436bb69d086d30978813e2cbc39a04237a27778c80,96bcb3130879ff8d5b315df07881bb76a40acb16b3ff145c7a61de076573fa3c
1288,P,P,106893,outfox,260,b654f2f24d4998f2b78334e7837f2e1f7a98b04fd2b3c6d56ba3d6005797fcec,48b40ceca11d026ff9ed27aa94a735775e62b4dd3d131387135f3be56d00ef52
1289,P,P,106023,outfox,220,b8aae9d07bdbbbecda71b29b18d87230e3fddc2a25007d0857e7749ee2bf4457,f3d846c85e44b2fe898d553edcd12b954e227a9a9db83ffbf9889a42cb182138
1290,P,P,106269,outfox,252,b91c4f002d8fc293069e1d75c58ed2f7d90bc566574df8fa4978a5d7ee2db4a0,efce13a1257f1134e884b471bfb332b0482ba9282e2e11866f6afcd51aecd91f
1291,P,P,106818,outfox,224,b9feb9566c2891e44c0d977d1d111e3d8321ec223af628ea568863048b8d35b2,5e9ce269dad58e4d5e9dc0de039ce944ac07c21a53698eddbd37327a44048c32
1292,P,P,105839,outfox,193,baaa058973422ed43c81c4ba11981c46c5340376a80c671bac76bf00786b3915,1de6a0f1f021a78a9a5d075cc0d70d8924e3a4a21707ff70ad4b4e8ce5d2dc6b
1293,P,P,105835,outfox,262,bb9137298684d564ca3fcdee0598a453f16581c2947d81823331ad2b07e43e1d,395805a1fb0f8006a37921e7730f38dea746dda05945f871d6bfb04619331947
1294,P,P,105376,outfox,254,be0b18a45dbee63899298c27453f1bd93c017c81c9a5775f8bf6a466a5127e54,3332fadac0cb7e136db06c3a2bac290df49b040709bf0228bd53a2dd1a8bceb6
1295,P,P,106249,outfox,179,be3272ddecb5c973ab991f8ae8974f9a74ab8e5f5e6c04a67f980783b02d721b,542382b6c628900233b9c264b921427bcb56cf16bec07714bc3f92da2e87cee9
1296,P,P,106523,outfox,263,c13fa5d4b8e6b3b71d64b6cbe68c1ef11cbc914c57ecdd62c7b4af7413babe34,3e648c404111c784aa91101fc025adecc2c18263c4e6c61a02bd7b2e70de9c33
1297,P,P,105444,outfox,281,c4e01554038c9258e370240f148124d0e88fd053a558f826b66be826ac13ec00,2d06d86a5da7eb3f5ac625a5d25d374f86cc841faebdae8eb992b15dada4bb85
1298,P,P,105987,outfox,283,c59be30e0ef0e20c7f76012353dd52e028603ff3ee16632709536d6bbe7bafbe,d6432373d7d7420b99b6e916949a8f8d85dd3058b6f35bce7dc6656d867d93da
1299,P,P,106093,outfox,224,c84d95a2dd2c2faabc8f0050d85951d7b9f8f9b06f18277ee896d879969d52c3,993d0545c9fd0ff4c9970b894ae48f17e1477e47905946a219efb5f15df3e4be
1300,P,P,105916,outfox,194,ca6786fcfbaa726553109101d6f94d3ee8b80608e86547d40328abd48b2f4a95,e869e301e637d88668a7c70688fc36f435774a73217e31fab491c43f440e2d34
1301,P,P,107796,outfox,218,cdc80431496670e828b8d179c88690fab899c6d02f838dc22f3628faf397ff6c,10aee3c0e9b5ae35c914ff55874581fa5a8e2bc8088dbcf011dd0a3dd6f55daa
1302,P,P,106127,outfox,264,cf601abf71ef4412540d89fab76b6dba11eecebc720c2925a44cb1de3bb0023e,de0620071f097cb06b1b13e649edd4ef4725e5bcdb9c89d8820d21628d72cfd6
1303,P,P,107568,outfox,278,d38403a9324781c7b034eb0cebe9e4a3ed7f8a67c16b8042fcc4cf04a58e0bc4,a4350038bf1b9f27adbf89ff958bda1f5c8c75590bdb6694ed68790153f65aa5
1304,P,P,104961,outfox,282,d6e64cf16a05bafff77b7972345670af254849cb8d905c8091decdecbcdf8628,eb9edb56d47ed286edbc1f698b2e04922a81fdb9a0c90869ea06d34ef1e74f4e
1305,P,P,107033,outfox,233,dc54cb229c015be6231808f0098816db21c38229541f263a71b0344c3be0077d,53022a80c0e359e62a0dde971e70b23185386633d2bd9f92b820038ff373c620
1306,P,P,107347,outfox,270,dca2b0b88429ba7637c3225d141bce5766fc462693b641846c44e70a7cb819e3,9f52a25a912ff9de718ea7399df9f4f136c0f5b28d9d39dd5dfadf87e2d5327d
1307,P,P,106848,outfox,262,e03ed5d4d668990f04bef3b90be8cbb6da634ffd3bdb53bcd739e71a0f53f08e,6fe590f55e0a4df4d8308d7288c4cd96dad91105d78e9769c01d17eafa37189e
1308,P,P,105862,outfox,271,e25c8e5a0903815466444967104a9d699b0f52ce7fe9eac0cae0a4ee1918e25f,1a00e7794859211f1788f903f531669b846bfd358363c0d710c347b9e9510b58
1309,P,P,107718,outfox,233,e347021df1c70fa2c9b0157212f8da56e1c80b97a59793dfdbb8e721780761a7,81a97bcefbf51354bdd4b73d853de13f01e6cf01fe1c9d56e678a11325814c8d
1310,P,P,107000,outfox,204,e462fb8335e93d64cd9847fe129223ce737081b65df44d2366eaf09e80755b74,3a048856841d2e813dcc36fdee681115a73125cc9173874d27a701ecce964b83
1311,P,P,107353,outfox,213,e4a9edf4b2c3e89747266a4bb1d1dfa868b15393f94e523dcf98018207496e90,a868f8fcbdddbb655d420897b976bc4fa7c5700b1196a1a52fdd4405257ca0d2
1312,P,P,106811,outfox,234,e7c98363d5df6ff90b06f000c7e07e17c50113f9194b3b6f2d42ef8f8f40170e,60cb60b282c4efacd75626c9032699445e392bc6fa228240b5108deffa48d70f
1313,P,P,107635,outfox,298,ea265ad4d3c8417fea0897568e87395ae11ce95a2470d270499ce953187c2572,20f5212eac0f371de92c4f71d3b6cd0c07b8c95bd7ea4fc233b99e8b0625149b
1314,P,P,105139,outfox,283,eb7b124986bde95e6e22e72521cfe2654a61f9108bceec67fae4b264bf04aadb,7d99bcd20587b49385d7847cbd16069ea305a8eca28788a4c6ba4639c565a706
1315,P,P,106822,outfox,181,ebec6c16116121b872fcb666af5de34f20e2c09e1cd1fee842f825aa06f51f6c,a418f50ece8c73f89170345345deba015e6e78bedbf25941440132bd21fb8cf8
1316,P,P,104860,outfox,288,ec9e3ba6cce579452ffe35487bc1dddc218defff42a6716f1dc900f8cf74c6f6,2d7cc16d6bdd565968866edab1822032abbd1abdcad4dbd86b696d1997d63dd5
1317,P,P,106409,outfox,288,ed70f6c5ee31aea41e9bd59666e234ef59dc1f7247ca823b991f59e74471f266,6ca746684f14e75990369ef78912b7fdcea8d4301daa3e653faa5d6eb61bd6ae
1318,P,P,104820,outfox,223,ee8173697db2d822ef1c6562945e0f54463d1e209b282a8b25ade93b026e2972,bc7fb4e89cbe6a81f32fcdab5647134fcdae1f8217d2918b051cf5215e9bb3f8
1319,P,P,105348,outfox,191,f00bfbbeae441123d8c42c51bf440d6a41cae9d56a4832cecb42882be0c35213,464ead64247a46af6b33df343b8f00844b102e41fb9159c4a178e15ed9512e55
1320,P,P,107636,outfox,275,f05747063312837aef9fc518eda2d34d42cc0ede98f473a73c190238700f4bab,cc42cf31d7606e649687b6db13b0e994e87f5c793e8461ab16990a112382ae7d
1321,P,P,105433,outfox,193,f2c99df2ad1bcb0dfa6be84cc96be62fb68745e43ae81086d8aed567557653ef,1d5e5bc3279137634455d2273c1651ad981401cb200e4fc189321e2072980894
1322,P,P,105450,outfox,282,f2f14434c13690e67d350c392fee05cb93b72b06c3ead71de891440c4d0e6d8d,e11083b10553d349121e3cf4ed74177bd3c69adebded3cdb24a5fbea1006809f
1323,P,P,107143,outfox,202,f30fabbd2de8ec2610a76af9b74d5668f3f1717911cf96427f5ae0f1ba18f2ac,28ca79ec23d8668697f71bb92703b1d4de6a96735085a3df59cc07a09a431acb
1324,P,P,107296,outfox,290,f4c04fdac0144c89905ac726cd6186a653505b1996ad57e6bff4c5c5df7a2366,aef18945aed6675c316d09d79c36badfd05524a426adc834e8fa5c5fd5c46221
1325,P,P,106443,outfox,214,f64192318d5d25bcfd8a66e3f0cac83d0feda5fb8e06ac8cd0d98bb1d4e7cf68,246560cc2ec1dff4b02a55046a8fe34d4e9e2f7a5579701e556a857227534ba6
1326,P,P,106065,outfox,236,f70ec46fdefddfb7ad41e653611b5f630423438d668f37ee36073b09ef4b28f1,1a656c60d9b9108a2012914048a8cec411aed3d2b05a389eb8dd463607e9feb4
1327,P,P,106680,outfox,241,f7bc24ad4186dc99f256546732581fa8971e64278b32c33b363303811040e35d,b33bd8618669cd835a6e634c38ca674c6af730e4a35a3444c535631b13970c84
1328,P,P,105934,outfox,248,f8ba82c54e2f274f0c9f6afe0fbef4624fd7171d7d662eabe392b913faaa9c5c,d499e8628383055b4ff10f1fb9ec279af9587edac09d856b1b5e413f7ffda5a1
1329,P,P,106621,outfox,199,f903a6cefa7374b4d66f80fd950b736e50d06020388a1e8cddda66809517bb5f,909a23c6834323c6096ca96577cb9994b6cf026a589faca7861af80ffcfc7b1e
1330,P,P,106146,outfox,256,fa6298ab4be0c290f78ba25aae8b656bc38444d96d790b41e505bb85af16d8f7,364b55647c01e4e566d1dfe46f2e8748dc9c169687031a30765073219a981025
1331,P,P,105921,outfox,210,fc24a92a30acac5d3f3c7b92d4e1890fea89b90d133fcf9025a8e1c3a04d25ef,bc3a7a9d09d035dc4e8032c5f608b4af68b6991cf3d83d06f742f7184e6a7d9f
1332,P,P,107739,outfox,292,fdd4be3752c0bf88a381d07058e67e7b53af63898a6033922d195b55aec41b3d,5d7a617be46f0a6e6af484549806b9e2c19995af75bb9041f3d81a5ddda04780
1333,P,P,105135,outfox,186,ff30cd1731e6eb41d9c4ebfc58811879f7d61f190e8d096d9b8e960a4f08a35a,da0699f40bc05ac00c522d1660d56421b0cfd70a80770aecb094d73e734a6884
1334,P,P,73639,peerread,129,11752283aa9aede33315da3c66b07e178b390c8ac4419126463aab1cb6d3187e,bbdbaec3fdf34d1bcef0bcded0a3c751f494ab0a4a9335977d99538d11360f5b
1335,P,P,73865,peerread,200,122fa8c03ef27378defe063ee9b3406336c175758b34ab6d8e76f34c25c3649f,c94c0b77ede1e196c4152874413cfcc4d898c5d5b5f0c47a339fa9c10f6d4491
1336,P,P,74778,peerread,255,134f0aa1364be055c3e1018c15cdb651ba70c2b76ba4d106b6df42b2a99ea3b3,67f9b52bb285a6b4c08878ccccae0a58a026b3e8f875c8fff190fc58634f3ea5
1337,P,P,74968,peerread,224,14576346e8ddfb70cf0100ec62114a4d69d8e891fe0ee8ab60a5682404b8dbe3,f77ccfc3ba82a2f7e5d6449b610b332727381d99d4cf7683672e57b2a52b42ca
1338,P,P,73310,peerread,187,151f2bd1caa61b4b968c56977a1c2f0dad02b9973842ec75e6ffcb08a05e0225,1c1385bae9df688e4d67e5c41c4f208db8f0b51ed5d988344fefa132e2032d98
1339,P,P,74621,peerread,120,178069f878d3d621f246ba88e24447e861df7f4f52931d753184e9c6a238367c,25631a9e03545ffe34979f6add17b84e601e571f540977d9b5df8a519b53e1fc
1340,P,P,73119,peerread,271,184ee0512f441e59544760f49121df7ae2829af8a7ecd20b78f3761ce7559476,3412992d75f75f72c3463594b792c72fab7cc323228aa46546daeb7a682de6a1
1341,P,P,75274,peerread,229,19b19714644df113deb211b99fa923ca292b10ebc272eca11eded100a35973b8,3e61ae02ba53f3cfd9b582fc6e04605da0d379fd846f23fe6de1a14376d51652
1342,P,P,73976,peerread,167,1ba58bfd2faaba8c68eb37ed6360498ab75b04ded80542911a9f18aa760b392a,6e697951220aedd034887b1bfec7ca6399933aa54e6cc1b81e97bfe223107435
1343,P,P,75021,peerread,137,1eb95fe6e90ab09b3c27156c151d2c773359748893d1a12078c6634b52350630,b40ef5a04d0c9c6a38731ac3cbea6de94781598cf8864dc4b326bb22a4b60e42
1344,P,P,73589,peerread,194,1f2f8bf9ca8b1ba9c29897876ec3c332ee243e5e23b46583858a4e9646ad0fa3,bbd2ff1b5c91aa4984c0927e2cdfd2d864fb6a6dc2017f6ce52ff0132680c331
1345,P,P,73417,peerread,259,201943d68acca0c50d3a08d2126bdfbf4ccdc5d5e5bb311bda7f72eb54ba2170,605fe47e5c25c25f42665c0202532b683ce51574c8a08e8cd32753b6ee6d2ad6
1346,P,P,75398,peerread,146,22d2fb8bae9cab610c710a7f3056f63db75c2089f7612bf25a7a7e2d143a7fa8,2bccfdabee2ea3f4df4719bd346c6aa835836d846c47bf7b59cf7c044ec519d3
1347,P,P,74726,peerread,125,22da0c1b1249f5c74c1b4c1200599a9709a266f223022035c2169858ea32ba04,25734de1ac5fc135f1441aba95972979d12c8e9eb2bfec5a7c748acf6bbdb05e
1348,P,P,75031,peerread,298,24569cd74848f5cc4af089775e760a99639b33680a394549c5d792b19781867b,4c6ad487457376325098a6f48f10b693d16791f595952ae46b2c605fb232b884
1349,P,P,73245,peerread,123,2489cf2347eb54a1001e1a1ea8367da71f8d8bb2927a80c6a49f70c79b78856d,4a1108fb9384d6bd8387914fa1b9c038b436096b3434e2732e0fc613d6f56ef3
1350,P,P,73625,peerread,164,24dd3ddc2d013a80a639cf707e41328002b3776dc277615b8c0d64b948eac906,3584927ae3c6c7166ef24fe3a433b40d63f89c205d6ba10047e7f0035cf8722b
1351,P,P,73572,peerread,126,279335dba6812a9b0c4076db655d47afb144868990ee4acb465e650ac3ef7228,7a3f5fbee6a30c6884bfd0c24e64bb57a8c40839bc5e0fc66e9e02d069e71c6c
1352,P,P,73227,peerread,266,27b35f339bbc394b7da3e9a667f24669f10cd0ba3a97b1fac29e33eba19d5a9d,4e338ce97e610eedee8fcc032385f44bcc91352bac139c07229cd93bde5f08ce
1353,P,P,73479,peerread,177,287a3dc77e6f13c54700385cb44b810d9487af617012293711d35af049dce872,c258278134fe095b72f0f36c0ec5a906f9294473b9dac90fa27bf5837e5ad7f0
1354,P,P,73192,peerread,229,295a0e753d51684594e4c6e3978c37c3bf368932fb2cffdb689cf038e10914fc,8065c842e5f8477b31fa3cd5205363f66cc68723c56450f0115034da03645272
1355,P,P,75273,peerread,143,2ec9e5a2f6edca860a2af10b7833b060c1b59bc5980687ddf901ef535dbc3e36,eb1738ccbff8c9e7792bd584032c709f0e3f0216208f427699b8d9112c7e19a2
1356,P,P,74484,peerread,185,30ec50dca287500cc9889bf43ca0d9a416e0fcb97fc4c6a830ec2342ed118c9c,7d8bdb7f7bea9e5d440f6d671c7fd0d399a7b5cfcda72700207ae09576f573e3
1357,P,P,74103,peerread,256,32f255551189cb97531892d11aa6e4f1192e669b1d083900ccba18b35dc06227,74649766c58a91345add97f8e8ad9f4823df35e5ddec423e68b879d06a6ed51b
1358,P,P,72931,peerread,167,34503912cc5d2fb302abe05c04b1a89578b1d02cecfc1f97a69f48f630497cd2,94320890e8083d29e3c259f8a0e47be3068a63d2312c7813e6038b40a9ca38fa
1359,P,P,74644,peerread,205,39a6d2eb1f18eb0e301b2d00589b991899843e01b254b8b9db0a06833b13f8d8,53c117ce4ec34c81e16d5addf64a88f97fec5f27c87be336f3644c72e3ff3ec3
1360,P,P,74698,peerread,186,3b0c4eb0ee1ba195e20bb4d71feb4b4da442cbdf90af8c2cdc93f8b14fc69e7c,03f8203a222420234fb055d4cef23ea73d4c7e3d64864ab081a4ba3485dea824
1361,P,P,73857,peerread,159,3ce548a6208c91fd0c48075acdc0461d15629583dc9c56b29b04ea5a877a43c2,56ecdf2bacace300c6464ece471d8ded5097525547ab3c02a542c114a20eeab3
1362,P,P,75736,peerread,288,3d725593712b3dae5a1d7d12b91d6f91319c253dded2e87f3fac1e1bc9231274,c2f5d93e6bee0bd1db25f5b04f69ccb69f5afc52d30368a4f3add66e0bf81095
1363,P,P,73612,peerread,192,3eeb98bde012d181ccc0c5b9f8280f6e7225f6fa17bdc4870f0842533d47aff4,b8669d80f8f926be5a0af37b433d8559eb3692bda307713ee2184f5ed1fde8b8
1364,P,P,73036,peerread,164,3efb988a7eb73daea67e19b3b9afeddb23564d3f66574c9d4a5fccf29369badb,586c16c8042e467039a2c6fd0a806900e0f19fe4b0d5eed422b3ac7da6e71f25
1365,P,P,75206,peerread,245,41896776cf584ff05ad1e3c1c6b7d67ab418abc7aaa814e29db8e9f91ca8ccaf,c7253d51e23e1dc5e0fdd3444a3814f254455142ecb1fccef18ea6ed05744659
1366,P,P,74040,peerread,145,4358dc7526d6a46e9212a5564268bcb8fe00b5b516ed021fe408709adf401ba7,44ad11673ebbc4980c8bc92b171f9f3a78e92a152785a31394047ad857070521
1367,P,P,75458,peerread,231,43fb27b1f0479ee284cb002dba8719214932838559a82c3944c5911922a46bb0,45551a2c07c50d31b53a2b4f247b88e86dd1b2b58ef2d99732dc423181524844
1368,P,P,73363,peerread,127,45c41131df9c875e145b7069636c30c6c10ebec293f7dbddfa91836aa2bcb505,58042cfbf8921793519128c0925c5b86a683f709f187f56b155a7a52f758b7be
1369,P,P,72973,peerread,125,481b63540ea567534fbb98188f5d10d5bc2bbc669cd85b45209388738494ca71,32022ce584b4cadce80331b4d68d1ec9dcbfdfe708d82f75dbcb1ca315ed0d30
1370,P,P,74958,peerread,255,4c868567bfdfd722fb63757df25fdabd67054f9b443c04c2c3c03e0f81882eb4,805a8c05123d686eeb58bdbf7dd311d480a7439473fca966c90e1ea5e867aef1
1371,P,P,74454,peerread,155,4d67828a09d6ac59590a5399c87c9c336ac867bc9771573086e8aeeee113c698,4b55b78128687b9c844d847d0886473b6310fcfa9fadc6a091b8edadd3969843
1372,P,P,74107,peerread,126,4d6aeb4b7f6598a9a475810b220142a5044f6ace2cb1353dadb4179415189174,6b4c0a9a51d336ca5d7d4a8feedea3332c5254e71e2a0865beba775ab9a45efc
1373,P,P,74516,peerread,180,4e9009fc17c6dc42dab5043c583cc6db5b28d0b2edb60730997421037d34840e,63c002a822829463c4f942bf61c9210716feb45fade7393fa82137da8b9ec8b0
1374,P,P,75709,peerread,204,4f72e498a1b77ea8aab39574e56c4cff4a675afdf33b71391e9c8aee0876d3f2,738ec74b3dc2d27bc873eb67b9b6c66457f8500e91e458ac35692bbf162c8fde
1375,P,P,74876,peerread,197,52b0e8160d0825aab3c3d1be9a7b26d1258fb7e343069758072fe6d2ac3724c5,b975876895aa563ca487dc0b7268739abf16debc3baf96c0c72923ab0710595a
1376,P,P,75045,peerread,160,541045b06c2641ed26b4d37c043ae6ab81a37bf746b1c82a2ede971f66684dd4,e9a4dff15e8c9392a603b972ba3f838236cb786c07aaf561cd0a5e8b754d5476
1377,P,P,75644,peerread,139,5520a50039a8689117027fb926d65a173a100628540b5ac0fdf5530d9dfdb8ba,267432bdbb0469b4a38e9b26f052897871c28e49da0b954c187c0136acfbd441
1378,P,P,73710,peerread,187,55ee26e48b2f49eeffed34607b10f05b3aca82d1a4723c5f2da1ab557202805c,e4f17625605fb71721589210ef0dd9bc3c7f6a3574c753d6d4490bdc36e9f0d2
1379,P,P,74452,peerread,255,5665d5163cc17c0f0bdcb683d1c54d8f036fbe0ec23889703cbc81efaf59a584,b28b317f336862c71db4c6f90ab5fac896a7ace2c92f85719f1b9ffc7b997ceb
1380,P,P,75170,peerread,225,5708d67e10bb6202e633c78c0fa133cf2f610842f1bcd77c1a1417cddafe0226,3e7e4a3dbf3eaa3ff84f300837c767548d6f92eda2c57e3976a93735173989de
1381,P,P,74693,peerread,173,57dd2842020925863360f3ac3331bbf6e5775e07c69a52ae339591b64c260e3e,7b0bd31dcab426a26d7560a96a87252c4f70a03fd40707baa48142a489da3f68
1382,P,P,73835,peerread,154,589fe13c5bbfc746f45b6a082b02ec79f79be5add814c85e2cffd2bb7dc7b24c,fe94870657fb827bcea0d654b5c638fadac28e8b0d5685d1c519b5540e436837
1383,P,P,74558,peerread,297,597edd792741f8a3d1196669f654971d0cc41f5f380b115c284a937838fa4b8c,85ac52116367381bde3c9226749e9011b1dd63ea00164fba582d662e0730cdc8
1384,P,P,72925,peerread,199,5a7d2a1e937f2f9b608104369a60dc3d30b3f8c8880a6959bdfd97db5fa6a9f4,1df017641ddd2b2efa66548e7ec566b42b16cf6f2fbe8a5ca6bec235011159ff
1385,P,P,74757,peerread,192,5b0e6557ae1d0cc99733a4b2a5ee79fb99fc76d6e383f6163e283d4dcb775e82,738512ac0aa6f18ce9ca0d1e3317ef553b08f9ed806aa6c848b6dd7371810d04
1386,P,P,73729,peerread,219,5ca3ebc8dd5c5871cf6622ae2abb02258cad9e1305205b745e9361fa142ebbea,efc1f1ea08eea764cfb7979d91dafa5b5b23be55c22ac1a4b161733b65175f2e
1387,P,P,74365,peerread,181,5e4b9ba4e9acc18cbef366acc0e5059dc448ae7238e34957c8c0635cbe6902eb,b8b4dc4c07b9dda0ae5d927a67319ceb6c6298f47cbb2ccde1972060bcfe9fa8
1388,P,P,73076,peerread,162,5e7c7d8ce53d8316d2d41a121e969de09945cca810057b6f2f546f4f89a01c74,98f0f680fde63f837d808d5a2ea48613167bd21bfde514a229d2257db4845bbc
1389,P,P,74729,peerread,280,5eedb3fce57acf8796e69f10d71bb2a1bb51aff2fb5bba89e3d8af4400078b3e,bb815d050a27deae497733777cef1c6324b45213888feece4632fe48183bfa80
1390,P,P,75426,peerread,209,5fdd3866bb007f7eb950ad3b528462f4a265f649ef2ccb94ad964f9afb43c008,3af1bc842a4919e9441e4b9245a3d9fee00f5da4f766d9799da90ac91d08aa24
1391,P,P,75466,peerread,153,5fdf4335c75c16720d16e50c3ef135d0f001efae7539344cc60ccf74bf35170b,3d105aab2785737a496e22acb9e6cb2f0157feac439324e2681b350f6184c9bb
1392,P,P,75189,peerread,161,6022481c7191b8aefbe3467148bd2ad88c4616a1398dfa22d1d3d555d4898eed,3a53dc88fe862a31052b9d2ec8d4461891bb17e094e80782de46e849eb5a6705
1393,P,P,73931,peerread,173,65c7daf1f2283652f9cdcf95e53a8797f10f73a198f49f997b4880618f004d3c,8e711ffadce97d4f53fd9494c47e85c91fa11540b15cd5536bd1e1429125074c
1394,P,P,74039,peerread,127,6794239b8303173c076bbf74998b9eee343cb117cb1a393aebc3eac4c373d080,8c86b7218d58a564cff7357f38467bc7a204fd9bd29bb17b1267af6fc5f5ff65
1395,P,P,75479,peerread,287,689ac1543fd9563b3c30b174a71c0c0255796743020f0f7aaab9be1066211ee1,59cac5da8ed3bfa2c6fd881ba33d68e6631d7c2c3a68580e6ca4cd1c90151dc2
1396,P,P,74557,peerread,218,6ab7b93793b5e8446cd124854acadb04f404b7efb6a76fb85c2622a53781237e,d8cdcd5f2d7f6a742a5d1719234675470ec59576c55ccafbecd4970000947b4e
1397,P,P,75120,peerread,154,6ba06d0ab67c510f9e6e629e46f8811acbdfea73f31b010ecf5d378641fecb7a,932768d6f2b70f0a946f8a904a34423989d038d8ba1e37e212439dce0bb00279
1398,P,P,73239,peerread,285,6bd4344b3e0adee40b0b95b95dbb8858c5a5b0ad3c8c14f07d1aa742e932e9f5,d56881b65aba5e6c7de6d2d0b7b753faf731a75bd4c2cfd971faf2c087090dd4
1399,P,P,74131,peerread,217,6f29620bc77f47934b8941a88c64b0b3abde3651bd4d505e655aea519e4e9dd5,ceea54273cae3372c423b262bad9dcc1632be80b9674555f615e318502ef3566
1400,P,P,74137,peerread,206,6fb93d07930313afe48dd467696194d7738e2e00b457755274e0b9593d263c62,6fb136554a019a29bf729c5a5430eb9339c018468ca085a6a9c110b67fac0049
1401,P,P,74303,peerread,180,70e8d4997485f29b0fcf151ed3ec45ec4512581786ed05620d7cb62badc6433c,2301658ae426ed6a2f5cead2e58a01998228ef652b5890801350e4ef5ce59480
1402,P,P,75516,peerread,188,752587493ec16681e159e46378fbcd46f2e9672af95898426ada201313ff24fa,fa815f155e48a7b6182b242ba0b6d77a5d53c2ae3bee7b0c85eeb3bef9ca6dc7
1403,P,P,74815,peerread,178,754abc458207510224b4646483e71b245cd991dc14fc0055079f101f2ecfa1cf,49f8b42dd280ac3b59d0331cafbf788155e9366864265295b03db7e654f619a9
1404,P,P,74771,peerread,234,75d76b57429077d29bad68e1df273effd68c1c1b416f524c0da11a3f52332f4e,7fbdbed7209f0982acb6a9d1c494976780830f7328cbf3e31b18f486bd4e7fc1
1405,P,P,74961,peerread,223,781ff480340c56e3c1a26c6b48e1742b51be632caf155781465c9e6404425ded,1fce874a43c2a84424abe31ee5916350dc072902499b8d3cf250526c4807680a
1406,P,P,73878,peerread,239,7cda427dbcaac1feb1c516535e661b85e8741b79a021985acd227f34ff7910c0,f181f39fb1979c7f86c906a2ef4f12271aee474db44d158a17f7a713c0794f1c
1407,P,P,73289,peerread,156,7d4e281d7130d24e1c6e38bafb37bb823b6d4687cace62b16ea5f7d55d058bdf,a56435740c93c4456dfa41c0962ebcfdb971e552b3a371b7876203f060cdcd1a
1408,P,P,74953,peerread,268,7fd6495887f96f2c83297e9397f7cd33db83cb86e7f40ad82eab9acaf68f247d,bcac2185154c98489da49160ee1c9f101424e340afa351b257f8052a42d51101
1409,P,P,75232,peerread,165,8171a942f6a8c5e444e17237774376b0d19ca6dbb3949274e487e9655a8e2589,4bfc97c5e88fc5836cabcb544ec368352c5b3c4385adc006ebab25809cc6392e
1410,P,P,74681,peerread,192,837a5d75fb4288dbb4585dd32eabe4c72d8b6832692bd7284c2df59cb16c631e,dcbfc023b329a8696fbcd3e40a692edb2bd2c4a60ba999e4f207cfd12070f7c7
1411,P,P,75741,peerread,236,86070a3dd788bef96f979018c8a87b7c4e949288e6c3738138dff3bef21c6f0a,b1c99c160fd6dc95dabd8319efec4c323662b4ebae70769faa082b2e42fe3d87
1412,P,P,73694,peerread,133,875eb59a1bd4ae5178526a0344417e59a072f790074050e573a4e861faccaa18,ab0f611769a57506610803e9dee7cbd4ef47debfa0a182968732d48375b3ade4
1413,P,P,73120,peerread,209,8a241d433c04e7e24306bf0ac92cfba6224e6b9fea6ee8e59e982ddb7aa0f59a,39d27590fecc8e888d9ffcd95af058dd9a84a8ac9a9e796be45d4cf5a9ffabba
1414,P,P,74933,peerread,245,8d717927cfe568587fa7fb7ae97ad0c970d63a78ac1401d89a4fc4a29b94d713,47ee0ecb10342433817c8de7850c1c8923f45626cbbc93df08918670397e0c18
1415,P,P,73194,peerread,286,8dee92dc0d635d2ef695e7352e3116b1218b81eb0f2a18519d0c564539a3f634,0f4ecdb470455fe70723753ca077a1bb0605b03dbd2ceec0b9f7249a9578b1af
1416,P,P,74362,peerread,298,8ebebe14303b6fe2d2701218ac0a6789bc6906521ea8fecfede2701a252a8a6b,eafdc7f23403beaf5080d7ce7140ee243d38f09f628e2f973ec61853f7695b74
1417,P,P,75503,peerread,128,90818c0b798ac7dbc72aa0cb924f47d3fb952e29594976f759eb51f4b7ae1358,956112915b5ca29c3acdeebd9124acf7048413873bdf6979f0a249e83aa117e2
1418,P,P,73490,peerread,239,92fb659aec0f4d2cdc63eb37a04a2f41469fd1dc25359d443aeb9fba9a55ba47,ec726775319b56fdbcb6de4a03eae00eb7966e474e15abc4565259d2af77b23c
1419,P,P,75697,peerread,237,930c1420178c9525c7ae0c658431d39364bf5fb655b300dfcf29201062a7d88b,1c88469a1ba14ca86a3ec07a0f8327edfe926bd6cbcd8f26955d6a5c8586f9f6
1420,P,P,74147,peerread,131,9513ffeeb7ed12de20ebd65859331923efe9f6b43a4c4eef1da22d034f928e4b,2efdcc60a81ced50ce905cfa40374bbc30c954e64bc2bd1d03bdb2c0d2fb42d6
1421,P,P,74351,peerread,226,9934acbbcad821799a6499f28f46d3262ad6e6460094ec4d09dfd5441ebc85cb,5fadccb24ec895ff295a07343202be9389b4ede104a2b032155041fdf068abb6
1422,P,P,75428,peerread,161,9e34ab8db2f0b430fcc6ec0add72f749a1def4750838eeaa17a4c9a2820764b7,3ae5e492d3c0923c310a702cdef898953725eb50ddde78859838b52dc4edbe7a
1423,P,P,74164,peerread,194,9ed531a82bed915dc86302e0f091a5327c48bc258013a3402ba2396e4113a628,55eb2914646665446b583e10631695166afb4c53cb95984f59db46653c55110b
1424,P,P,75562,peerread,251,a10b0c45af6df6434bfc82773e4718a3ce41dea0c5473bde989bdb141ceb1e86,4683463993dba833c488687f889641a0791a7c7b47945bf673b30f04f63d75a8
1425,P,P,74742,peerread,238,a174bb9bf4ac344fcbdbf5a6a7dbf9ae08fc67e65a195730ce18c3e929474738,c8998d58ae80e20947c0c27810a257694a688b1efbec6a8a50bdda9582bb60b1
1426,P,P,73267,peerread,266,a38291367db7d3473ad533cf64e99f851eec5dd7be81e46b77a3efe27429eb7c,6cda8e0f6557b1ac70eacacb920c6823493520c402e814a8fffb9b8fc14311a6
1427,P,P,74980,peerread,210,a3f7a1a689c9d4f8b28dea4dbc87457a514f41fdcae3c34947cd864d34d4069a,44b9b4c4b18f650b913925e136a287fab4bce1c0d49ab27c42ff97fe7890a827
1428,P,P,73202,peerread,166,a43ac252893772524a13585e4fa6c1ad967916fa568b36019043e54fcabaaf8a,7c3370e23ac5fb6dbb1772f46721588f1d69f6850b37861521e3ef986008f63d
1429,P,P,74854,peerread,271,a562a57be374324008bc085db395bea3ae50659a6712a1eeb0604bcc00012efa,be2e31ab4f1796a6c1574c65bc43f41556e2edee4a2dc468241d9cb5244ea9e2
1430,P,P,74511,peerread,216,a68a5cedce1d579855351ab96365fe0bcb50857946fb254b9018741c69d584fb,475b342eea8dd81f75cedad9cb623945550be110a9ec68dc3b727e52b7e12fcb
1431,P,P,73449,peerread,128,a6dbb5c944a9c2aaf5ddf42a7c7b646e508cfeed6f6f9adef46ae175cd3fe7ca,b1aa86bbef997b0b79e73e82baba2cfd8338535e56eeb13c5c9a47de1601fd76
1432,P,P,75561,peerread,259,a6e2c29e61e7e5fade7d2eb86ff988c1df120a59863275957e9125eda099dbee,39302cd92ed099eda891c3a357343e0b07b3556b21e29df342ea0cac94999621
1433,P,P,73631,peerread,166,a7f2588fb84806fb5de93587b8941830693638c7958dae90c22d690bf2778c08,87457f549f7fa2354866ff0b371b0c61dc66b1d1e8770def4fc4a60ab1b45297
1434,P,P,75057,peerread,123,a9eb9af562bf9404c92a1e8fc5f8198b97afba2c4a5b43a32803b8fc69fcb680,f699be950b6a84847160e9d7af28687020e337b819febccf3939eefcb674b6a7
1435,P,P,72987,peerread,165,aa69099606b2ef59dab90c3d4fb0fb7672896dce2e612c885b753a5722f94260,e26a1d86ef9ed7695e7edd34f1190dd36ea97340fbae7a6292f2e935eb25eae6
1436,P,P,75218,peerread,286,abd3dcb6d399ce030cc6e64a82a1f9159cc88c73631dacb9c9161bda43e1f6cd,c29063649081e8422ead7e23380ba33889f22cb9226487b0e952746693c49381
1437,P,P,73301,peerread,141,ac0a261c2067351c8bd1a9cb9fdfc13db546bb91d31abac6009883c781ff8b58,f7f77a27ce04be45539398e014183effe36fb82099701bc87dd232406e27c8d2
1438,P,P,73827,peerread,149,acec7964ba63acff1eafac6c5c8931d28eab9f0018b1c94243c3447eda8f1408,d31304ac568b7d5989c5f8538bcc9c23236d686d864a3f45113ab45943ecd95f
1439,P,P,74385,peerread,161,aee2549829c24beed401db456a078827f1c6bd45ada424a332fb8329a8644ea3,8a5c5bbedae487824fc2a90406d5dc97f1943e5a8c35368e4a3bc39f74ab25fd
1440,P,P,73125,peerread,194,b041c7a7acbc119bc9435e0aa71187a935d398cebc025f772aa95000291582e6,e2e745b7146387fc2300e795f1f0877412f523a88081652a2be721fe8ede9dea
1441,P,P,73278,peerread,183,b0ee28f9e0512c3514e653ade75c0328d1c3bc024b9be96d72e6044cbd56358f,48fa72438c4f759158a17fc1a0f0b8f6c4e088c6d5183bc31a915b44e2899020
1442,P,P,73240,peerread,166,b1c0f2d21a6689c19fef014bf75bc734d360161c11b672e4bd70e23f98b9ad25,a1193ffecb5e1a5316b3c94176d0c3933b975761dd2eaec79a0bdd7e7d76b54a
1443,P,P,73977,peerread,265,b2c4f3193ab8e4935855f040fe63e71bf8052e493744dda6edd7d1c11e0b778e,c6613c7c2d290a6a345d702c9f6a32c273027b5218f257ec70aafe03b42fd2df
1444,P,P,74041,peerread,169,b57a6602bf912b0190c00d550506724e06dfc7abe582e0c27082414148eee236,93e88020a38e3efa737e64a79bca68f18cc807f4f4aca1922ea3108c24857982
1445,P,P,74121,peerread,231,b59336f460cbeda5c395d4f39e776a82d8fabcf4d8a13c571352f8d5289e9cd9,a66cef78c80610a29d76e2705825987a72d34e84b388bdf9eb38fccb8e9fe9e7
1446,P,P,75668,peerread,213,b83eea0768234a988398c2ef34383c162daa5ac9f52e6ffcb004dcba6a238217,11f39df6940725b2ead466c67c82fdbb36d270060630dead9358e10a9c006565
1447,P,P,72957,peerread,297,b9a1156f216d1a8ec19bd1331cb464dba597ab8fe9095dfa035acebde844c05c,dc794344f62cb7238701233a87da4b8f1847e71921f8291ebf4b033667000a60
1448,P,P,74568,peerread,244,ba0129e506de5fda962e90956629d3009d6ce5bfc0e89d6a201eefb219803b00,ecef87da05a7291dbe949a3804adb4a640083625c479e18342632cacf1ee5c48
1449,P,P,73946,peerread,184,be1856d202feee2d022e8af9c8f96675b43ebf7ad00aa4e52a4317071311facb,9a21877772d12f753944af6181e140b7fca01c2bd51d6315696d2b8e834bad92
1450,P,P,75496,peerread,242,c03c38484990deed92a4a3dcbd8047129f8af73016642cad13c8aaad02cbee6a,a1a5d726160eadafb2da7db3ba9d704fa7dfefae60a9b6d9d3e968fb7cc47fc9
1451,P,P,73494,peerread,232,c0696545c74f6772f0b13ce4c08a8cffac47adcdbd2b96155e9ef3f3845c87ba,91d56ab9859354361c4ffb490ced70e408714099e6a0f7be3563a0c7d052a089
1452,P,P,74799,peerread,202,c1da7ed7c6f116d213d7641795f22e5fd8638c67fe5f0fce689e553447f6d9e0,1b419914cd2fe428b88409f869ab503436a1fdf7fb631c8cca05d159205f7c89
1453,P,P,75473,peerread,252,c46fb9fdafb7b2e9f723c5d01b1ce78ac92ecc4ba47a500399fab3a721e482b9,902f198454e684be3769c1139f9b896e25f8ebf1a4ab1eaa0fa536f1c686bd72
1454,P,P,72998,peerread,219,c60fe7776fe9e2b2fdfb0fee09079b2c774a7b0e240c85a5f32607ca5fa457e5,4973cb26a25e0ee51f01b49fc303cf05fe7b13c5cf247869342c527573896846
1455,P,P,75475,peerread,229,c72321d69c2318ac85cc98ad85a055060593350d5cc757e1dfb2424d1359c697,32a908904df5db03b62ca57db21f2b0f41ae83e3040c36dd56388d34cb632ee8
1456,P,P,73027,peerread,127,c966b1c9d30427e51d782e6753c9d083f123b8dedccbf8a19b55ac090fa2ddfb,2c9ef189f2ee2a11568fcd35da574208a644305b24a1a8212858c801cc5cdfd5
1457,P,P,73785,peerread,249,cb0178a3533ee14abdc6aab4e6df75c712582737a4883d623e05ffd6b63408b9,7c752be454afd35a8738e6aa0e902a8ef6c8bc15a0d45d1ffb1f184c239e8ceb
1458,P,P,74439,peerread,123,cb283fe623e770662dd0b91c791484a598bca4db15904d0495c800e67e8f74b1,b96c33a058464a0665430cea161b2c592751394c0cea3e256e02314f989d05d3
1459,P,P,75081,peerread,193,cb8b1f303a30988779b12d54c31eab2178b19069ddfa74b03d1f75cdc7d3f84b,729960a22305d9aa4e20f7561cf2cced74313e08dbf72426224e452305111e01
1460,P,P,74842,peerread,123,cc4f7a8916186632d0af050493240eed23d8de5306133b45639a16cdeabc25e8,302cbd4e131e67d93071ef60f9818d72336a4ea087c5b4cc85c1eaabce9c0ce3
1461,P,P,73598,peerread,171,cc6e123e4b6ff72c2bd39b6532310f510f9bb2e9c7ad1ff2ed340fa6891185d5,04c7ea32339617e7c713f015d4012e518b0e1d24db9e804071acc3d07259aa51
1462,P,P,74004,peerread,129,cdaf0f3373af33898ee10f7999b2ded6eb6d15d080dee4690aed5278808a55c5,50c5eda4e3a0cd8ed1f0b234d52b12ee872c84c158c02fa2893f14368f3f0ca7
1463,P,P,72962,peerread,142,cf14669484a7875cfb128272418b82c019e4e4a4763b2ec58013c80af9eb5297,b288afdb1cf06db4f2ea8ce73e23186aec8e0e2593689a9fbb1a73ca12b72d12
1464,P,P,73015,peerread,141,cf82537bffb130a8ea424fcc578093a3507e9bce81830ed1d054ced9839ece6d,468085ed5f6e0b3e6edde69c1f5ff61561617ba1143e90f28ea9a436f7450730
1465,P,P,74623,peerread,253,d08b78cb8254e11c5efaaef043bd617ae1c1be0c6f0e7a956388eff9be8b97a3,03a8648ea0fc61a296b30a2d7f9a77f2f7b58d59e6031733d8daceab3e94d9fe
1466,P,P,75730,peerread,155,d47e05f9802d6e34971c8f9ccc441fd527775417a7ec670832ac9ca41590c7a3,f2c3e012fa25c4aadd309dd3870cc34a1f6a1cd7c32f37a7fc4a84f774fb6c3a
1467,P,P,73005,peerread,250,d4c8e55eec614fc2f21b6dc24a6eabf640b2e09d428063739be2e6e753adc646,0272df6e41c4192b24a9c55f6fd608c3b9fff0496196cdd7e4dbc85eb08bb397
1468,P,P,72963,peerread,214,d653fc4fa772bfe24e9c52b537187bb7d09577a7efb26432b97529aeb5281aee,108e30b6b2c07d5ca68dd9f179295df99915d399624962dfd2124a7bebaeb4c6
1469,P,P,75507,peerread,128,d6bf851abec378a3977cb43163d2ceb43fcb477c6aa5d7eca88adc9895c8dfeb,a71569f3c797bb34d4343c747301e29885ba92a7420423a97ce0f8492e511338
1470,P,P,73139,peerread,148,d7afd4a8dee7f535b6428fa471373f4b301ea316beb0ec60c40fce8da64145bf,8657f577e9313f3ed631d941d3db916def977a4b9a96b3e98e00340d06b118c4
1471,P,P,75358,peerread,131,d8379225fca3a0b4e0757dd4fba24d94628d49224d2b06945ce5f65f2dbde331,7c3a483804af94e8d000029c668529722100c74b5c8920aab55d1a2b041dc1b9
1472,P,P,74517,peerread,260,d97461e7370e201d40c8b9ac6bc9fd531de73e635a0f272cad0598c6482d97f6,29e60a4ef8f3562aa84c107c69e30fc17c693072959dcb966b2c3f0af6c64cb6
1473,P,P,75493,peerread,165,d9edc83c696696dc632d404bd1436e58620c03748b723b1cd568944d94574575,8ba59f0adf32736ed983e9e2882b0232ee3bb411ad4bceeeaed4ae5ce7a9c6b4
1474,P,P,74782,peerread,120,d9f09d2d538d70f81f538a8e628fe1f8c5e88a80cf3e8a61d853652d111131ad,6ba26fa643888966f6d8eb7b94a300e6eb36226f2f3f48755b09a5b9965030b4
1475,P,P,75227,peerread,225,da08b5742437406bdd7278c7be674a0e1719035737789044bbe867b234f921b2,39f9cab2fe9c8ec9053f78358eef5237a4e16191653aef77ca71220a370dab83
1476,P,P,75588,peerread,187,daf705287478aa2845388601661bef694ed183732ba13e832210e9283d8e48f1,ae6462db9bfe33d79fc4d733904ee215e877dfa78f452f7b80e646ddfa4e18a7
1477,P,P,75605,peerread,180,e00c5c6701a9b8a99e572b60a7a8a3a484fb27a67f11d11aafcae69d5643eb01,bde72578cfde63a81834ccc22d05e276d88054dd2193c4d844ac19208b3ce11a
1478,P,P,75600,peerread,297,e0e2d9b534a944a08a7942260dd71db84102d15bd4add012e8a4f21c51666405,425c97363f106f9b4a110fb6377966d1f4d64b6ab4529eb42c75e54c9216f0e1
1479,P,P,73302,peerread,226,e10673031fedb9abad7fb3ec999492d0f10ab1900ebb76376d3641f755912bc7,18d9b62b8ecd01461710230da38d3ba02c4e6ff64a0bc8506ce1cc6d094295d7
1480,P,P,73577,peerread,121,e19c23fdd86fa41ebd77ba9c139720436210d305ba539e600804793e4830b4eb,7a4f457cdb4d5896b7725fc5775943eda951c6f74f683f4fee53033e3e87b0d8
1481,P,P,75100,peerread,241,e1dfe3e307aff6ec39a4b694e187eaa5f36748e012ca3f70b78a315e0f321bd6,c4df27e56d9a334db6dfa82e6816dd609b809e5e71690655aca22304ea7ef7bb
1482,P,P,75086,peerread,157,e2c3e5acab08ba6ae8614f7e3375020c650bf9da4e6daf31058d1ad24abdb0b3,5851b83d3754d89500c5066dab2893b58b96fdcaebb349c1ea468cb3ab1ac092
1483,P,P,73532,peerread,233,e2e5c89469cf293a56047bb8053dd497633ede1ed48cbb87791365b01b5e1003,1800c8171408ee4051e180ec83e81671ed4c52ba891e2fa7ffce3b236ff61a2d
1484,P,P,73860,peerread,203,e2f7daf3557ae5fd1916662949882b281c0d477d9773a781057667bc91db7362,517a4cbc63255e4706f64c304676c084ed1d4ffed238453a2612de07cfaaeecd
1485,P,P,73317,peerread,128,e4321fd05710c1238c337c446dd651581d609d2f0e3d77fac0d5455a0078781a,882af8322fafd151dcc897dfb7a81605c1533927b844d0ee81b706105fbc43bf
1486,P,P,75748,peerread,131,e5933be1bb5e64ae7c0541e49269195941370586d117b3cfc72fe7a5475c39a5,5d6aa1a1b621ff5bc3872c1d42b98b94f6c7ce6450c836897e39784d5722e10b
1487,P,P,73985,peerread,291,e8c4b4d80dab29d827087c230db3f04efe6982c321cf014c7ceb90b0e380edfb,dd3f2591ec61ff11abbea07949c6e689ae35f4500a90ac553de510689f122052
1488,P,P,73629,peerread,287,ebd0490e5c8c0af1786533e8f9d75df8eea94722db6a68235fa57bd13d203426,23dbf52a07f92a877ddb625c52048afe26042fd3874b66d5a0e21a540a5a74bf
1489,P,P,73268,peerread,157,ecd30f0445058b077972839dd634aec92414d36f9524d5375d2fd4110969a984,d75493f849fc1e25e01859f8cb65c141b07aa4983e0f9391a0ccc583450d2487
1490,P,P,73102,peerread,134,ed236330f02d47c5b1f9d7b2cd941da0c0dc5e10053849356c721afd128dad77,6c402d350809252d7c346d618b89c972e7cdaf7338d876aa477e446d360b4a31
1491,P,P,73675,peerread,289,edd3b0b5c0951efb1bf003554e16d5a456a9470a6e1601367877f6d42a1ff90b,edf8bb06431ff2d4d3b6cb7524f9c182dddf8a25c47d9e87193f65c18b67dbd7
1492,P,P,73425,peerread,207,eff3a230fb6ccedeb368efa74e918e44c3df2831f3ea66e23cd0b925b746d633,f78f57675507f07e6430da7f8e2b4501d615250fbb398f75c217e153815449d6
1493,P,P,75680,peerread,132,f15b832e572bd76a5dbedd4c67795b536baaa7e1609d64c7ac051762f09549a4,210f1b8f6cb2b1a3f69512d04bbefd2d27eb128e0986a06ef93b291916b5098e
1494,P,P,73869,peerread,187,f3c645438d3e03ce5a3dd4c7472372ce0ddb2ab174ec7ea06b14fcd1429458a3,d7bfe974cecb9504b8b6d7426e5f7c4ba880716a2d4ee9321f04bcb6ad3b9e35
1495,P,P,72929,peerread,185,fa92acc95dc89dec0088d0409654aaf2c06dccdf411227637c045578fdfcef02,ab2ba64d3b7804cd51ff8b056bbf11cadb127562242dbe44da814a9564639923
1496,P,P,75266,peerread,157,faaceef5fa87a1642b3a7468f31da9ea7a9b12067304d3da34299f96b7add927,e7726e32391cfb20d988c3f8c879744cccfcd5d6b892c019b88a3bd0f6f2f928
1497,P,P,75565,peerread,121,fc0add3e589aaea8f35fbe04c2361660fb40daff677a9b92bf5288d6990eddec,2a4ac6dbba3ff2d9edbba243cce1c916b536312d1f07332b8eae08d4f9e5b4ca
1498,P,P,73801,peerread,165,fce06a4ec82b326ab9899f20d349ce353c0c3b5f0c8c6b82ebfe3aab8c527227,be1d222875b5722b3d5a4402bd6fb02cced00cc559cca9f62f11f9ef894454d4
1499,P,P,75347,peerread,159,fd8239bf6acc12c88048a5f467e1370de29e131d819b4db8054be062b69d25a0,5a91712201c411bc83e7caffb4b22a3ba9465e5ff77d93cfd1e4cf66faf22340
1500,P,P,75355,peerread,200,ff4d8333faf7077112124883a2915a834f2df66a1dd3b809f10018837e3ef062,bf4285fa5b494dc44bc231ca11f51acc848a67d7ef5762518ff348e5306615c5
1501,P,P,56528,reddit,246,137e72cb47fd0cc7f4c97f8bffbb0a38189f6e4fc1a80a9c03164f130bc2879e,7564744bf2f71e2758334c77989ff340c709d51f0a27fe1486d38fe69e18e4dd
1502,P,P,57093,reddit,244,1410e29c3c9907eddba449a978e0970a8769483611e014d157e814f63a214fb9,b1d4a365464f59189d931b8653a271f29670186a0c0842cc6c77328ec7737b78
1503,P,P,58103,reddit,287,17c12a952c3a9802f0d68a1f23476ec0977245acf0fa61f36367d4cdbe630e6f,e9ff1d120653acedb88dbb55a8eff9d99761d045691e61be2b9ecf54a5835b5c
1504,P,P,56112,reddit,166,183e5feeccf755324d224844f503956c90725aafba546b9b0eee7645b780e905,d0861240253aba3f3b9025a12bc596d9882f163c779e085b200007a4559b2088
1505,P,P,55929,reddit,176,18c4c8a3557c31c581d3b19f572cdf885b8a66d612b33c537645bfdadd6de1bf,283041da7249be19f8daa46119ada64d99c9f905648d1cf7357c2611758678cf
1506,P,P,56158,reddit,298,1bad2b4213b2d2f2442d2a5f52dec5f2056ef62431eb3ad0ead1a193456e8a39,99d7d884c488602fb62f507c86b055387da3002bbc2912d7cdc9d83334ef620e
1507,P,P,58331,reddit,296,1bb2357d8b24ed0d05d2adc0f3596523041f7f3fed9bb02183fb41662033e969,8627288879dff808ee75cf1ee4bdbd61911fdc9ac2176a277d2487668aaabdd2
1508,P,P,56900,reddit,223,1dd744d0d3b7140b755ef9d5f1a586f2143198518a1caca5573bc08e96440a22,3f2589869a1095016062b8240a4a6ec65ccdf46759fd55f4a92f3d6503cbf5ad
1509,P,P,57445,reddit,237,1e405fd08d4fa601e896210733f19a2b95836e35e3f943d0f51600720b5fb302,dd0ec7bc5605ae959168d6d2005c47ada7b8d2dd2d92b6f470a4485bb42ab43c
1510,P,P,57213,reddit,289,208a731e03405de5dc8d10ea9a0af08b895e9770c25a4646b23843daf8336c06,caeddc81c8e7e7647ffc46a134ae3a1091ee06cc336fed2d3fdb974813676fcb
1511,P,P,56560,reddit,182,20a18a47be34a8c635119c68fad8add8ee9551c0fd5635e3334d3bbcd8bf1d24,436968bb75e364f71904325f07851cee24234fdfc926c44168cc97f7f22121a1
1512,P,P,56768,reddit,274,22d48b502e712e225dc84887f7beaee61fdc2d1680695547b4b0a4ad65868750,9a2beb89c930f5e7df9d373890234baffc61ef9f1218d3f171fef2467dfee0d0
1513,P,P,58343,reddit,282,2312d470c177f0cd4596558cebfef249b0bd01983fab14a087e9345d7dad76a9,8d891c4b858d45f58d9b4ee6fe910ba0c2333341b4afcfd0cdf4ab3e2f9ed656
1514,P,P,57055,reddit,192,23627d849072c2c544e6a10ca62ddb2114cfa33879543e44158d48d244d72c4d,12ee73f86b63982922fb41e73df0fda6d8ce4d13c905e130258a22b76631c908
1515,P,P,58044,reddit,168,24edf30a352f6d6eb502676f62ea1bd46366924ef0ada426f8c7d4372de6addd,dfcd9f0d9ae53db81c3f2e96b015a876225084c52f37cbd621a54bf6909b1e17
1516,P,P,55596,reddit,288,282a7edef5525ecceba60a36c654eb1e3afba18ff07f82166786c24550cbfeba,43ac816bbb8268b56375c91324da4f3c6e626159d98873da9fe14c584867e4f2
1517,P,P,56273,reddit,186,2836d00701d5e26e1870dbc8edf348a47bda03c282c65d5060fa126ca47bb661,f716132cbdfcb6ad798611b372ab162e2c201fcb5efb87db0607bf40bad5ba75
1518,P,P,56388,reddit,170,2869df2b83762d0cb93ed5b86cbdfae6b128117636a75a2f0f2cd36ecab770da,8f07601574f723f6ebfe2853a8d6cd3f17c5a19a86c239de9632d1bce9b203ce
1519,P,P,57353,reddit,268,2cff4636e4c4b3479eab863117d3bf373d17095620348c9e0e2c605e272a371a,60ed307beb588c1eafe9b864741fb35ec006fb9803b2b556c96b47c76957f8a5
1520,P,P,55972,reddit,196,2e0cdc3d37b4db1ce2b3ba52c5a9dac3613e66c03e300fbcadecb8ff65fb8647,cb7cdedc39e2e3ee358c5156e4fa0ef939486afab2dfcbb348002cde2aefade2
1521,P,P,56482,reddit,189,2fa0e222e0a2ea5a7c066e85b147be96bca64dfa84c3b15327e6103e5d596420,679e24c68cbff7efd30b0ba314603b870fa805c9ab5c92f1dd9aa9c2f0a9c866
1522,P,P,56919,reddit,288,30a5e215ec05f8698d7ac6bef8e0113ba1154d9d2805930e64c5c1917fd784b6,0e4d1247c7a9317c13674669d094f506340111a2ae3f5b8c8efe9eac7f576bbf
1523,P,P,58093,reddit,281,3229a60f9d2846dd3e20bb3d43aff57bd83b1d2a85f4fd0eb0043fa1d59705fc,bb4618f5097df38ddd17b2d92c77dd81745960f8aff2d2004012048f905fd09d
1524,P,P,56467,reddit,190,32a08b4c329329365582f924f9003909da2deab7a3bbc39e65454c74487af2a9,c5c0ac87e0be7b1811f1440eecb276aa40ad2a8eaafefc1946ae0d8aeb5210e7
1525,P,P,57418,reddit,239,32be78449eb3517b70e883e68248426c744eaffd122205ba37cd90585f5c220c,02c24d9d956142f63f93525b88d84eb4deb2930bf7afb15bbd6e6b77b54f0c55
1526,P,P,55802,reddit,233,33b0dfe5555a5b6b5e1a94b40302f930c66e9c52d08db50267830afe2b7a5208,92abdd337536c08545fc830030098402dc4d81945d7159b7e33c08d6a2296d7c
1527,P,P,56953,reddit,198,37468d37f9eb28b7ee37f3d7be188368dd0d093a83f356cc9d125ce652b2ecbd,1ddc18c7d6801e12d9609ca627442a78e15acab7cc7a9572887888ec99d0b259
1528,P,P,55874,reddit,283,38f904df316df7ce18dbc6edc5b295e6c0c2368db3541986d734fac9532efe35,fcd61edfc09858599155af69d6051b0c864e7c281dd8d4a542b9dd394536a019
1529,P,P,56538,reddit,179,3943aa0992f5eaa7751bb9d0a3a0bd377e1e538a8ba4978805c38a78a2ccf0a7,791f7a9707f42db1fb7d2f2ebf893118f2b214a81f8264af42faafae1a1c079e
1530,P,P,57730,reddit,188,4097d4e80d8633324181328028961349f6da62350e478513d917934d77dd1496,dd333a5f355420cbc7fb56ea054d94ae6dac7f4d58f9f9050453ea07a53198fd
1531,P,P,58177,reddit,178,4158c196b6ffe649c53c4679d5d61a3ce05e27f15df6c8713578ba05ea26d9f4,b716b71381af0cfef3d6b937b9b12c8efc1e131f23fd66b9145b384ed6f4b975
1532,P,P,56496,reddit,222,41963387b3f0ed2a2a6e2e655803ef4c21f59622e1aefb4d742eb64f193798f0,296c5450ff6947f1298ec4a816be4ededc5d8d4b09ff1a6c412d0a7181fd00a4
1533,P,P,58230,reddit,263,41ba1187be2bdd0f5edcc5b1ce3b1bc6f12bcc4ba0a89368f1c2ca144eb1bf75,27b5932ac716242506eb5ee86e446c946061f99e1a8b5163b3f33b6623e1100a
1534,P,P,58361,reddit,188,43bfa559f94861fcfffe547096ac9750e9451dcb4657ed5e1f0cb4f182aaf289,4ae57cdeccabf730d49ce01b87bc757ec62d37fcda55ed93bc1460be258a58cf
1535,P,P,56601,reddit,169,47a3820f70d511ce18ad551f16f73f3206db3e076b1e0a9a600b992617404b91,d561c3a3828098855a1d22ba896b21e0c166f26db0b1f6ae776132bf06295bcb
1536,P,P,57993,reddit,219,4bd4394c3bf21fe96affd12ef2cc3362618c9f7b11df698dcf1f5f677d2096e1,1f78ac6d92a71a5c7fdefc446b89a6f42bba7450513b91fbd7eb2a7674c08f54
1537,P,P,55602,reddit,223,4eb5a93be8eac3d02f04a82f329947860b4c10455dbd981b3c190038aef4011c,775b96e2235b6d11869946da76e33ccaf8aaea447442edd29b1d491fe8e71706
1538,P,P,55528,reddit,172,4fd66176fd5f63040f781a0c07061b897e717d1c54821c5f7a59e6c1e99c1edf,cd2cb88f21b70c2812c9ca841b325925d3bcdb5f8d95af6988b3a807ee326bf3
1539,P,P,58152,reddit,225,516970a36b2e3ba8c82dd37c4b443bef8ca919c188173f70aa2bff74c7f3e18f,cadd92b56318d90dbdbcf9236c7b37365eeabecdfdeb6caa93f7ca0963a2d04b
1540,P,P,56558,reddit,180,538a2670e375d032facd1a8615f0fb887f94fa7bae7638843f205b71e2d4708c,1a4eea7221dc0dcc242961707a5af675c046f0d1df50609fea59227a41fe03a7
1541,P,P,55969,reddit,214,53ccf17b99976342fdb2f36436baa85d42a277b92318132a5000e19fabbdf265,39dc00a9c74dc6daa0a9333d0dea2346bfe8459cec4db02d4d479211955fd836
1542,P,P,56030,reddit,293,54e0b6cfbbe8f9d8bec44148f5848ed27bb1acce991fc51423439c056a324be6,1729fdbcd7d100758a724588a44aa85ea0d73248cf29185e7961b31350cfca72
1543,P,P,56363,reddit,297,5713e2501db6c9e057c6bc586a693f0add46d0847b31b96fe163fbb48d0d54e1,88e8927699b96037cff94ade5cb5410d11c556e6bc5ad04b316a1c12704a686d
1544,P,P,57529,reddit,273,57db7d209e6e2e26b65f87f880c4918464475d7ee418a07087b53cb897e26edf,6b3d82151a108e3c73391db1ed7348b6a89216ac268714cc5b69006339dd6b61
1545,P,P,55849,reddit,239,5947aa779ba9ee079b17a5c2a78ad53d7e6373c1a0a04a9868d6d61ab83bd38a,e0891d2ef6a154bfcd500813974a75400419c1f3ad9d22a0eb3ef8e1b8257ec2
1546,P,P,56138,reddit,215,5a05413ad745b897faa5a1f6abc86463c69c2f510d8211557c2f937bc70e60f2,5aa1f6238a4cefad699be10338a9050d2a0aa792062f3aa710671c085ad8d06a
1547,P,P,55842,reddit,155,5b1ede6638b0bc1f1dcf0f460a17fe521e99bae7bba2e189d77ec9a7a9c5ee60,bd7d475176d69b434d936f409d736aa943c3140755f58b908f3be09666791247
1548,P,P,56008,reddit,281,5bdf0034630f52731c7c727bb76d12a8f8e9a3adaacccd10fd3eecf51e278749,36c4644daf278e12bb04d5eff3f9366f1487dfe3066dd4790fbd9cafff5fed4f
1549,P,P,56439,reddit,250,5cad67949888bdaeee27be346ea229fcec6f2457de59fd8bf7f64e6b3dab79d5,a17fe33c67c4a87107d73d99f9bbf373aefb9f6a99feba4ffa25b53373d2d867
1550,P,P,56552,reddit,271,5d74ea89deff05241fd285f2b9178b19fb55ed793468605ef995b08089ef3fea,daf494f663bfda7b85ec117c3f555efdb6ca80f55bd22f575df6ac23e3e08dca
1551,P,P,56544,reddit,192,5e48bc191f6774421a712cf8e0fe99957d5434546e447ec03900d27593d2e251,e89e754e970e5dfd557e213dec792fd429e2a4bd4e49fe1ac6929a32d4fec3be
1552,P,P,57817,reddit,252,5ecff146f97725b9abce45942d5f24bbc31ead35f45e548e6d8163adb981737e,c4ac865b499b6a57b0028bd005d41813e7d19ba11d3141dfe54695e143e837d5
1553,P,P,57787,reddit,251,6094aabf025b49995ffe0fe33d610623ef5b8f05f9d8749bff9ac31883b8f7c0,82ec212a02079587b27475c489211cc71f944db99a07e9bb9aa4ea1331c9e706
1554,P,P,57001,reddit,213,647a5f6cd48f9555ebbd8e805f76afa0371a70b133dce5bc54c688e75dbeebdd,7c5d531b20942101284e766078f08c934cd456c7ef8a1ec56c426dfcb094708f
1555,P,P,56226,reddit,223,649a5783729efdfe488ae249b0ccf6f031d8227a59d26c0ed08f1d594b280403,32afd367d9ac2284b4b8a27588697f1263762e9bcb395024971d9d69fc35bed8
1556,P,P,57960,reddit,298,69c1e54c64fcc4a0752df2fc0392d303e73a4135084e946b3bbf1c3a958a70d3,a33c2ca0f7e381e1a06aa1c90311d7f0567e607bf6098235a32927bc02247535
1557,P,P,58215,reddit,209,6a60cc08e7ae31db9ec6832527b74d10d2f501ed77c752f771bf00ecb68b0bfe,46b2620f9c06c8a94667e3d611d37b574d873517036956078428062847d1f970
1558,P,P,57903,reddit,167,6bc05c11f066219fefa564b1b2c4a7c419be31cdb25c50eb38f71e83918f1d41,e2fd1065328b03484babf945ac234d2ff07692f6f36254630a0174bc919aa9a2
1559,P,P,56254,reddit,268,6c0290c5b428a196ba525ee1bc3e84871ca110418f33c836c09c9efd8558ed5e,615542801a153c5d1dfaa70153ad8495426dd185c9ad9d2d71e53014137bab5a
1560,P,P,56374,reddit,287,6c0a0f5f93a783979a9cc63cb035dd8f2574b5f856bab287415c452bf0ebc0dc,41d582fdeeaa26bfef4875c4327158d4ecddd7da3407142b49f72367aa5829c5
1561,P,P,56120,reddit,212,73d133a31b26afa268009e9b383749a155d1273e10488db04b9d2be726a423fd,ce4c1a205a937e7f223c38c234779ea9b0e3fe60062c0e2b06792affa426dcd2
1562,P,P,56389,reddit,265,7504abc7aff364303be8b54a851f70efaacfc641a9083465d9c98b32256fc4f9,bf272d1c450d2fce7b5647b6eca9bacf73daa455d5b5b477f47fea5ef52a0d4c
1563,P,P,57622,reddit,247,7536a207f57e194ffe89a27500d26685b7851ed152a28be3ad8c295683a16d7f,fdd101b0801d8fdc52d4b6eeea477f685793a8eb240695987d8b0b5db626c3df
1564,P,P,57094,reddit,220,75a3536dedc0bde3d359dff26270d4bf10864287cb505b07ddaf46d99bd2b48e,c006537f062cfff7565ffcbe571def92beebb6b1e2a7896de053abcebb812202
1565,P,P,56238,reddit,254,7643c0299fe2b2606e06a328d1ecb571e3f5b364ee87b9f99bbb6fd2ee4c3acb,4b5f1b6723ddc9350212816af2d8a417965d770e9a17f2733b21432e60edd3a5
1566,P,P,56256,reddit,197,773281fc8a46c6bbd36142bb26d3e1ac1b9aa0ed2f6d94a8bf22324dfe71793a,59b7b8977144929a6c0d656c6a43f9dce991dabdfa2b3f3ab2eee06bf02e4d9f
1567,P,P,57839,reddit,267,779a9f2c54a5ec28935911d92f213ceb9cbd03eafd77583aa4640f5468c9b73a,f2de21340a6e26e2e519ccba48cdbe06cc565202935bfcf3f58762a37aaef816
1568,P,P,56241,reddit,196,7bf094afd7c15a7d43509f3f8d37fba66ddb2c5937bcf11042a2240648bff411,a8557ca797e265e955249773d449036900ac6120c42c9c19c8e6e2e5ca89b52c
1569,P,P,56153,reddit,172,7e833ff2d7db35b381389f511187c088933aa80e7398a6fcb231bad4d45bc4fb,136a6ec4eede44caa013b7491e8d328160e66f1c772ea5b62446917c8fcdef29
1570,P,P,58027,reddit,186,801b30a0cd5254ab7bb3c681070f8d2baa42d3eafad0c1f89c52a032d68901b8,bc72fb76749c2d02f317143d605589ac36905df8722c6e0b01fb4571764bdf47
1571,P,P,57351,reddit,212,811d619d17f890d2f9d6dc1f62f4088997be84dffa9dace81e0a5fc53c28c328,9d6d13bb2c2e77cf9f2e2f6984368e3fe86b5f181823c3a05346f777bdc50bb1
1572,P,P,57454,reddit,271,82b25f79eea1aae61b85a5911a89fa611fc8307c5d3377b9e0039f9139682923,b2466d333348bc9181710d25c9240062ee3153cee24dd9dfc3a0ea870fa3c874
1573,P,P,57739,reddit,269,851c5c71d43ecac0cf68751164076f5b86b564532315de09b832b7c6e57f51e5,4dcda9708dd84b4f83079eb9a0cbbaebb2baf3422835234b29bcd49f139bfd0b
1574,P,P,57499,reddit,271,875cb3098d87cfca092916cdc9bfd0687aa99b94db4fdd2410cf5e10715b5420,aee5abb80d39cf67533574de333b4c90f9af89f7c26a64fd98f238241e55d5c8
1575,P,P,57624,reddit,245,87f72308fab5aa14ae169b988a6d62033f8b901b026193b18c0452cd5b69e6fe,dcc87f6cc674b0664e7cb3dde1cb18903d90508bcc20ddb0d55f80f81894d119
1576,P,P,57684,reddit,191,8cf34f20363a4ea551dffb6fe69be3fd928e44df1bd2a46ee5d17ea00757d0d0,e138330109ce423ef2bd020ac03050d9598f9aceaf7b6bb827198d527b8c4263
1577,P,P,55743,reddit,193,8edc7b350356ab0f3618d215ee9ad3cc8d8bdc575dd181aa34c3ad1aaff63278,0a5606c731378c1d0392c687aa9b34615fb3c4bc7940f7ea3ac8bd99806ef424
1578,P,P,57578,reddit,204,8f302b36c50e5a12f5638886308e00f39ca5a5a1476cf3ff5e449620c2ebc2ca,07ba75ca20ac07392765483646a6cd5f27e8de491e878cd5d78ed0e52fc11c43
1579,P,P,56016,reddit,184,90e7a668a0a005bd98c0eb90074fd6943a38eaf434812a69272cdf0fe8850bd1,2c4e66dae8175017b9e5f4fcf626d3e3806b5366603c18164f45a22a5107c371
1580,P,P,58139,reddit,180,920ec2bf162f235be8221235e54946138031078c0cc7d5a72faff258f3f5e072,ab66d0c3eab5b0528cb6e6931f76e1d53e470f797e274c4638038b3e0e38a342
1581,P,P,57894,reddit,168,9304c8f1a9833fd6f60c067604ae8c7aeebfd37e714f3814fddaaab0c95338d7,e144c27b46bde38575792015557e7a907f2d0002632f291b6fdcbe414e90162e
1582,P,P,58174,reddit,203,93468968426c9e41edb8369fe58aa251de056eb1f74e3b30989133c3d1c1c880,fd0badf3eaee34505e5770bc1484537ed39578c15c0b761d0139bd6fb6cce28d
1583,P,P,56196,reddit,202,9378baa45d2d4e02f1f67f344e2dd66b0abe643092ff938f64cddd619a86876d,4047f63c958bb66d6b14e40b0285fbe72b841d77102ee3039c6da434fce4218b
1584,P,P,57220,reddit,266,93ffc23785f262be39bddd65b26f7e5306975e8eeef7a5ac10e1993bbbcf0083,dc6fa605b36044632afdadee258a365d86ea1cffcdc937dd6b04b76269189716
1585,P,P,56498,reddit,204,947369788637770b6c558620d178fbe95ea6c603ebfb2c064f01e8daaa6ee93c,05c58773ddcf0380d0fef054db875487bfd838edba5a4557f8aa4c6a52c8e34d
1586,P,P,56399,reddit,233,9614d6a88d45214beb29a19e9e9af2cea1f587f30541f60fc47d3f2ef9d3624b,aa7b1ad10c221a9e010caa8bede8178a7e9b57527a4f38a2e988aecbe6b56a9c
1587,P,P,57387,reddit,228,97e6737c30ec1efd07b4983f3eb59343d7e4f0aa490deae8544977796e42913b,2dec4b322afdaa619d0c13da6bf3b186bb3ec9d4e6fae32153f1d7b5ecbcf692
1588,P,P,58329,reddit,236,98250733f26669f9b51aee26d40245111f23db3c296376e3303fc6c99d499480,f1156e02df5aec246c21c97416b6f45b477d22f2fa99d380273ad201f76269b5
1589,P,P,56517,reddit,226,98b785f81e9cf454c7925b8f64ae112f83d639232f2804293838135bc3818986,e434c58c643089ff626159da56ccb60e416a5df71e5403943cdc34e5d66e7fce
1590,P,P,55788,reddit,232,9d1e60303a024d5ea5fd25cd6e8456ae71241f9abc908821551230d0903e3b19,5a61553306c4237c361ac0f00cfb28e755ad6f3b559c841b89539f2c4661d97d
1591,P,P,56531,reddit,274,9d6e43e75a954bb1bd74fa169fcd690c600368acfc73cfb27dacf839a04ad18d,34c5ac841562ae6231f862c1c620a56508955ed16d441c6433ad01f35fe5d97a
1592,P,P,57506,reddit,218,9dd1aecaabcbf67027324f584419b195165c88254908ac835127bedb12b6b52b,63a553a55574c6f19527a4c3a2e32f1d5b062968a286d5856d08baf95462d655
1593,P,P,57235,reddit,233,9e73180d73b2c0d7a0982eaed7ee723d639972129770e576796a24066fdee5f3,ff0db2b82cec5f41c991cab261e548f2c6b91422686359175abc0729e471d85c
1594,P,P,58078,reddit,247,a08ebec604a9c86e7c48663e4786cb9ef5e940aad95c4ab36ea7773f45f97ed7,14817fa80cb937c059d082e7821244f39601c3849836658737ab351e5ca32824
1595,P,P,56139,reddit,187,a16e2b85697fb0db954ca7e9a48305e6be1dd06fba0347a9ac7bb24cb8f16635,f9d3259b1c7db1522e2a62c530996235a4c818c6495345e7ee98df724ca7bf82
1596,P,P,56797,reddit,215,a171febc4eb6df3bd1052103e2f1e6867e2b5b5b07cb5d75d41dc02957200e66,919ce3e3f1555bc7dddacb9169c8f101430ba1196aa4d8a4090ef6c0d645d278
1597,P,P,56155,reddit,178,a3495803d6ca85f862e408423bc1bd232ca6593c92ba5447d1def97dcc663721,d42645c5c35d198bb96ec6c186d33fc09e7f0415485f31ee9ec76166a85fe3c7
1598,P,P,57996,reddit,204,a4d6019abb16d0ee9d123266f27afedd779c6d1b672bfdca48b62daf8ff6971c,6e35bac9cec86516c8ad9989583dcd15ee8140ee64b5dfd29a50172814006425
1599,P,P,55954,reddit,258,a53da7c4b5b58e52aed848543c387f0ecae31ff2419e4015ff9f7910a4ebeff0,550baffe9cfb28e280036158dc3511d0e9bb2f37197ed30f71d97205e8c3234b
1600,P,P,56097,reddit,195,a54739429a82a56e5391c7f9355a4c6fb07952dc61267d09ce5daad03a052e13,946406909fa98df95086a87eaff70f30b346f69bb3499268903861f26cf2acc9
1601,P,P,58091,reddit,255,a62e4f375fdadbdb56e1fa39feff0cc85707963bcb2b9e243f197419016d1e81,e9905d9154933f383e82d3da65850886c81f3689ec3a46b03e6ac22938346d9e
1602,P,P,56747,reddit,264,a6d1dbf3e378da8d925ae5ffd6d5cdcac71c9111325e389b63c4efdc150eb65c,33f24b331a14276f59a4611493d876e92b638b24faf0d0f1a538708c2782457d
1603,P,P,56488,reddit,181,a7e8ecc3a7f3fc6561fb532a66f0b8c0ad8eaad3e1d947ad32b4c969ea3262a8,3fc8efc4474bc7a497db35bfb05faa56b341f3955fab8074773db34d07de78fc
1604,P,P,57495,reddit,223,a8ec727fa260d0fa9552df58b58df4f915d6e28b22aba844bb904968b1e39da1,2f9135acedb1ec1427d558e126124399254f9ce31d3952d72062c932b392600d
1605,P,P,56623,reddit,207,a8f2e48ac634d5230bea5319204df21735425e634c3d2f6807e113c9417dbc0e,d0f8d76dcf4a499f060a9ce693f29690b1b5796f36bc3ce21222228ae97fe418
1606,P,P,58214,reddit,289,a97ad76f46eefce8b7c3f0701965e34b6f3553b69499e4161c4048222eef93c2,9310f32250831c5871d8d6b30fd95a33e54e3d1675ac7640b7e0c557831cbdee
1607,P,P,57323,reddit,180,afb5ecfeb0127611b63b99a5818c5d51cc98cb283fc5b93cee0cdf96934df73e,e62caed71e996c85470eddd8301e6e2f6ba3a36bc33ed509f2cfbd8573d3acfd
1608,P,P,56736,reddit,248,b22a70cff993b71bc5d90df2db1ae6954d0b1be03175970dafda1f2f32a1dcb1,863532cd854ebcc665f8e454192f660acec8ca4a1e44e54fa4ef4aa924713712
1609,P,P,56283,reddit,249,b49d576a855a9bd40d8ee916ed6d7a7c596b9818ee0ed0c052870faf17b43344,bc9c7e213c7572e863b95bb480ed2d86138050b18313d30393f44b3c62a3b19c
1610,P,P,57718,reddit,255,b504c09cf40f375c2a2ce422267dab2332905a0c8777f4637f8c5888370504d4,d7ba49bff9c52dcd7eedd97607ca1b7abc929ceb1f3aca4c6e43cd62476d4308
1611,P,P,58207,reddit,262,b6aac404a8c995f3794279d4699b5244099bd2fc0da22266374d9d93fc1a772b,be69e79b6dd55c53e2c22215b371bf1068f4946b3530c42f7abaeebb85ce35b2
1612,P,P,57448,reddit,172,b7346be4bbee3b37b10a5439ab535b7ed8bcbee947076f03a27c11b7547c7d99,149ac93ee7fb52bc15ff4c5cf6fe31946dc90990e1243fc3fde6b41b9fc7aab7
1613,P,P,56750,reddit,290,b80d62ee5e93f3dc6f5e02507e154214a09133f09e53a49b1d9955b5ac2ead5f,6cc18bee40bf78d911a1b12cee711c2ab552797960e64f98203936af156c6cde
1614,P,P,56830,reddit,237,b91abef743a07dbd2fb87c5d38d428022777aeb0ed457e8d0907829bd7f0fd2a,4c90f24fe22b98466a80545c10f2d3b89e90969d63da16405a2c68d2b41f7eac
1615,P,P,56086,reddit,213,ba56d7f07d167706919c8657824f59c6e7108d94f1e0fad798c58f413df0a20d,7464894158aefbea46015b7b885ddf54ae51db309a497a34ae7a21112550e39d
1616,P,P,57040,reddit,232,bac7d0a24bdbc3028ce7344fdeacff48a0094d1334d63c0ed8c8e60ab162d03b,3421db4a726d47679b6a57467bc6429747e2975ebbe921a87fed507b3f5e22fe
1617,P,P,55648,reddit,178,baef02f534cec82171a38f3c835bee099253cb6a10f02460db17912df9d5d677,2a816927a2781989088a7d8396b9c6ba61c16d413bf4c0877d2deaa1ddfe49ae
1618,P,P,56760,reddit,276,bdd45c299258139e0ee93bac3b634dbcd19a9b097221c0d02f6f7c214772c2ac,f04f8624feb0e25ff7dd9a78ff58f7caee35245d1fa91bc198bedb3f67f752df
1619,P,P,58108,reddit,216,c218271ea245a77ee1ff8db049dd8408c9d9481472a0aba108df2e5e5a6a8008,b9bd52614fba340d6318ddc84ba59cc1da3672c17fbcfa1b8512ba8572fc5158
1620,P,P,58354,reddit,293,c3365e4740a2c20056a824781d2306ea38b478f871bf74a7ac2ba4bef15175ae,f9bd684eca8d1603aca261789a60008e7056d86e955ce99a0ed38dc07c3d60a5
1621,P,P,57610,reddit,222,c54b0a2582c75c2303df54d13f82adb221c7889ffb65c2bf5aedacba46282b85,dd401822214a102cacd81c9c18d9a9d3170e42956f72cba85d31c9232bca8d4e
1622,P,P,55387,reddit,249,c80d5d4d6cc80128c5ddc9f536ec4b359e55a68bbb0d176bb2f5af2ff45d0fee,2e22f0252ee4240663cc80fa71c6ce40b53a28c486330e98ba09b248ca975898
1623,P,P,56775,reddit,247,c9757577b938abe54fe4d9c9c894846542e61b67ff9e1f1d608e0a8badbfb43f,7f24708846c743d7c403b60ee12f5077aa43e321884aafd0e1f6d12b1b84e2ae
1624,P,P,55666,reddit,234,ca086b121e179c6f9e47cc890328ac12bedd0ab9c12b92fa422ee92c4695063f,a3d1876b5e457eb7760d7dbcfc24dbeef7c29b00d68cecabf6cf34bd8b7fc2d9
1625,P,P,57254,reddit,214,cd6fbd8d6a7418266fd17497a975f7e31af998c44d2a28361ac120b89fd68719,cc7c7f22afa2eeb0193be7c22ed273cf97697334ba1365a988dcdeb6eb63c186
1626,P,P,56177,reddit,181,d206aac985f308a810c11a8467e4b857eda6af89c16db320e145e5070074f016,a2983aba3d29988eb58d9cecc34e53b0883daaa1ec63cbec9d74198053fcd025
1627,P,P,57656,reddit,293,d29a9d1320b14ebe2e8e8c32fe081e4cdb861e6386528ed9fda2d85404542fa3,ac2041839f09fa29c2fae1510819131a85139c292ccf0ae88043d8a3742c528a
1628,P,P,57690,reddit,201,d2a164d22aad238aafcc75f67d872aae7a9a6ed1e8c6e1843ee5318686372164,08908c8a5c4bd8d26c72aa1ebca195bff8f650e3d27cc473724a6c9a13598935
1629,P,P,58061,reddit,166,d59a82f7eff19d72c9d80fc67cde9a7bbb25c6d6a9cae6852d7c02d4a8503901,1b4b3b4657988aa9c28bc60ce74c377501625c74dc80afda32ba416f864ad7d7
1630,P,P,57797,reddit,285,d83be820e5c31559799932c35cc6ca693f0b37f65b349653cbc23787fd985106,3d782ed18ed491e937c11060d7a015b71fd4e9138fbeeb3d3bc033932b8542b3
1631,P,P,56802,reddit,268,da89c38626bf6b73d2e330e37d29b635a22cddd54ad98f64c599a7c013daebb2,c065bf7521b66b2a6255daa15447602bc02b1b1b20843b08d03a8620b5e741d3
1632,P,P,55785,reddit,205,dad2ca0fab52e0452ccd0b310237a2cb204ea6211cf7bbd182f6bebfb44536c6,154219bf78ed7293c3b371720c07073b68c56af4526b3f5edf478795edd56dec
1633,P,P,58100,reddit,241,dc159a97f9bc8221fa0a4f47c7dd55cca0e55a2f2a1d9e8220525a4afb53c973,7271d63d0cbcd29fd6abd746c1a8d974a1223b583682b8588427f2cbac83bb9a
1634,P,P,57046,reddit,233,de5f8adf0026d5a4ada5a7e96c0404628ea2969cd06f49ebedabffc8367aca73,779d2b4688587e4e783b720b17d303dabdd71742cc44498be5df6d22861441e0
1635,P,P,56059,reddit,243,dfc5b26db7d442582e260a99533d34a3c95b2f30348e481592658dc6b1a14fcb,4743a9a04ac7da35e5d7dfbb526a2e9bd1cb64d3c0e87a7cfdb30091f1ff2dea
1636,P,P,56437,reddit,215,e08b29cf75974e7e3ab8b200b17b78eb90a405393868daa89b7fc1a88bc36176,208e3d9d2fcceb02a0584da3ac37425c8827cf4e27c026bfff6da7d273e6c789
1637,P,P,56533,reddit,229,e133a3d56e7d8f5bf6d023905dc2fd9b9181abd34aee0e5a70dafe41e43e0e9f,aa520c60b8e2d126c285d304e6e979bdf3a03c3180bc2ebbbcfa26500dd1255d
1638,P,P,57902,reddit,198,e21aa177b60779b14fdd9f89671693f2c001a8bdebb9d0e0730d6f9cddbe100d,95360ddca7e38d380717aaf9b55567ca0b4f87307a7faf52d3fc24f7e364f3a1
1639,P,P,56398,reddit,211,e228ebdcffa3ad2be953f4b9b2ab63d9f97a2909d513cf00b4377a9e87a474af,f50e4375209f4c3eee33c71b40b96951feb703fc9fdb6a3a7d5eaaf53da6e6bb
1640,P,P,58071,reddit,242,e258d2a2a94ee6f9e73e24747a9151fa407d9620d087d3dd62158db6b5813b11,d4f8773ed82b4cb6965e71ab7982d682b290c4872aa03a76d7751856637fd2a5
1641,P,P,56082,reddit,246,e2c22f82d9cc301f339224b5aed4993a56779b996bf0b055b8c9be96a5282496,f719a30278b6591bdcabb59d83d7d5bcc3bf27a05235d5fdf29fc7c2dc23164b
1642,P,P,57497,reddit,273,e390807e3ab8cb2cd5eab12916e610912a1a5dcd0263e6432e0df29cba4aaf28,dc8fcbf4a0c925e9845f891489fd00efcf233d070bd7e8a85157599ead0e14f1
1643,P,P,55810,reddit,298,e4d45ef0625416bace8e25a4fd2af538349ed117ea1d374f1f6d423ca1b78f12,1e49f67453a57a624584ab49efdb1f53be6c8d094abc3e889ff5441273ca1b34
1644,P,P,55623,reddit,206,e5222a6ace3fd1b9c8e48aac8e25ca34b45f6a529937454bf25962f9228f2dfa,66bae2b5ac62478d94f3784025514f540ff71c0678d2297435c214862106c987
1645,P,P,58288,reddit,202,e592e111a982aa9a1d39ffe4f3c1d290e5bd1daf01a87daf1c03a84c031fc906,88883670962d5fe36223acefe5f2bb27ce6ab7f60065111c8fbc5b1c6ea58c7c
1646,P,P,57288,reddit,183,e5b20bbc24b2340949b04bfbbdf0807530880bb43e8d5452481b672d3917bc9c,1752af666c9fffc397e6f460c2054452cc50404d13f9b78d2f05deb3c1a16ecc
1647,P,P,56921,reddit,200,e70b8ad309d5caaa9ffb0d5c02c8cd34f89d89702e7cd73f17da8ce972d02178,c1dc330f8c4af9ad8f7e5ba6f2bca784a190b23d132de4f861616688c0eb0870
1648,P,P,56659,reddit,285,e72ab8b5427e130980d1f7ac4a7f6ec88dab225a836d85006ec19422e6df3c81,0d4712b401eeda7a51cbf4f62fe0c5a4c1b54012cdb3be188f76cd3cd55f3bef
1649,P,P,56053,reddit,217,e97f552b0dcd31a7243ce285d247635531b52cb85f448067d8d95b13283833a4,c78bbeca3c5e0055a340ce1f15b060586fd1ea9692e67c04bfd0a403fea39d63
1650,P,P,56257,reddit,269,eb43d623b0e6c7b2e6976b43bdfd8a0d0245918fa18b322d84b80b0808e5817b,7df221a9ea6b49ab0b9b2c4cb249592d72ae26a6f33927f860316dfaa560a399
1651,P,P,57563,reddit,247,ec87e61fa051a8731d69ddf74787b2515dc8da687a9b3e711847df109b560cde,07bdecf869f14da89a3d637749a77218e2646f111937e4ec0d90c6b95c456dce
1652,P,P,58213,reddit,219,eedbee3de5fdb73ebe74c347eea685c44bfdf10da978a659fdf796ae6259efee,99510bfdd2e5932c912b954fa57954251d9e8eab743c65d2b3138a30e2442521
1653,P,P,56056,reddit,247,f2b2b713817041677d6428da4c87d905522046a1f020170b48b1c2ddbee5b5ed,bc3001605cdf93c65665b8e1cd1c70197a7750de20a9fb752f36f506816fc1a7
1654,P,P,57695,reddit,201,f58e41e3f06f335e718776b25c08bcd9e4aa271990d4e7fe237fed32901f5db1,c0ed1ca44850ad7c03220ddd22407f7b2719e766f6070ebec44d0fb9d476a115
1655,P,P,56508,reddit,242,f605c2a4cf280b0afd78829727a115768c89507e3895fb4905d7ff0d44bf47b2,c4f5ad1e5fc6ec53b0647e7c83cf177ad50695e4798012748585d32779c50078
1656,P,P,56323,reddit,268,f60b57259e287e813bc416a14c79c24baded6992f38957f905a1f030b1b1ad62,f200abf9fbd0fc7afd559591e8c1b4f0affb188aeaaecf755b0a7b1a21919965
1657,P,P,56975,reddit,210,f6a920ee65dd608eb4bb50046139d8226644fd3ec5d562c5750b9de3fce73b10,af4afa194f9df3087e4ba60cc2b59303504447dce33fd3cf056cced7c5e77f93
1658,P,P,56361,reddit,250,f6b034a4e9a9889e521114e963191d1fab4a98373adbf3b316896fa6755cc19f,d542d42ecef8d271c2f1bcf5fe03ed5974ddb5cb22e486c6653ab38036322df8
1659,P,P,56758,reddit,231,f7cdd558bd75da87faebcdfff2c5a2b37f51f03679f114ff51841e5dea379c2c,fceff9e573acffc0405c8e40765991fe6dcc70a92d48a7dd911354325d69aaee
1660,P,P,57282,reddit,164,f8c6741ca622de93f6f1986a8e0cf51e48dc448471e7686aa0468ee443575092,907f84474e0231eb65423a049c07ec9c6b2a5dcc707cbfc35c0e399cb82ab58c
1661,P,P,56294,reddit,202,f95123514fecebd5a08fdd215977f08157db02992d3bd8fcdcbef3da200382a5,0f380b27f36f557be8a1ab83df1a7d081fb2dce1d1ce478210ee13a62136f0e8
1662,P,P,57382,reddit,236,fb62053636a80a866606ad40b56b8957bde952d11617d836115cbdd6c05f2a4f,4349c89afcbde98aa9700c4cb6954694b74df2529ed963b84a3413f532f83c9a
1663,P,P,56463,reddit,222,fb73b054edc2bf9dedef2b0d8bdb25f29d1c959c6f8381448f4565e34ee94c19,47f8bc07ef33b4cf5f37e327a498a8c553940e5c48c9bef4f7fa84861ef169f5
1664,P,P,57366,reddit,211,fca69e7ad3ebbf6752ed4da594ae475d24ca0142e2648e0bc7f8786ed37f8db0,2fedaaacade84c184138384a135262ec3b00c3cf8c6d3af333d93810c27d2c34
1665,P,P,57119,reddit,293,fe4ee21c5652c5676740976901599796a74df152b192bd1c19a23654f4c0781e,b8d76b3655a7f28d467526193e930d07e7254535b48a61d806df442895f74000
1666,P,P,58221,reddit,206,ffbf370f542b09ca48e1c2c9a1e68639cdf66d1d6ef11f410806dc8504d1bf82,3c4bcee048a994e21c2b16b6bf3da39e00a76db0d7ff39345753dcebb43897f1
1667,P,P,56100,reddit,250,ffcb99d16062ca2ba1cb32913358c9427f35a4252354bbbf908748f05b97a46b,00ffd692a523deaa4285af22eadac24f87662cbcbcc282fd9eeaa52a592945df
1668,P,P,18680,wikihow,223,137528b017c441fd13dbfe6218534b55ce7b2dc63bd633fd90e984165c2fdf15,9cfad868a17276cf38e3e921d38791648d6905f873b715e5ce8c465febc3865c
1669,P,P,17364,wikihow,221,14bfb30d8c5b26d2722df5526b29abadde2fef87f47f5e56bffe344b2aa42beb,f957c8390ec74fe832b5eceaaa4fd1ff2954516722816c69e1ed56d8eb17990f
1670,P,P,18208,wikihow,206,153b1b45d9ef03e187e775bfbdb12396398d055e175919c833ec509ce0d75c05,a019f36cee4614840d0b159483a7135e25b845dc025ac960684fb1bb7d890331
1671,P,P,17108,wikihow,251,15b02f5520d0491e349b7a1b2142efd1a7c8b0e0319a3a4aa5ef9504c0aad0af,8a7cfd24c300ce807e9507c9662b1e859656cd7ed796af8b1842f56540bc0500
1672,P,P,18372,wikihow,294,177e9776c29695e04438e412c8816f2c90aeae2ed7ebc166932e21504c34c4a1,91aaa76b5e0e32074ab1405137658c3ca27a0559e4ee8ab45ad986b52f925ceb
1673,P,P,18693,wikihow,290,1cd9d5099c6ea1ef013c02ef10b3e6610047b3b67e6762109d2922429b191237,72eedd6829533421aaafecaa4bad846bf5e978ad4c1d3102c2a74ecdab09c523
1674,P,P,19096,wikihow,157,1ce314ed9713256da2f37e25b7e446738c6f775d86efc544439d7c20ce80f210,5fb12cb511ae008ba2fbb3808af9768fb553f91c59fd2dc98fc7563eb4990b11
1675,P,P,17692,wikihow,180,1d68522cd5daf25a842328bddd1a6ca2ce7cde5ffbdfa202cb363e68d8950083,93726f3c5be5965aa13e3911fb9501d7592aaf918549364f2804fef397c2a965
1676,P,P,18920,wikihow,201,2618cd674044fc8a64e8c3fad7292c185bbf9ecf2d985ad57fc48d08603e3911,9b24f7d053b830986f4daf569781b87dac9a481ab53a279bdace42221b36a3e7
1677,P,P,19121,wikihow,190,271a1a50257b0a89a98e0a6cc5fa594804a083a8645f8aba47d7f330143c506c,d2ceae7dc5db5997ef3f4e121f036496142338a46132ea25c86a7b7f9bbbeb7a
1678,P,P,19272,wikihow,211,29202cd9168e6fe36a678f030f240cdf4fd081e77e2669b0f53b0aa889a94cd7,bc4fcda82fcd9c4a6cd08e4a3e2251e46889df86a9ec8049e6b9b7ed7bdffdb4
1679,P,P,18891,wikihow,281,2bcf44110e35dbb6bf4a96b527b72d5c010e557a737f1af541e4ffb3730ab423,2a3dbd86de3f31899b17b54b47350c79e45069a8b9c9c0a446d6a6ef33b59e2a
1680,P,P,16707,wikihow,215,2bf0ea8165297d410e7abb666d4c42891d1e5224b613bba1453464058c025ffc,ccf8c3111f0f86206bddeb6ae1f621cf37ec392a1dba3f02cbc2542d4d76180a
1681,P,P,18647,wikihow,222,2c2d9bb1025b1d7e6497360e0307dabb5ac1f237c9a6008904f070a1a9c6af30,91eb6f401ac86c58b48f76f19b47929eb6ea190c62321f59fa0f15591bbba700
1682,P,P,18695,wikihow,225,2d8a3a60059953f36ec8e5e33c71912d051868c3e535c552803d0bb6336a0b02,5c23bee21c428914977664a237cce6e197a0a7b6a58b3286ba73894fb3ad44ba
1683,P,P,18971,wikihow,285,2e4d0d3f440b26b9595a550f6e58d855ea0dee1d4c77e376d19cf7d66458931b,683e38f855f0fd943c8ca29b2a01b0feb0b7e590a42a5d351cfc34542d80d60e
1684,P,P,18860,wikihow,183,301f288c3079131c925dcff929e5f8e076d65acf8d7b1fc9ebde4e3017dd2e18,12f98fa555c65b804c81692a4597ee9d3514b246a52d89165bd23e27287a0430
1685,P,P,19114,wikihow,187,3087fbce815d9204d2a552f930aa0e3859b1eb88629069ac6f9ce00c84b27d6b,7d1cd0954386c674ad2ede0a763c8c9ff4384757cbb65c2d88b70488b19b833b
1686,P,P,19113,wikihow,287,32eefe568d4eeab62aa34d36c0b9bb6bda32a2b8419a680106cfd4fa1aa12df5,efe3f2e482ed0eb91342b5fc7861e9fdc565acc0d95dad509a466282a602b753
1687,P,P,16952,wikihow,271,34969a82d0ebb7ee067cccdc7b5678bc384f15aae439a248e0a76312d98396f6,154478c761b480158c2f31850aef52263b2a0d3dca4c04dd181ff3cfc596d77b
1688,P,P,18304,wikihow,197,34f684ef6787f83618cbdc7a2dd90a62ee8c70e64caa1378929f246a0e81ab1f,367d006d9288d97be439e39afed92f41c4d563cb7e473b301808cf4c1933c1d0
1689,P,P,18459,wikihow,265,3cc04f49d1733c03552571755971391a2f525d492a6fa9783760d67cf0d18af0,14c564f292131df68d0273f1ad727ad3006fbcc462bafa0b274bd56791e39bd6
1690,P,P,18494,wikihow,251,3ef213dee1ff50877b3cf7879f71d93c5570cd6310cd960e2333505733cb73f4,28acdc3c009656315d32248f54ee8041b82a06031090c6375f4cf813bccf1511
1691,P,P,17549,wikihow,290,40730b2be4dbdf56613eb0df7aa5ad3c67bc499524cfbfd38ecbc2831a16a87e,a3563661296f8ea20689655a24f6503c36556e42e5364cca13c425e0316d49d5
1692,P,P,19136,wikihow,289,4086946397f5cd025fecfbb0f42c28361ce2c2dfeda9b2aa4c10d24915e1e3f0,a848ac97d971eca528fbb44370b610e9a15812528102360eb50fb94e328d2849
1693,P,P,19188,wikihow,201,40b6f6f8bb63908c3831f55d9cb782cd7f5de040cab179c58c2a1fc96256691f,f35b385c00ac9fc5d252bdf4f6aa0bab628addea94d6e5ca02e387d77a972b14
1694,P,P,18115,wikihow,214,42cc7eceb472b32c4f6544bfb2c8ab10618be22fea05b82d5b5830208e9fc775,90f7fea60ea1b690cda6421b95eac983209b4860ac80519ff8c9a4be50e13d24
1695,P,P,18127,wikihow,198,44c239096c6fb9f84b6b008785da454f0b626cc89861c9ba6de75cf40c4a9628,f45d30b33e4a2a6748e75c847fac9fb9d7be5ae47c19f1e53639898759f64aef
1696,P,P,18269,wikihow,193,45b3badfc5bb6dda6a05272cec5506c4bee4b9642ab4d3fe92496c64df59dd4b,43662297707f269ad8fd5702d8492745cb8d1c48a2fdcbc8a34cb39d176becec
1697,P,P,18238,wikihow,191,486de2a039a2fc46c6cd387b4c494a7f366223a651d87fc6fe814d6fb583a898,913047ef5ff87789413a780471a85954a007de4f866fa3696a2f4b626e4bb7c5
1698,P,P,19493,wikihow,252,49e26d141790a2cff635ed931c2750bccfdde0369bb4b338703d81781a2bf506,62c7b68ffe5ef8d4547a02b8b89b463a38afa5f968f43f59c654072781229732
1699,P,P,18346,wikihow,244,4d8a9352558800b895810819114e908dda7fc370665eba325288f2d3fac1ccef,0f7dbd0f1a2ee0e82d66b7e487e1cb9da96a98cea8d09a33ceba71806d99bdb8
1700,P,P,18806,wikihow,251,4d9b8d77cd6fd3dbd7a7e40d4b32ec23f8b805a7a34e489f572e838e1601e5f8,39a619a1b2c942a8075413e4716a1ac3144d8285fea0c81e346743cfd420b75f
1701,P,P,18005,wikihow,195,53d9873fe1bb5ac05da54f36b94951d89ed824465a03486063456290f112f9f2,a8534ccbdb2d22c750eb5b31c37077b7aa473eecaf768e8e15cd1de563be1501
1702,P,P,17754,wikihow,176,547fcafe383623d1e5a82a19a31c00ecb1164ca51f6c372189118537978e01cd,1fcd521a7cba50420dd80391ac597c65e0a7c9ce1b53ed0d4f1c57bf24f143d9
1703,P,P,18559,wikihow,253,57a653bc92a5cbfc1e81c71b26d07763f165d5a41319f460d119fb991cd058b1,3dee334134fab4324d65352fe0118d42835da96500dbc3585e1dd2f7c3f54d16
1704,P,P,19504,wikihow,206,5843ecc4608f9ecd9a5e339e4d9c42b268d270a62e5311a5eddda3bed04b23fc,ab3c5b1fa11c79f7d0cb354b9015c0e1774b472ffb2c604e66e325e8d817fde6
1705,P,P,18401,wikihow,186,59e0a06d17381cda88ddcface917ae3f933ad95cd0485cf54637d24d1422a0cc,576635eaedb18ee2b36615860205b49fdebafd796351214c1725dc1d26ae2288
1706,P,P,18593,wikihow,259,59f97617fda067e8c0cea17afbb4160b640591f4e6ed6c96a971d837c63083e4,192d724b11ce66aab3f8da628458f5a2e3ee5f577081c3b234236fbb36a946f4
1707,P,P,17394,wikihow,252,5c824f7c7847588afba95471ee3cb8c677449a0845c3fd80f0b67a10ac95cc6a,ad08f1135eabe755d36dd7b729c8e97e2538b059f3854821f153dc82cc555f82
1708,P,P,18784,wikihow,214,60e345a388086082e83365f82916b992579f17f6c3365901888465609686bbe1,dc6cf6148e33add2db0ca845658e1811919df4ddbdce459a23b29d1db5287b7a
1709,P,P,16733,wikihow,282,627ee42247c31bd1e5abe9aba535cbcb088e67ea81110555d4bbd0e589ce9ae9,78c7d8606ff80ba9991430232fc7fe02bb20cd52204efce8b92d9f25c8b0b1c3
1710,P,P,17250,wikihow,227,62b8c9089b21d45d147d179f39bed03084ba092ebf51daad077805fa0d127842,b6cae481ea35ef9dc831beaf3fcdffbea829e1afb9d1b352e05f8bd7eb13b8dc
1711,P,P,18444,wikihow,294,6587c3b8c30c489256f25d9bbcaeeb68bf57b33be24e7518377f73e937ebdf34,a8c7b6c531dc02aa12ff2a9cd761b59924b3c95d241280c207bd2cf9c3b88056
1712,P,P,16914,wikihow,199,6660d1ce38b67fb72a4d2f2137f4515ea54bbc8f6db147bf9bcb25bfdfea4365,899339009d0cebe0425efaf00e6fc030c045589cb03489a47722665b7938fb76
1713,P,P,19370,wikihow,282,66bc0666e4ba4e5f9eb8debb619e50a6b15b010d624ee5dd8fd034e733fc4c8c,bea411ba42569ce65cd58edbac48994ce561292bba30279264aec1f5e3127aa1
1714,P,P,18290,wikihow,270,6ae4bbdb523dc307763f61950d0e1838931385b1243fdb753a9d1d354a6495cb,17e151e41c7f39ee3fb6d0930b6f5e6bc4f3487c6754100d0ea9493c1be623d1
1715,P,P,19317,wikihow,294,6c2b296690ce256e5652d6075f000df168487511e39b38fd76dba36baaefbdaf,6409e978eac6b75bf605f0a0637e4604336ab3fe71787ccf82c671c2b46fbfda
1716,P,P,18671,wikihow,182,6d00396903abb9652b706a4779adba0005755b9bea587c63164d407b173e7e0e,21ab25b4732a6162096175e975445e7476a6599d7940ca6a013ce21c9fa4e626
1717,P,P,17898,wikihow,210,6e1ce2ce1e3a6eb88cbe65e132efd4dea557000df72bead2de4036ce22be24c5,4b10f220c016c4c02ad9a6a6cf15538c28b043fcde163361067f7533f66b519d
1718,P,P,19412,wikihow,271,6e8a67b406908d6c9bf371a4e4dd88db77c6ae2c7d6c4013439b08553e030dd1,b24a33a4702d5c1b8b300934b513cc630e13bee403ac49903384c02e7bbd45d4
1719,P,P,17195,wikihow,283,7124cb1f12629149a58bc50bef67c3b89f1ede474a1815d30b57ddf8025a5e11,6e7e0db436028406994f54cd92bed3ee274b46c66cceb5ee98a10a0cd15f728d
1720,P,P,17356,wikihow,250,719adda93f680597da72294add9b7b3cbcf60236ce6d052a9ef33ef9b3338439,fae5e49959f2ec000f907907e9ee71ac6ad2ad2f63406e024003a9520b14fb49
1721,P,P,16782,wikihow,281,72399413dfd687b511273a3a5318da638f170f4c5e1e4cba4eb81de7d6548d56,10322e995ca7a2398693990c5a0e66d9ee13afd01f78c691fcc2e54809a69716
1722,P,P,18216,wikihow,205,76b152c1b26f0a04da2090680c99d5cf05be4a19d54838feabd547ff40ca8f52,67e77d6c82f5bbde00510afd173342044bf40163eedc87cf51dc260e788f8ea5
1723,P,P,16882,wikihow,229,7712443a6a1d837c7a6c14b204dc6409198aa14c96f1b28bfe853826a85ebd57,18c4e1b3c6bb059b91d9761480e0a937e9dda3031b2bc3e603dbb9746261ba5e
1724,P,P,18029,wikihow,196,7817958b374d3f010cf071bb524c4d1ad89af61b26abd65550f2047357a6dea6,bc666b00370a07ab3adb056582ff70d9dee43ebf6874340a03b912843d229976
1725,P,P,17552,wikihow,269,7d3068b2eb192bf3a67ac0f9a428986e63170242aeab94bcc36a6a73824ad0ad,099d59906fe05aca5eebb532383adb48b312d0296a210d2ec54bc36ad47aa15f
1726,P,P,16817,wikihow,247,7e6c6727f4c5fe214da3509cb39083f54c9cc15e8be77cd60deec024542ae212,b8478dd1cbba429e9d4b3462602a3c3c8a649d14f9abefaeadf2e85e3ba08e88
1727,P,P,19587,wikihow,280,82e31e069e65bf5bf1f9e614c45f408208766af8b25172172948d9e192d6d48e,88bcb041948129254364254cb175f8c1628de22b20168478161e8a1297fbe32f
1728,P,P,16721,wikihow,223,83288e21f07ec69dcf96dd3f99e170f4c6b5ba0c3f93d253fc5e99b9b58e0628,03b08d370f683ee131368102d6c20594b431977b403e343881da8519fedbf8d7
1729,P,P,17142,wikihow,266,83c7bc6e8d583b12e830b96e42d3ef46ec2b1bd0b22da3fb9e3dca3c247142f9,24314f11591ea5e34976733e4891a8241ae3535baa1daea1f59df1c6dfef321e
1730,P,P,17362,wikihow,200,84f132c9f2a0abb72dea4e03a62429cd26a3c1a511f1d5d6e5bbb8b9994ce2bb,b5b981db3c75737bad2211e684330c93f322eff70c296e59d13d944969f87dfe
1731,P,P,18361,wikihow,242,86e62c0d0ab8d218d48732287d25456a3bc910a85ee7a21fb8a8872aeb51b23f,33b740c132e87fb165f2230835b890d7a8f3e1ab264d28b8991c36657d0246dd
1732,P,P,19081,wikihow,223,887245329f68cc95af99e6ee86491569517af9d629c20b26c604c93a297ae06e,d9350098a7da442f473987d6d99e6b9f670d166497c032ee209d35a508e58205
1733,P,P,18564,wikihow,267,895062a06058094705bd8aa8c3e6cb813e088b2256ff0fc55e350415f56324de,aa37e2b171bb550a89b57f24de8f73adfcbe4660a3a77132655499852aca2e81
1734,P,P,17161,wikihow,273,89643ba63a9af7ce2bda898e00a385d04e317150756ae8c9b8089ba13ed642e8,29a09e2623a1459db912f5a4b2705d47eb96bdfd403279f41d8a7d6cdd4eddf5
1735,P,P,18147,wikihow,287,89c02300c344d55dc9ab5d6fe6a61a919250422d1fc3364fe7f32caf8a0ab5df,0c0ee0499270cc2fc7fe2ed2998982858482eb8c26ac75233b76093a5546aa68
1736,P,P,16874,wikihow,274,8a14fc4e1446b841b625dc0925baf65d8c30293d92ad3c45b4eb22141558c3c7,c019fe5a62df1da9d4ee1531a3d9bb5a79ea734d98440b631f84da8946865c37
1737,P,P,17621,wikihow,279,8a24cb1898ee42b49b5149e7932399d44b47ac3c232257dab47964978f213b6b,8088dd807f21cbe103df56ee397bfdd41b34867ceb0dae093662e5a3c8ccbe00
1738,P,P,18503,wikihow,286,8ab376fb15aa573206ccf1277cc2a27a5f273dc6eabf1ef61b204ae86e775d93,9e8b3931e5398296670a70916dc3226ced1738e3f7867a6d7e2c1ce6a0af8839
1739,P,P,18055,wikihow,148,8b1c34cf0bde4c858593fa2b87344eb72c9d46edcb7100f998fe69c3753abb31,63551a50ca7250efa8cfef5e5f9bd0524b8fa16413e29c861e78a4e2e01b1a5e
1740,P,P,19271,wikihow,272,8e284226f3db309018aab14ac0a55484b73e345439f5d1a463ef3cf30620a28c,6b4baf2bee9ec00621839269f8746b43a1c153ffc5fa4180725ee055d3a72edb
1741,P,P,19293,wikihow,129,90db4b5f6bca3c62d3445279331165f323a6d8bfeefcb743a607e7108c9616e9,1c5e0b9e622cd595037f15fa602ca16b92076bbc139073946c4ffa95890b242d
1742,P,P,17266,wikihow,180,912013326d6d4257a0cf04b1d63364233e571a807a47ba4a0924f4070dc94c71,a4a0c1f80759087317a68b42a4ecff30e056117137c21f027b961111c6929e85
1743,P,P,19043,wikihow,253,921241449b59a63f111d466b2b6804e4a8867eb6eeebb783fc44ddd90734830a,6b262ed7811d20bce6b40524838afb8d8dcb9ef56d6b2b77feb6d1e646b8a912
1744,P,P,18149,wikihow,182,9584097cc927c111b969cb48a0319205e0f14cd542c79b2d2342efe87b054254,d3f1175f5e552534b7005730874cd57e1a9698c27d04a57fea3a3114d960d7fe
1745,P,P,18175,wikihow,179,95bd19dac45cfab89c0872cf21b80d45943b797fca5538c18368966db3860fee,8e9eaf1d3eecfc727c4edb922803ed43ad372dae879ce33fad6f824f7b59d32a
1746,P,P,18901,wikihow,229,95cf49d87878e137e3e44c993104ae77f7015954eecea4b99d560b0c4afde39e,5c78fbda6ae319da684073c484bfb377aed05d6005b1dccdff8eedd145b9adba
1747,P,P,19661,wikihow,233,98050e90bf1016767c897dd7d060815fa9e36edce6166e781925431afcbde420,299494fa6017cfefc81cc75651334e1180de0a3eef772f7f2beae28ba75856ce
1748,P,P,18539,wikihow,237,998fabbc4eede8cfd909c0842b1e0a6970a517b605c8738a11e90278360c75b5,bb8cf31f40faa4ae83d9813447849186f425479bff28be5d74db1cf9dbc78ad1
1749,P,P,19135,wikihow,138,9bd078b08d0a8afa1b1c3506414a2f56287f53642bdc552d8669712edf6590de,8c70072aa61369fd9e0608e4f77da3f919bbd6635af8b1bd73781aadc0113b75
1750,P,P,19556,wikihow,269,9e0cf4155d982b964a22a2a528ed97be7adbc2dc10736ae84fb46473901939a7,76d820b90e3867d3a712b4c0a3b471d5401255f6e002f2eaf4d0e8fbecf6cef7
1751,P,P,17319,wikihow,274,9e0e0110a768d756d0ed7dbd99488270af41f7d9daf56687fcb542393bbe56ba,90fa49b19c5838e25e7b5df24b998a9f686f5af2ff6d8c8f691a3b7e4df24916
1752,P,P,18707,wikihow,198,9ef86c3708a1384722ff82e741949f6bd028a32bf5f42d2331165ffc8422be21,526302cc75b74a989e16d3fbae3051b061bf82881d3556637881425dd8e75b77
1753,P,P,17502,wikihow,226,9f34d96b93c5208278f3247f3fad4f10f9e5a85347ba6be8ea27c8518c59bfe8,0423ca1cf1c6b081e4fc3ee052818df54b7ae0670340824a2384b59c524c052a
1754,P,P,18006,wikihow,207,9fd3fab0c4fee9fd4b03b4d234ae2d2790d5c5231244b6e364e69cae2fe3e41a,fcce78d15e88a9d2723849aa4e9e99b739777515b649478ab5711710d0fb2605
1755,P,P,18886,wikihow,207,a02b793cdab2b7aa91bfe12fd64bc327fc19578a894536712f4fdbf64f69ddf9,5eb89eb42bc7f6b04f461da6e668325aafaf22851cb05e8e672ea725ccc98b06
1756,P,P,17798,wikihow,251,a3144fa734786fda65233b04e7ad77cd52d4dc8c4b4f1f29007078928183a88a,94c6a3fefde1ba26ab75f11bdb3ead93845406cb1447790bf655d9f5e0804925
1757,P,P,18192,wikihow,293,a5408781682d5d06eabfb106970abee455914f415283854e631a2a5785ed40c1,150f13293a027c7b8f6a710029aca6be4196b83ac035f6b6ef235ca632d2e1e8
1758,P,P,17528,wikihow,209,a5ffc24bb8605de2444052f61b5b347b18b9caf67187cb179d899c153f831b38,7ad27cb585b7409f81e30a16a62033fda9613e9fea139d416a0880ae06c1050c
1759,P,P,18100,wikihow,184,a6262bac5b10ec725e671150cd419314c8b5896d7c4d8cc18a46f169fbbb6d1a,e8db2aabc6f195d1d51eb13bb850a9a03e9cfe7912a3ad078a451f849a036835
1760,P,P,17078,wikihow,239,a8f8ada1941158d627bf40a7973bf70bad531798a680423e0a002cccf44ac39c,bb1c564ed0a571ba4b5c5383db5a0e332c5ed9789ed5d79569232338979043ff
1761,P,P,18452,wikihow,223,a96da25ff9e17e585c85604cbde7c78cd0c5e325e7abe1729703f934841adf0c,59a483a7e21db0cf09494735eeb9f4346f37bc105105085bc31b7e08a770de5f
1762,P,P,17846,wikihow,184,a9b1ea2540983387e2aec7a7d163bd372734d24ad009c1ba41cd4fc37f411adf,301782bc7ede5fa48eecf9e664259a23ab7bd3559fb7b712039ba17aa4e5a49a
1763,P,P,18406,wikihow,220,ab8da2d56519011820eb7e25595256511a6a140547630633e5f10393b300fbf6,41a9d07b48f42c5a9ac65d260d4e24330069907329e531c672d927111b6b1be1
1764,P,P,19387,wikihow,254,ac108e9c5d45c5302078571d2e2cdccd4f4679b2ca67ead269fcfb4af571e062,22c6cbede04de8ba956fabe4ac46bb8544c4836f35b13c32b4be80493ee5abbe
1765,P,P,18274,wikihow,254,ac369c2d5077b34d8f803cf46f1e2d5587a6718deff979956e5bac08358408d7,a13bc065b6148c08a3a0aff87e5a6528ce8667715b71eedc94ca01a746a473e6
1766,P,P,17295,wikihow,223,ac8efd3f47f55026b3491d97b2254558b7250f912cc286c9d0f7fd04c37be644,fc6884ca9cd71501e5f919f38b8ca0536f9070f0a0bff0ef43edea86a367a830
1767,P,P,17903,wikihow,239,adf5f4f2eebab4a63e3c6202171d5b7ab08b06f9dba20ebddfa1dae411c82df0,db85e0013d8f309d59cac1f2e24ed928460eb64900c651207f03ec9d333262ac
1768,P,P,18581,wikihow,230,ae045508edec6063178c92805c77eecefa6730ea4f3db4f411689f4230e6ceef,c100decd326e791378bc8a50455c449e2d8c99ef9e856d52ae13985aaaa8410c
1769,P,P,17982,wikihow,209,aff348d54f995c1c5f0f06a356bbef4351beff39053829b861da0033c5d01364,7594e27a034832552a97e6fbf4080e1b16636992fb70da70472feaccd050eeb5
1770,P,P,17526,wikihow,283,b115bba135cf219f08d3c07dbb4a72e6e7d80b494745cb94ef68af813917dc17,a3e46b4156417dcb68cb12c329d1598c01bd2b44f14785ad61040cddf8785827
1771,P,P,18749,wikihow,170,b1596d18328cc96995e6053344b389cc05ce22c39350e8d194dabc479666dea8,5ab81b4c3a4a6bb5cb142aef158503d6c2f93b0901a1eb52874e83e8367e1c19
1772,P,P,17212,wikihow,184,b2b22d6270b16855209831570c35b329611f6da4955ebcbd5175f4905b9e67de,ac43c1bdcce977a6e9fb4f85d0316d2e1297f8be1306ec578a27fc6fca109c67
1773,P,P,16694,wikihow,292,b315f5eb8101302a45c50228248eb7b6ec6e48a69abe544bcdf1aa84d006faae,474330ac65383dbc0e4fca8d5086b8c91da95d4f1cee4b8439aac724732b561e
1774,P,P,18544,wikihow,194,b5aeee6bc2b950093ffbcc7f9c33d966933f87a545430ee7ad2d9720b296e70c,f77fa530aa52504d7fae1ab7b6de7543fd9cbfbdd8257229e0c13e6ca8ba90bf
1775,P,P,18400,wikihow,252,b9c6e64f14ca8312ed497dcf852a4f39b63920f773f28faca0016199196bc232,44745952bbf7c9b7a6ffdf5256d419b232c3c5477d671c8bb257dd8f0115e19a
1776,P,P,18999,wikihow,234,ba18fc38c7b5571314688073a608d33c5f2c76a6073548401dd6e2da5f16d4a0,0072dc6c5dd9e9a13eda27460eb761c9c3d7876d29fe85fe8f3d8cbd54e086db
1777,P,P,18954,wikihow,236,bc5d70069605491d7bf9415cce4d73de9601cc45e8fd2cb25062aa451f56c602,f782413c8e82f32ee6ebc93547cbec3cf22e1c390eb1a037ad35fff8eeed8357
1778,P,P,18012,wikihow,242,bc6e0a6f02a3f8c470ec6e692dd1f2ad8204d59c751f9a0dbf8dc1db0dd780d3,12bf62d4d03f487ed7b98d4a4c39338bc75b37920ccb421f4bd9ed2080cc12c9
1779,P,P,18336,wikihow,246,bd55cde1e04a1be144426ae0e6e79087c79ffd7155b169bba662408df46880c3,685d15401af1601a72ff4c9fe72003dfdcd3569477f8327926c61543a9225958
1780,P,P,17801,wikihow,182,be365c3fe5d0103b93cd925d6b71d960bd481d0707a0858fb87a4de3f350282d,6fadb2fffb4aceba1c4966034bec60027b6a1967e064a6ed9be15a8a14da6259
1781,P,P,18741,wikihow,239,bf9821d8040041829ee0ac0db0d6c75bc079e3b84672c2eb3c10c47d1ff8152b,e31804beb2a6a5d81e6052c1e86bccc072addde9e9e05d0b4e16f3cd91337e5f
1782,P,P,18065,wikihow,209,c12b06339b16ba08ecd0b533e2ac77bafd616998a15738e776c4e2f77a006bb3,3fcb747794d0ed13d7366762ac0d45541a1a55377de4fbb327a42813576e6c49
1783,P,P,17770,wikihow,186,c48b931ae08fe2fe982d9289fa713c60ccc28f8713267da2e2b1918985615adc,db1873a9ec6ccb738f76ff0c9054eddbe4b1fcb6b89a1d612319ea390eedc2c9
1784,P,P,19242,wikihow,294,c4a440be1fa89433c93db1594cf2d4a4cdf99a781310819aae2bafdb0265f539,8a66650561fe1a16a28756c5a57389ef09ba04f0d83eb47d9c477d816706ba17
1785,P,P,17675,wikihow,227,c4bd7f8950a957b7d10d17fe56e6ffd370d366db1b17645a1e84af11d2102d70,0604c22e5b374fb421142fc8a2e6d0bb7910cf5b830b63bf7b67ae477921a5bf
1786,P,P,17789,wikihow,255,c578ebacc270cde02df7fed3947c3e55574229e410d3013b688c5f18816156a6,d479cbcabc4d9e6996fdb265579fcd347d3b5adbdc0add9e994fa5c27c9bfc7e
1787,P,P,18701,wikihow,181,c61d20805e38ae6aadcd455ce7cb59588bb4f7f02dcc813bb6834a052e76407e,8357ff9c0a98d026364e1b7cc7ea4dfed719fa4f94635d929c4008524dda56b3
1788,P,P,17699,wikihow,244,c676669896a5b20cd6e958c9290ef911b8527978c1e48d44c171f4010ce3d6a9,53d7fdfbc518bc623f5100d4b440afee63ef36ed2ea4c5a8e9d419158ae2a410
1789,P,P,16888,wikihow,243,c72e5c049f201ec21b3d1bf0abe8389ee5e36fa88720a69a1dd3bbb48ba08281,151187b33907377de3b5ebb355526e0ed9b20b26225144443e4671ea08f938c8
1790,P,P,18942,wikihow,225,c7efa22ba2bca23885fb3c19fc3cd8c62b9ff580c83a2e35d4b5ece98b495492,142eb0bd78c2632b06d7cf2de7130ac690ff4ad312f36da36421138a435ae802
1791,P,P,17062,wikihow,238,c7f07a7e2fd40189fb5725c0c5c609d558025646557794d3f9eeb174693fe2ee,8b744f1b37103ce23030885b5e4d4ce97cb4dd781ca0d05b98ae58188e1425ae
1792,P,P,17872,wikihow,265,cdac63e573ac920f86500def580c94f4d804f80d14380927a5082cf957416d47,a9ff58df9d6f69f1fe1c67a8f1c357cb3381c92a08742156c6cdc0d0e2abac9d
1793,P,P,16885,wikihow,196,cea67c571784aa1563fb538f5dc550eef1f01bda763dd2bc081ec1771cd68b7b,834b58e54590d60fcd9ae9c241c929d579fd39052e66234ac5fac365f659961c
1794,P,P,17506,wikihow,199,d0549a63b59cd8edf5d6b749971dc3b14c7406170b4805fac66d52d3b079dc5e,78176176588efc5721f1f9f64f5bb3fff436ca4171e48db07b44a97fa30714b9
1795,P,P,16832,wikihow,210,d381188c637092f71b87ae2c39ba00ca9d6abc4e5da42375bacf237bedf90b65,8276e3dd1a5f6f23d8c0dfd76f441084b3da67e33d413f49a802e62feeec4680
1796,P,P,18042,wikihow,177,d98d1775ef0dfe71a77453d890586f630b6d1ff38a957825a60e67cbf2411596,eaefef91e14d8c3ca0c6451b738cd24858d2abcc6307fde0eaead7fef5597b8d
1797,P,P,17207,wikihow,235,dabd697899cff4239062d61ee8879b74128fe68c4986afe2b4fb01da653f7b7f,2586a23db968c8104c0c0b98b06cea6115348c2ac5154a05708f34baafc7368a
1798,P,P,18414,wikihow,195,dba52a8d52440fc6fc9467ee96930971f3444d00d54c726dd1ec0baf1c032fe4,ba9fc5a6bb7ac0793b7c09009083e63e2909e5f5eb85ba9bbd5eb8cf199da2a6
1799,P,P,17159,wikihow,185,dbb6ba32f6878d9d4993803ca0ff2e1120db91884dce67ef3b76f278e50ba6c2,bf40f04a385ea4c88b91f84ee4e8139dd45f24fa896c76531c2531c305b142c6
1800,P,P,18142,wikihow,199,dc8956418720c2dc1dcbf88ebfa499a607af0b682c4098aa7281d4ec29d1d612,921cb1f3c503cc8af8638e5b60ac81893866c78034622d5de6a9147383302d2d
1801,P,P,16791,wikihow,243,dcb5f184243c1d2fdedcd369c769e9c11ade704b9c357a0db199245fc71ecad5,1bc11ab049781ff90f95af61a00330c498eeb81d7ceefc8bafa5ce747dcb6217
1802,P,P,16971,wikihow,220,ddd86c2582b45d669d3367bd6c8daa327351781ba678c33af7884fd49f4848de,ea04fb63b9dee1c18898972ca37fba2d667c71b404931701d564d9b965c454ca
1803,P,P,18326,wikihow,194,dddbfbce649454214e4fbe91c234c26a02da28d660b621750b0eacbb667d37e4,3044d20319648c3baa700b7bd9321df760e107dcac64ad29a8c067c156d5534c
1804,P,P,18528,wikihow,248,dfd777e9327f6b29218d0333f7f1f85f5dc49dac7a6893bef2137d0d347fdf7b,30f53bd827cb1ec8c4d0422bdb5ff0ccdffa6b7ed81ead64285ca6cad891e665
1805,P,P,17204,wikihow,239,e03e154d265ae20436a5ada04567838a3e3027e653a4a6b7102c689ea52465b8,86c7f89445fb0ca1f14ac9aed1aa2e20338a19d8f58e22f76105ea8ee7e75de5
1806,P,P,19274,wikihow,185,e0c2c581de345f90625a279a1bad5dfbe18290dd4d7ad8c12fdc10415b9edf36,f6966c8534ef5a43df678871022b185abc38f638ea8676b564513148e050df5c
1807,P,P,17365,wikihow,285,e390acf2015f7c9f7ba189292bffade061f735aad4814f408239cc7d0db35f2a,86d047c83778f0ca74286cdca0458c00cdf123fe74f8cc8606474f70b39961c9
1808,P,P,17279,wikihow,274,e481d0b2af9cb586a4a0f3259d7ca9bdff230d0bfbdc57efe8515b5923b8b492,52723bb2376c2f12cfea7b3c01d32e17f4c5acf1aeaf987cb0b4fc76b0ec66aa
1809,P,P,18738,wikihow,286,e540c7b8e9075bae4b25d7ceb3d5d6773c53f7a8e865c1c5bc509895632d11f6,1e0bf62c7e4f951edf4125495a6ecf809c1970e8f3405b59bb5dc671a9383340
1810,P,P,16901,wikihow,260,e6c67a6df30fb8994f292be18d11410b4896ce179537a3e2c5ff26caefc1dce1,02f70d3ae7a83c41f28df53e48c2bcbcd02ae96e225cdae8d81e2c4ccfe2e0e2
1811,P,P,16673,wikihow,196,e79f146e1937aad8a8f97608efac8f3e94deb92f74d5de349973275031d2774a,8bd391320bf6481b889fb076a2e02a98749f7859c33afbccc9308599d15b1b0a
1812,P,P,17312,wikihow,192,e7c1d2664f7133a229611514d9d390f5e796b8104299da8767dbeb81d8e2048c,62b9b175e54740b1ed03efcce328322246cca3e7b2889742078cba633fb0f516
1813,P,P,16718,wikihow,203,e81f6943532baf1f9f7ab29df0192c865dfe4c0c02eacfe4c32d6c2c40abc34c,efe451e2b79758b3ee5ead4669299e52da14ace036561db6f657055b98d18a53
1814,P,P,19161,wikihow,246,e970532a655cb84a0248882b1cadd578972eff4ab88ecc35b51a0a7a58ad33f5,6093e2c8003b63cb2f70c17b63a46435b5ae68dac82aa4ca1f40cf62a54b6dd3
1815,P,P,16909,wikihow,229,ea161e2394a7f05f72f85292022faed2dff993b3ad4725a2b8561470524e435e,e419e05d5a07ea2a3ac35aff47840dd8221eb8099c840d940b7a5f65803e02aa
1816,P,P,18279,wikihow,211,eb56d865854019da415b66dbc7f722e190c0646274ba903848f9f30c8fd2491a,4f6974262e263614393c65528f7d93b32da52244531fd6bababa37454d89fff4
1817,P,P,18904,wikihow,237,ee3f6e8d2e421df6d4e95318e0071f65e8d84cdfbbe8fe58916a1da3a8a7fe1c,9d78c5723653485b27f57bd5efeebbc1078135a3198645992a0dc8d7a31f58a9
1818,P,P,17316,wikihow,189,ef4017dd864c5b802453be7ba4155bd0af25e76a03c72014e1ca675835f59429,361c7c71e0681c8ac52fd619ba33823836ba67553edb0b1943fcdc1d33aa9da0
1819,P,P,17005,wikihow,237,f06fca9f2c967639b769c5318bb13c68cec0278dc39ec917c6e4056cca394bcd,242c086fa32923d06f96a8e1fbf2dfe30301a8d1d3f052e568336a7e4bf11d8c
1820,P,P,17222,wikihow,263,f0cad8ff841f356da0953189f1b639f5544c2640be8ba61537ccae560df3ddf0,533a6a7607f20379129763b10aaca3d989d5459e1e307f5c458bd4293cd32301
1821,P,P,16871,wikihow,219,f2264e83032517066a93968bee70714de8f14861fbf25656b2f258f1db4c9586,c2238acd9e47b7311819d64cf427a3924736db7873634f712694d592eb5e372b
1822,P,P,19323,wikihow,277,f2418a6f9609eb921a5088812fed950c64762fbfe8c4531c9b28ea26c6b0969b,32d5d6abd8032d11b53bf0bf1210589a6996cb1e17988bd8568784dd1f1d94e6
1823,P,P,17018,wikihow,187,f2a090b8b735ecaaab5160e63f20f5452739ccd1c6e24a93925557dec5c3cb01,09fa441e03404e985b0b561bfee14be9a7c3b1d23000ca37d7279f34d91f0419
1824,P,P,17101,wikihow,190,f31521893d49b2387d46521176dd2a355c2cc0b0edb63260b4ea5ff326125a82,1e2788ee0771c4764bd283aab65620a6192975d9e978a152f4d535fc6134739e
1825,P,P,17696,wikihow,241,f496845d88e7ce06f6b0dbf8470faa9d02ea317c25c05bbab2dd17901d235239,93c80659b23b62663f32068d5d9748b10f52e171333c71c24b7c172a856177b0
1826,P,P,19108,wikihow,297,f67f831ce55e85dacc3b03b2534d35ebd47dbc45066a69f3277e68fddc3dee64,fdd7a0f4001742ba6972fb1b552465f21e75a843bd5361bf5ea18341d699f930
1827,P,P,17290,wikihow,257,f6c06cb739aa5130c077b8701e428ac075276b6465c5873a2a083dbb760e3742,8f6b7a75ee576367828bc1340063238e2d0afeabec1b879fa52d5b2e0434a7ec
1828,P,P,18957,wikihow,250,f84021ed2546613021a2f7566b9d334ccfd7951d8bda6675ed8fedfd1fe6fb56,b807f8efa26740d03974e44253cb10502a01fcc4fc0312053a7487c599c4c8b1
1829,P,P,16667,wikihow,188,f8a9c671953c91bd1157e7c9c7d019b09d9f100b1d28567d17dc3a41f5645577,ee297fcc12537ff4b29c21746ff0003a25aa910319b5a86dd919a9cef6cd61ca
1830,P,P,19327,wikihow,294,fa00eb3707ee0be344822008d2680809fe194c518d06b0304853ef58ebed5f73,91375a6c8f12377c9199d817170d3c3329001d474ca7868966c12637db1be6f0
1831,P,P,17430,wikihow,256,fc77b1478876a31b102fbc0b8de2fc5b61d83ec72fa29c3883edb127fd861f1c,8fe08efddc2c8a076bb802c40b773303c4e0660bbf2da8b6c696cb67bb60c23a
1832,P,P,18594,wikihow,172,fd4ab51da267cf51e1e4c11fa9fbbff0225b722b77df3e1b95485d490c7b98c8,30574fd64a8dc0e4e9ddca77383892b456fe568c2f6571c5258ee53f0ae66e78
1833,P,P,18378,wikihow,282,fdd8fd265e25f791e301bd875285bab8eb7a19063877efc7b8af9e6e18520889,c51863828f72553a1b35624e1c989c5e238051a8448dcea2b2eea1c2e060fdb2
1834,P,P,10660,wikipedia,188,18f18a94c10f919d26229af9dbbb353b78c02ba8e074573981bac076de2d04d0,d3f5d3aa32939e2b44d7dec0527ee799844f3317135babbfc4439ff32d622abd
1835,P,P,9744,wikipedia,285,193d9e5b458e3c704a63df5ad1044bd640bf01bf32484b929bc1312b221abe03,8586d20d1add483c0cafeb43ecdbf048fbf64cb027340236bd72a5a08132d449
1836,P,P,8864,wikipedia,249,1c16c4273ca24aa080e331af6940906b9da08d1efb53a46868e8c604ef85f8f0,47a0882c28aa8ff47e517d1537ceb649d2ffb0e34df72c6c7e09bd514b9713da
1837,P,P,10357,wikipedia,268,1e7235fe4b4eda1ef94190b253c7b9f21cc2832167deef106b04b7c7c88c3f6a,7ec0e3251374cf5c8dab4021d7c2e22c15038f1b0c104ed980ec5c043beb52f8
1838,P,P,10190,wikipedia,126,1ee05138aaf4c0d0c5f6a36c96bea466e8eda1a42bc6f99df51218e82e947683,531f6a06dffbec2b46e427f49b0609ed38debceb76b4964294118e4037d95fd8
1839,P,P,8451,wikipedia,174,21bfd36bc10c5225be7ca788939514d3dec885f8f24235737b373c94b91d4da4,25fe1e55597e7010038da29eead39ffd8c0e0c01622cf98fab2484b475a25543
1840,P,P,8657,wikipedia,207,21e1bddd8f2899b9583d58e9735912e1de75c7bd37a4a878d7695e04b0e3b80d,82205b1ce65d7d277c3dc02cd491c83cf2c2ae284c0aec7c4d8d747cecac2a05
1841,P,P,8538,wikipedia,256,220a148d92879797070e19b4df562a96391dae6c48e831751e8f0eef9a99deac,310d6d451384e0fd5eecf24f04d1ac5c087b10669c2d007746d85d95c8025ad9
1842,P,P,10180,wikipedia,288,221ce0ca1d2a231e267bfd412f515fe3ccc289adb88c52673f3921a8451531eb,f44a19f6c715171b65cf6e71bf50222cee9b5966394e6df08daddfa63fe26c74
1843,P,P,9269,wikipedia,235,228549b88d4cd31cca252f6668b4d58d045800aebf1f0f614bc02318f9c75804,b99921981ce7c37869130ca267ee0495a2b3b5d58b29df6da809e85bc317631f
1844,P,P,10441,wikipedia,198,22cc1a68d10c8ee2bc4b112adb28d644cd73ad2e990baf8eb1fa8bcf88a8ce33,d63bf010b66f2876d498760abe69c67f03124df60d1a7fa16682bd9a075ebf8b
1845,P,P,8937,wikipedia,222,23a7bafe739bcbca5630e54dd49eb3df5b47233ee93db19e8af47e9ad9043cfb,5b68c3abab42f172f3d87e8361ccef70c240e4a4bdfe823ed3bedef6768f6e21
1846,P,P,10084,wikipedia,136,23d13b380a50c757f086405334ba2aa6a2c480e8740a38479c8ae536ec3fef1d,fb61cf1268f8ca0d1525ac89af7d4ba65f85ac1a5e21749a6b09a888085cf72c
1847,P,P,9409,wikipedia,133,24631c8d8cf05a11b6f4d591d6b1aa3ac6d0209cccddd15cd0f17c6a74bc91a8,24a8ef534b9c5f7b17ab911be3b04a0b9b7cf779cfaa4164a3a4f0fb620e92eb
1848,P,P,8731,wikipedia,245,2903bab4f000a9593afbcb81621e5e63ccf5e40de88bada64adb2546ad532272,a8975cd6e09914ba7aade6706a2a0e89961ba9d2dc72aa30f31c03208f55356d
1849,P,P,8985,wikipedia,199,2a4a59a79339a5b36252a95fcc390a6244f102dffbe4f9978ffc026d50a4ae2a,667be39f1869eddc01bdf47c3aeb221c80fc217f51406e238e5df19fd1c0bae7
1850,P,P,10134,wikipedia,259,2c3f6fec037a9391286027f687ea55f0fe2a2d65cde30cb0a323a351ee6b4738,0fe03fe11a676041f05bdf8175a9c10149b0d4e158a6073fb20c9316f7c8011a
1851,P,P,9205,wikipedia,220,2c4c8ad3c8f877fd222da95622ce81f75467cff09defb4f505fee43cec852485,b25c5e267b4259be70c528c163947e36c88ac1f366d46828e9677859257efa81
1852,P,P,8841,wikipedia,246,2c91197baf61b9742adabd1251031c3a202426420cbe48d0ec05700afad9f313,f91c188c13e6922a8668efab83b8dcc8921b38849aa50f33baea708eea89ba53
1853,P,P,9486,wikipedia,248,31059d42c701362d2718597072fdd3ec8914987035b509721221aa2fd1874d2e,860b4c755f8a1c6950fb21956052eb947215d4699adf7a0267d68fa5333a4f4b
1854,P,P,9671,wikipedia,120,315349b0e9307e5a1d2c347bb36100a5bffce0aa1c75c94ca4c6d9853505d339,dd4606dde48cf10d0aa2ff6739967db4923eb881c95778934bd6cc8fc532cf1c
1855,P,P,9572,wikipedia,157,32e756c17027fd076542ae9353a75dc9b451267b1b1ee875701aecdb244367cb,8f2b1919040b2af317c32905255f46495ddff4713ed3298ad25d030c6de602d4
1856,P,P,9865,wikipedia,240,332d01656f5bf255e6708023bde03cafbf2f0ebcb13915422a3edd90008d4bc4,2aca3ade9912b7081ea4670935cb19bd20fe244689347de47c5afa995fb90ee2
1857,P,P,8544,wikipedia,186,346cf5e3c19e8d4aa0fab4b1147a73c7e0f134ba51424d21026450151e8fa75b,c552db8c427b4d5b589bdd3f7ec89efa15d39dacf38619477721ad5fe04f4765
1858,P,P,10331,wikipedia,130,34a5908ba793c0107c8c44f0d9eab116f2392dffb34f2f81c1fb35b35deba4af,73179f55d661e02eac66c7213ffaabee9944f5651b412153044275fc6941d17f
1859,P,P,10085,wikipedia,209,350aee4d0b2630264268da18df0ff90dbe8566d8e40e43b3c57fdeccb1daa1bb,a8e2e0ed8897f0a7b896d2e6cdec7e89679a0d88978655d9d5a979e9bd815af4
1860,P,P,10607,wikipedia,242,380f5898cca88c357b103f9c9fe669336351470ec40f12631501a490391a0bb5,8aec1e28e9aab5872eec8b8454e2a929fce9980d02aab2f4fdc3be52c87e84d2
1861,P,P,10359,wikipedia,243,3831a25d957a6e9f26d866f48784caac8497c3fef4660a733597e13aa052675f,a5a80224e4f4adb8e6b0edb7a0c659f3bd5fb236417ac8d928b3a58981e24573
1862,P,P,8340,wikipedia,193,394992459995e739032367e869b82f795d85b5661d6fc1869a7c90ebd43e2592,507914bbcbcfe51cc975fedd8e16cba5cc0a63ec40ee7d06866e2008e933cfd5
1863,P,P,10041,wikipedia,170,3966969faf9bd4e0635acfd8e7200c7c771b2dad994fd99e4e7285673fa95958,f8377312301808491d14581b16bf30c0d2dd3c74a0f71579698f8f57dc2489d8
1864,P,P,8712,wikipedia,238,3a2733b8043488da6486f7813b8d24d48eff44926e5b146de735a1e4b2b21bee,5c395d5c96b2c95d2f5f55a7d27a8b64c566fa4df8511e1454a9c5e1807421b1
1865,P,P,10529,wikipedia,245,3c959e2b395889b820991119eb5eaf714af7b2edbd6871de2b581bf4f8466cdf,1c50c69272b2ccf47a3e9dcf31326f6d89b4dcfb11736581c4e43c5d68d27243
1866,P,P,8373,wikipedia,276,3db9e36ecca3f294e455f0208e1841be5b36adce85734434c34a9e922dadfa4a,2adb9d4e572288d2c687cd6b13f37afc12053f454c2224b2a7a408f4b4d28af6
1867,P,P,8597,wikipedia,162,426fd5f7d6009b0eb4ce65d5f8f0aa730f51afce5b06bebde3110507be2b1950,7d69ee784af3304fd2a8eca7dab1bc6be5224d439c10492322f8258e61d5faae
1868,P,P,9237,wikipedia,286,430c43cd95efde1e1e5cfaecae3202b962ea83446e78bc399e50899b3b806135,bc3275e6d5dc4249d70291ab1d92bdf44c0849e1b4e250588bad38a014b841e1
1869,P,P,8855,wikipedia,211,442fd28a80c75a4e28e3ad8154cb4a6cec53dd5654c7574ca112a4dc107a5e9d,951d6bfdc108192bcc576bfe0271c4624c9ceba55490ca21c14f3489f9f06a08
1870,P,P,8734,wikipedia,164,44481f9ecd833cbce6ed5f7ac3b37668a6323332e924c3b2725f630a7ff102fa,e60e4fb35c12050099c489ce01d5c9cbeaa473d8365c0888362f0ffd74a7596f
1871,P,P,9261,wikipedia,171,447e13f16399cb4e773d140855302e519e9038f5424050585e4db1e3335e4872,ddabef7ecee9a519454e629cb0809a5eeb44797bbaf53142815d67f0adfb4352
1872,P,P,8510,wikipedia,131,451cc237a24eb9894836d16cbfc2758d3544f374a8b4f55921a31596471b566b,003f5299693ceb4e4821854fde5072e0258daa4c36b9734fac1cdb59d16412fa
1873,P,P,10549,wikipedia,258,4631c52bdf23845c4aaa382b62f28a066a26c03e99a6799bc8795586495471b2,89176a85bcd535a481f90b2af13969740fc25b631f556e980cd2c7c68fbc92ab
1874,P,P,8972,wikipedia,195,46c75ecc6f7043939678618c7cf7a2659ca65fcd80ce30bd25ee54660b82a34b,d230b6173a387ec13d3877b75910a2353fbdbaf449e3b30590e36b05a16a23bf
1875,P,P,9114,wikipedia,215,48121d3a1987fa0212fbe320f6305a95c5be132882e702ebabe69340266509b7,9cb5e03895730290a9c0e2ad7686401f398d67e4edbf7c945626c032d8768349
1876,P,P,9712,wikipedia,264,4c5287beeabff221aed2554291255ad4fea9f35cae5e1c9ad4e12330cbe8d6e4,ed8d0c0636d0ba12303ec871ddcc6f2f7a13245dc08cc75aaadec4fda71e00e9
1877,P,P,10110,wikipedia,281,4dc063321470575dfcc251faa09899e355d285cba3bba6cd445b6bd614a1500e,9f8c1cdb241a6cb10de301a513efdf52df74f5b940ad994e0e9f4b17b1c4995a
1878,P,P,10329,wikipedia,195,5009f7b28be01515d99a874dda7e05b79868ccab2db1070c110f72c396d2ea64,d1509015fbbb94bfb32d8e2c78a892ab1be5174f4c8d740ac4efca9bffe3c0e3
1879,P,P,8732,wikipedia,266,5189a8e115f2a7f0c3dd37b02b369a613fd3e366f1c9b59590c5b0a4f00fffb1,c716cf78c7d866596615e6a2cb0edf2e9efc92b3774746ffd96f60aa1a21a20a
1880,P,P,8920,wikipedia,199,52a70f7372a7a0157b8698eea769ebded58028b845d9b760640be407d39bc7dd,4a1e1ab388f69d31ed0d5389b6fa9f71ec13c43fafddd7cd1b7f6e2aec1219cd
1881,P,P,8988,wikipedia,256,55778c93c63fab6d6daca15e0de03e8c8bd73f857bc3457cff75f9ec91c6600e,688c2169c3975b11ccae36cc9ff007bac7e161c7a83128554969319e3cbf4427
1882,P,P,8952,wikipedia,250,583488f6cb2c7205abcb4431f62d3d2d2773f15bbfb0a058cb99da0b41d04d61,365f516800df6e9c9c2a6025b1063adac64740295b86811c172a122c3e65e630
1883,P,P,8880,wikipedia,176,5868e52047756791102aec1c566bdf5e06b1599236f8d5b73c6e19ff7db9c6ae,ee708f659811f8a33495added01acfa97b3ef7f54f276caa24661f4e38b1411f
1884,P,P,10029,wikipedia,153,58b04f567fce9202c4239c38a2a189e531fab48f571d77fc9adb7f8498bba9d7,5fab30e32e2bec59e404a8d11fe718ec0eb40d51cef47fdec6449f3e0ae44429
1885,P,P,9013,wikipedia,276,597a3ea8719de8ff35956cbd9c853b3a12746a7e17b694eb24ac8f540037b154,5335e2575b0dedfb3a0f599b49ef4602a622c0ff403b089652442b335f3c563b
1886,P,P,10073,wikipedia,284,59b3fa1a7021fde8e363d4d756fd629d82b6b6c3a1018ff12e66de9ef2418015,25ed3ba21c0f5d8c076aa140cac6749107e256b878ce476d1f8bc124499a750c
1887,P,P,8415,wikipedia,268,5a7eb9e21ca787990006385b3a9eafb4aec20ffd1487a4a7de5da5450330682f,842383a72e4a667a03e82ae6c0d193b0d6cc9e3e0b2f17109ff6c95e3ca826c5
1888,P,P,10289,wikipedia,187,5a8fbde40ed3d9c1a16c85024f03a3ffee66faf589a2cd1f720d4c228f33176a,f8e875fb4fef7c06ad12b3585084d96831c0057487279cd48e04c090f04bf874
1889,P,P,9627,wikipedia,157,5b6a25cc75370e3d25f03a7f9b9e952afa29dd8cc1c3bdfdd95d7f9a95045901,5633db73fc0502bd7a2592852fe8b12c409f82ed36de77fa8d1862698ed362b7
1890,P,P,10537,wikipedia,128,5badb23e9c4f4cf537e56d1c0b1794cd195128f26db21d3541adf62f6ce1a05a,90c725a4f38997f6c67c319c8a02a083253b3bce8ee8530b9bf7b73b2aaa5a65
1891,P,P,8890,wikipedia,158,5c626d23b54dc635129900b1b3418fbd931d286d52cc5b9756c4701375901569,ac6c4cb50eed02c2d2546d1f6bdca3b84b79dee2f16957c3bc948c86daee75cf
1892,P,P,10495,wikipedia,286,61dad120ccf0121bf1e1cc87bfcb9fbc1459b393314c10c734ff7a0825543770,2482c6a8b972188ce4988fffa9c7329f5c95d4c342c89999277b5fdf57d86ebd
1893,P,P,10668,wikipedia,135,62cf7329e74428fb3ae8138572ab3fbabaeb5c76cb6107da67b8c0543ea067b9,c25d0c0924d9b254ff7754bbaaeb3928ccf83bb929c62f4ef6300bf732558f82
1894,P,P,10589,wikipedia,172,66027b211321b4f0549e0c0d1dece9249d97bb2d03ef3c55a430c6246d2d5ba9,346407791904b1886bacd1785099c13d72742d357380e65062ad9b6f938676bc
1895,P,P,10182,wikipedia,273,664c35858eebdfd84620650617a1ea7767ef657f1c727cb3f06f33e69918f419,e0c085a077a27389d570c6eb5295954908a97eb1034497ddc7219ae25527afd7
1896,P,P,9871,wikipedia,135,67674534c569d6555f9af8d92b65bce4ab04a82367086ea9b3d2432796055580,b6529d7830480483885a47a5e982dd64048c528f49e8ded8c78a84e451c158f5
1897,P,P,9139,wikipedia,157,688870b591fc30834aa35964715afa174de5c6db426eea01823aac2764d1bbb1,d3876ffb7c27d7d4deafa2c8d07ced5ac8b6b2fd30fea484a1bf76a601110134
1898,P,P,10475,wikipedia,279,69d5bdeddc537b8b8d4c37d0eb134b53aaabda0b48e3f62a9ed2bfc29d969b8a,2e2d35fa8e02b97d167b1b8fd550db4bbef89a6e1e74bec35b1bf3afc2625d71
1899,P,P,9426,wikipedia,237,6c324c328cfceb8d01a05b43f4cec5de731a8d0b69fbff4928783469e51cdc9f,fe036a9c79b3d3f02641939c734df8e1703da47fd95aca6ab0566b2b3985d96d
1900,P,P,8786,wikipedia,162,6ce6b0a136d70823cbc21a3aa7530c8c487ce296754b3557363efb68242178d5,6b83fc26d466286e598193fdc1a0b069d313a2afb7faca783ca81e6310698d9e
1901,P,P,9838,wikipedia,256,6da0b831040c7cc0f723229c6835a0692c6ad27635c3ae47cc5190f9236c1cc3,afb1601a78566146ff98a5139680c2214db659f5085ff9b568c7a0a6484a38e9
1902,P,P,9732,wikipedia,268,6e04031dcb9f2c9f7cb3c719bb50928e0facbf7576313cd97f9bd62c51862eb3,dc019e9ca8e2761a6de96f0bb82ddc84c2f99b957fd38f1d6f5044cf4a7d4f2a
1903,P,P,9600,wikipedia,256,6f3b5612f9c267636e7a48b843eed2bfba456bd4df7d930cac3a983349d4cd5a,a32fbc6f72f475a05ab8edfeef5c2aa0558cf61df2769067b1fed4ac4bba4e24
1904,P,P,10044,wikipedia,193,6f89c6f8b063d120e414e91992b9ce1245a20922a494eb8012e93235d2a81b92,6099e25f863d97db68a28c16d1f69e0315fd9bab40946ffbb35400156fe59b5d
1905,P,P,9937,wikipedia,242,70cdfe47a38781cc79ced3492d434275b941e070d0ce5c19beca9ac06c952f24,d2c04a1207a12c306eae1226da434a0b3782ead5f29d2abbab80808169bca892
1906,P,P,9229,wikipedia,149,72f62a4d5910f628a87d601342cf5a77ba619d6dd667219ef701844089cdbf1d,3720c6126881ec07ca6ae9837b2df519746493a33cd8f856a3680b24e0f27163
1907,P,P,10525,wikipedia,245,78d1eae50876260be5aa0244fdeeae18c375218f6e465e469a0e2734bcb5e2f5,bbb71f85461a48411eba064dcb6fd744f8985f9959b04b1045e7b5a4b34b2111
1908,P,P,8690,wikipedia,163,78ed3e26fd849cd7fad3b97090ff7052d792e33b18b5db54bbd78aeb9d71d8ae,e93992b8b66e6c013e90e2c1d8783be5db5505a00280efaf91f64015ba19adbd
1909,P,P,10062,wikipedia,209,7a90c5311b0dedca1c8d0089fe08e5a6162ec7e551175fde4967df122e143b6c,8c1aea1ed18f0811c96f1fc8013beb2ce01e7930acb25d3fe9a09f9edb880e21
1910,P,P,9546,wikipedia,143,7ab364234d2363a62acdd15dd63ab38deb7fcd8314766b69799342f3023c87a3,b462ae7c72aee8924840013455ab3f74c83e7ee554d432a3a06ab82e668a87d9
1911,P,P,9430,wikipedia,241,7b7ce3f5aea4e3da05bec977cdd00157dab44dd028ece51b5385a26f2d1fa793,34bb92f9776f6a0d1be4cbe8d27240edd9e98ce8e591cb36cf8a56b2cc8d2238
1912,P,P,8554,wikipedia,161,7daeef7ab03a88d18a54e0c686d8c88f1910931ea2c730e7783e03fdf7cf5bed,81ce0adfe8194bf32c632256ac56ddca4e3373e0dc3e7c4280ea5611a1148d08
1913,P,P,10345,wikipedia,266,806d56c6c3c930256dce18866706de2ea9d69fbfe876b919821abd1b0a730956,93acac8b536c2015dfddaad8200d3ed44138b4b338008f5d83fd5e306bc96805
1914,P,P,10669,wikipedia,223,82bf74c493337262fb6e4e05fb5ef1ffd1d62c44a48307481a05dc3e32a5ba58,131069afba72369305e0915e9deb1c76fef33c251d4784abd0aabb48ea35be7c
1915,P,P,10115,wikipedia,241,838127a57e1c39c65fe0b000ebc3bad862a9b1ce59a02be92a60023948de02e4,d303754c36f73e3d1f4e59dee15a06b33f84588cbafa769a6eb0dc41af85b12c
1916,P,P,9223,wikipedia,261,86c1a439e71d1fec0ed836bb96987ecaaea668f461114b6d58531fb66975420a,c0922602f24e2d34b43b5ae584842a36a1a4d9769f45da97bdb75c0a910fb9d2
1917,P,P,8385,wikipedia,131,87253a93e2a8fd3fd7fa1c6066696450d4a814c32b5d2ea7cc5f7580323fd384,34f999032f912f23c7e1503110e54bdbbe7fc479fef46241a9ccc274dd9f02b6
1918,P,P,8687,wikipedia,280,8872cdabde4c7cb7ff62c080d561f00915cfb68700295b5ec7e50252b7992c97,4bbafa1055cdaed0a2260e81da2f4b930f642eb7259d300ea608108dc2580f30
1919,P,P,9405,wikipedia,166,88ed4b3d91078d157a40942be90fd2cfea128869ffd3237e877f91617bd8617a,0f80d0635c0f18fc63c10952fdf67affee6d488fb9b508592c7a68b6327b13c4
1920,P,P,10286,wikipedia,231,8c155bee9cdc6b2a8c4558d391227141154603facc8e6adaf28d4215fd28abda,1154e92f050eebc9620cb09f452587540b701ae7d250649d7a1e1c7ec2a858cb
1921,P,P,9414,wikipedia,152,8d7624eabd9a8f91fd4015d5ce95235d60165429c0b325f110eae23f4a84f64d,d7195ee4802916f869e4aea5270f228e103ad4d2f0e527cd8e7514a571beda60
1922,P,P,9560,wikipedia,299,8e0ac5e7df72c92d6945061807ef775e2d1fe2104df14068819e850499b66c99,b7a9a33b73c06b415873f031ef00553c801f208a51ef90ceec418670a7f3e513
1923,P,P,9758,wikipedia,153,8e75c8c48e1f80301795df177ddf309b711377c52747e292dc9c96be1e347b01,27997268467c5be78c990aba0d579fb60fe41ee161420cd1e19d48c133a23095
1924,P,P,9947,wikipedia,161,8fece94a9ce75daf1658e7d79a6a2eb4d78007c204222e6b57261960dbc7410c,f34e047d8be4c777c00a7577ebd95b565fe1f3b5f14b24cd6b8de13517d1a368
1925,P,P,9808,wikipedia,233,91f767444ccd042c741d28775486911d3c9f207fe027207188ebba2a7982c9cb,d9b28a596b41d573c0314dd97e2def26b04261ecf575a60c991e4f2b80d3c567
1926,P,P,9101,wikipedia,279,92d0b17a6fa4214e8279217ed114318d5f829147d4e980b24cd6736fdca61503,d8a2c1a0f903c532adbcc30ae6a5b7cddbf938cd77717810f375cdbd76537386
1927,P,P,9030,wikipedia,137,99d5e75715b444da91dfabcf951d83eb53077c24632552779102c4d4768e1735,90faa35b8620f38885d7a7796a94a9b67ecb71be6031ad2c66484bf2baf3aaf9
1928,P,P,8664,wikipedia,220,9f55cc885fcb747dd004ef9688e62ce1e7f1faf67a3c6ef6fd9890126047e0a8,ae89f9316bc30011f55bc78e8ce4d980d081a7aa6c60cd257cfd73546107713e
1929,P,P,10310,wikipedia,268,a136a660d4e0425f62d573721ac335ec9e92ad195ac82d788ab1c1b0884fe68a,8db77e9874e8450f600ef5d3a5785bffc26897ca2703a3a13512862f51e486cd
1930,P,P,8964,wikipedia,163,a1f5f728ff7dca5f366b47e94d11beeea35661bdd1caeb0f20e8edc5c3ca53ab,790d4c471d284ea7063e938a9a9b3ed6edc7e217813dff704b942fbe1ed3f366
1931,P,P,10415,wikipedia,184,a349f6ed99799005a366bcd2a2a043ffdd4c1263ad045b19d910b262604718fb,d63a32afa70fe4d72d1787fc9b8c2e7f8b60483b505c205c193ee835cfaa5252
1932,P,P,10566,wikipedia,179,a4a81c90194b8153f2ce30e1ea01353d5f99e42cf72699a52067d5c17e92cb97,3549f95ba7a7f35e4699676faacd5c24049596b4773e7b6124c3dd5d74561e27
1933,P,P,9534,wikipedia,179,a56a4da3bb60ef6b1901b827ca236453ed858ed93240c70abc76f11942b70291,fcbe310b9a4d3e41f1c84922eec0eda29d5e85cf3afcadf971da3363d7eed74a
1934,P,P,9880,wikipedia,276,a860f5c3f0c267de14f2290cac611cef5efdb91ddbe0ad5c4222b00fbb979cf9,8021e5b678a4fcaaa484f4b962f17f42542c345aa84cf7fcfa4497c76732eb8d
1935,P,P,8677,wikipedia,274,aa3251da12dbe53be5c7a3441c4920c390880691e92fb9e948d084b9981e5491,511583284465eb85664f765fab814efa0ad5c3e5fa11a292f079f6e2f3a2f3c4
1936,P,P,8354,wikipedia,154,ab44c27a9725a5a151113639bb9354caa50462a920a8f5d7c7d476d74bfe3156,dcdf200ca6f44cd48fb2c891d3b4477cb5557d7d08d714e797b4edd93821b760
1937,P,P,10435,wikipedia,229,abbd6a7afa880359cb970e20a6ace735bcf5a6c2d759afb48cb27cfd345738b6,3d2f8e4dae25e7bc497a4743867eb9371f2c6cfdfbb859af75db6554238ff2cf
1938,P,P,10550,wikipedia,138,ac1fe033e0bc915711368248f0dc17626035d73b38818441b973e4d5d9e7c6fe,3ad1540125a06b804ff981aba3d75508e6d33eaa8fc13ff57b298540bb30aa8f
1939,P,P,10553,wikipedia,299,ac757dc045961ee2ad11d01f05e234e4192f1acf8418e58e39ce32e49343cb09,f36b67f728ba1816234d107171e69d2efc0de6994ae8c755b8919f460b5b003f
1940,P,P,9528,wikipedia,228,ac936c3aca4218727a989e39ffc613ca21e80d2590f0b2332228b218eae2b362,98c8c08110de03654a9c89f472dd67f756748de8bd615b9a9f0645f775d971c9
1941,P,P,10434,wikipedia,211,ad8012652ad466f915681490df5c0d0acc131fc447e559b9b1b8061ccc5b9871,19ad91751d132988a706336e829f4017fa73be876e33cbf3253c768a32b15c58
1942,P,P,10165,wikipedia,221,ae34ccb01740fd62bbefc9bbf6c6b4287a6fa0c04d0bc3907c5873650c5c1d7b,e7aca8d3c8a8c823c64bc97ac447a1590a6e90895e2770c69e466ec0a4c9ba35
1943,P,P,10159,wikipedia,219,af0d28c8b64b7932bccf38c8bcfc4af4f6583656e7208c8dc5eb5dd348209bf8,508c8798bb3ade037a4ab09276901fe3ad6ad4526cfd05f4edc8b3ee2b2ca5a2
1944,P,P,10123,wikipedia,166,af5625d92ddfa94ffdd43eb1fe43a1f7c1ae960408e5340fc0fbf2f5c277a8eb,0f012ca9a2083385ea6f0429d90443b5f3211dc543421afcc2ecca13f1be6183
1945,P,P,9882,wikipedia,184,b4a54c8aec888eb2e65aa52ccfda01c9fa6af69ca6a0495d4a4d10e2207ff4d4,55f1555bddbf3e7ca9d33d99048711519d8cc38252c26cba4b55126554d2c337
1946,P,P,10052,wikipedia,151,b5c9bbfc497548df60b5032c2e3d6962c3fcd95cacb09d193b7731fedc444f3d,aee0d98610f37200b8bccd4456b81b4453777a33a2db60abc564478729320916
1947,P,P,9563,wikipedia,176,b65323041e458ec9ce9b2ac45e8e2d2d6c001f8f03c1b8578f48d3a7246bf401,4d9850809cc9b21cf45f7b2c72cfc352ee90e7d4c5f9058987fc7aaa543f6891
1948,P,P,9080,wikipedia,258,b65d151a85749573365e4b9d330a4abaed12bb43d78a12c6d7ec73370fd6c2d7,de7feb1e5ee4a68bd9789b0ee80013c2e2233360bc69a6a43d7accd10be2e32f
1949,P,P,10185,wikipedia,215,b95673452ffdfca337b91d95a3593613aea5cf37c47e81e1428908a04ac32580,8256aaa873c0c2f11a35e3ae9012b34a61d0af9fb2bb7c1cec30c4b277d9e50d
1950,P,P,9289,wikipedia,282,b9f1213eddf49074c755da89a4f030b65eede4b22dff5e0d032c64db782bb27d,1ad16b64bf411727d0029ffd5961f102d1684109cab57781bbac569fc2f591f7
1951,P,P,9786,wikipedia,121,b9f178de754a0e7e1d20a6a886357136d9756d5043fc7e11af2536656d8b05a7,1dba7419d3f97cc90820ce8b4761e5e8c2e371f23eafddb3bd7146b8b867eae4
1952,P,P,8598,wikipedia,176,bccce1146b31d295d364af06ccb9584504314645c746b87f4b725847bd768520,dc9386d881ce6cf3af0b26da48a714efa2d5da0773586c877a2a9daeef85b72b
1953,P,P,9942,wikipedia,265,bd8c6c54f264f236f54eca21223d12267e99f8a1a9b380c7bed669bbec47b257,1440e9a7f1a65f7a8a1c6b778d518fd772b50acbc225fdfb4579494642be8a92
1954,P,P,10176,wikipedia,130,be28c369196f595f5969d4c08c132a84516cd771d393005acf52e599b385fc6b,a9385acf1a0625f239e576c0a9cf73b566f09429adfd2c3f60ea41dfb49378c4
1955,P,P,9074,wikipedia,168,be3986e635afb38e3f7d2d114fd19d501ae415cde90136b3252d12503341c1bb,ada13ff901f71c1a1d068fcbf0d343fd6900eb1bc0eb55a06acb1daab5b2cc09
1956,P,P,9587,wikipedia,291,bf4c10fc713ddc62e7361b332b983545a8ddd9d91b93cd62bec1f5126a340df8,65b81d227d6a8d9da229310583381aad6758de66b2fe50221b6abc984ff0966d
1957,P,P,10634,wikipedia,276,bfaa4d3f1d36bb0e124cd6482a6fe90c8c70d2e1ca2f4820a8686451bb9452a9,2f3fca83fef5797689b4cb960d112a35de46caa23f5333e9ee84276c72764c2b
1958,P,P,9345,wikipedia,297,c1a91cfbe4089a5edf2905698fe8c5a26efa52aeb94c05b5ed629250899ec0c8,1510ee529a558a9f45f97701a339924afcd7fc00c33765f805f174e4a0b7199a
1959,P,P,9731,wikipedia,154,c1e57f69fb012bd317a39130e289541cf9572d2c8a564856de378997989c5f6d,021fdd4b18b3453c1b675fdb202a3ba2064276d0adffc62b777968c53acecf63
1960,P,P,9820,wikipedia,146,c2cb48b03720777a98447315008b5c6940132a2c06fb464f50aca49dd9b82f70,9a36d9d19ee5a2a5f442eec6223b77d6dede39aec56fe97070592a35c11b8c92
1961,P,P,10439,wikipedia,225,c42efb6001cf3ec9c4d100fc62f0c8133eec20eed64854a167ee4e0c47e416c5,de1a254123f13b848192ac48d73db47cfa0222924ac0de4b2722ce31066f6469
1962,P,P,9331,wikipedia,271,c61e9e3172cfa89880b4c2b776369a5329f47c05bfa427db3d48bf4e7ccc051a,b1d9a041c6f8f931cb767cde0fc39b4c88f0485b99ac164e05723c51f1530abc
1963,P,P,9248,wikipedia,232,ca3bccd2253d4c6b0c48b74b65f5f34febfab0336d0dc9c0430f68580eed7c32,070fc11a7302b6e258085931abfc14e293dbf21c5df97a3c1c6724719c3b6ac9
1964,P,P,9095,wikipedia,222,ca43a6f8157410ea294819e10c468b9419b47eb4b68aae03a3c495604626c17e,d21a87b881386f128031123dd0e6d577a1432192dfb7d27b3f9388fe33bb4691
1965,P,P,9757,wikipedia,286,cb09ea0eaf5a385332b50ba4b19c228d13a0b38220fcd96065505ac4040e2b15,870ad5e1288175ad328d8c15819c8e64b90ffefd5fa8c6f096e7771eba4c0d51
1966,P,P,10293,wikipedia,251,d47493dbe0b3131abd8df4f1ab8cd0d5267ac1a083b68feb46ccd15048fc17ea,1d022d6c689ec986d95b07d638ee602036aaef52e9768917709316c510cb1ef8
1967,P,P,9192,wikipedia,179,d48807d57f9865830511ffc8e8c4ce73e9d96114948ea5dcba2e5d62d703eb6c,d360c45989498c47c145d135dab9ae17207473cf6578afae478efa3e466b0ce3
1968,P,P,8810,wikipedia,184,d79414780e2e7360910154bc03dd34d2883a032907aa94c589ee2f56e6d7349a,f879d5419bb55663e421028b8821de6ff06d73d77b7bec102c54e07c6e2520b4
1969,P,P,9845,wikipedia,154,d7eeda3481c88bc8b86659acae972c4a5616d2616d2ac6f52977e92a3e84c1e9,eaacee44074e9f85d9ced0a59fc3bc054ad1e97b8102436f987b89016c91d503
1970,P,P,8361,wikipedia,226,d80b063b4cb27ebe22d4cf33ce6f0825b8155223aae8b1cd50e2e1dc57af2f1b,e7554f02575ecb03eddea20b8ed4e21495636607a76aa5ebfe9346f5aa2d910a
1971,P,P,8918,wikipedia,229,d83b92c0457544adba95781e87a37201523aabe57256c62e5f228e5843c89f03,44929438be917d77c6199d711aa707088faf1e954ad9de5b1ac13d72237fc79e
1972,P,P,8403,wikipedia,120,da10d27aef183b5cc2e44f8de90ee7ce0369f7cf9945013a8d39b0ba97e494d7,25ad6def579bdd444d3fef31308408c4a026c5a474ea88d2492945092036a28a
1973,P,P,8623,wikipedia,160,da9bffa913125c0adc2d8c1813598c2224f5beb2aeb0703cbed9a652f53c0acb,2575b9fe6b7dd3e98e5e6b84cf945a8194824e47ad7cc3416137c990443d53d1
1974,P,P,9278,wikipedia,177,db01a7d4421076f3f17d9c4a378de6815fe7c084cbd737f57880b0f08eb759ec,a5d239b7ff8bf5780ba7f1c8716567094f954c5ab4c81954cb5b97fdafb64ce9
1975,P,P,9752,wikipedia,269,dc15f658235e597a7bedf88b20651286d8352bbb83502abc9b8601f72a1307f3,979b1cfd68299d2a08460c6fb734bfe320caa2fe29e1b153f86ed2799963b2ba
1976,P,P,9809,wikipedia,140,dcc0f4ad1df55af2f1ec8c70267ee7821f40e8172c90dbf3ef0628c4c40b1778,c3d12e84f46d250e463b48fac536f397273567458a393098d3aa6f8419db1fa3
1977,P,P,9203,wikipedia,300,ddceca4fe3c98cbc47e0716075f712142483c5072d6d7bc5a8894428be4a320f,00cca0df7f39b605aef03fe42fff7a89918aaac8ad86de49a261ae2d5e581ea2
1978,P,P,8992,wikipedia,252,de16a7f9a2edae002a93960b8042b3caf9fb259bdcc2a090e3adab56d32c3b61,9d062c66bdd65e19bb7aa74d8d435f07391a29f53911670fd55f2b5c46980b8e
1979,P,P,8647,wikipedia,233,df475cb66eea02ce87679a83e0820a61a82b0f2d47c61845fd660178d0183601,7445d3db6d5474682e817ebcbc9359b6c2ff8d9a8ab2e9b1287f8e5971b89a5d
1980,P,P,8727,wikipedia,177,e01011103dc7bad21b67924a7bfbc5ae868e83852096979405d75ceeeae1574f,5d7f361937588c3840c898bca48678ea8dcdb7944835f4def3d2305c4a37bfe6
1981,P,P,8556,wikipedia,256,e0dba0bde33ca5b450a70f244bd689b37331cbf58dca08ecbc6c5e710a3e49bb,3a269e8547451a110290c251f507e2189ab94d5c44df044df350e24bdc2e7291
1982,P,P,10578,wikipedia,252,e4b6a6f8615b2b56fa52c1b82e4cc4221611e599525040deaf989aa86f799f53,02c35fdc1ea3850f0b6e0e3234911c14eb4f3c72c37f8a6f370c1c10c6b2ba03
1983,P,P,10444,wikipedia,148,e4ceefe0e3c3b47a09c74e1168ec1ae0307985f06e3841d8b27d70c7ceef8633,cb3d1a90e178e517490f1b186b8acf44bfa3f37530ceac11514def0169794cf9
1984,P,P,9521,wikipedia,181,ea4784a13f16ad22f0d5f7f6bb2f2a07e32d586dfafc62724ffc744c637b92a8,f9b62f388c2b21b6255f624d6b3acff3971fd088ce2096ca3498a18998ed911f
1985,P,P,10645,wikipedia,191,ea7e915b6596b80244b20d8abba42fdef395bb9b9419ce7e4b0a4c35a9996bf9,f4a87c3fbb4218d7b6b582f2ac46b38e747e56a5c2788c62fe888814f5d36ba2
1986,P,P,9238,wikipedia,189,eb9e11ece4fc87c81390b9ecd9e2a2946689345840aff7c5e612c7895d9ffab7,326dfd7a75892fe42dff59edec0dd29609e9757577b07ad01332ed8e5bca2181
1987,P,P,9840,wikipedia,167,ed22f7e1db8a105de4dc50a1e0a0e60dfa28b27da44a1ffa7a4e848180a21bdf,fe70eabb696689d033f7dc58be2af2ce47925010a7e3b9f8c6cb243d399d8bcd
1988,P,P,8570,wikipedia,163,edff195f88da4b751cbf3148097bddb01c08b778a9573a176f3f949d0eb386dc,9bde58a66c7ad47dfd91d5a7c1da8c73bf8ed56d367ad135683b9a80a723af21
1989,P,P,8548,wikipedia,139,ef1f1b2d8b1c502d903dcc888b815568b1b5f4ccddb289957cb810cbeb6bfd96,5bde92bbf83ee8dd9305d00bfbaf4efcd23e159f90ee64e9a000966e416557d9
1990,P,P,9851,wikipedia,265,f0e6e11cbc74ef2ba6f80fd11be8ce1117b940eb9bc81ecdbac1d4206de08b60,dc7b51a6000c8fab728e3eb2f1059a62c6a6940b9e99ec9c1ccad340bdcbb8ba
1991,P,P,8434,wikipedia,276,f2e0ee0b1f88e8646a89dd2f4edca7ffe4bdec2ad66075dcf039e1630abb02c9,6714f9604e24ca93d0f4be162d82a9f80e7ed2016e915d16e363bab83143734c
1992,P,P,8637,wikipedia,264,f346ea2bf5d01b13db820410dce0174f29619f124b4092d64889e0c2a314b994,ec825ea492785f8b8d690c1c784b1c106eb33f7e29a8001a94fe308307a4ea9c
1993,P,P,10126,wikipedia,190,f516e7a22dfc06b846e5716f3f42359483999dcc65a0432e9261535cc54dc5bf,b68335fb42cc41bb90d40b56a4d7c541e8219d6b57769fe3070e0c9d6693e59c
1994,P,P,10060,wikipedia,156,f7cbece645c6dd9ace5e45778e2ebc9fddb39e2a7eb66221c8dda3a6517a2ac8,c62385291f336da97d1337a4eefb12a5cd51500f9feb3703a02d83d518942eae
1995,P,P,9177,wikipedia,269,f8800263fbf67df139889e83694640808747c8b99daed64f479c12b51e46c8c5,c9d7da9aba776bd0ef55e39b19335166c66bdc5bce310db55888ef16090d08a7
1996,P,P,9543,wikipedia,262,fb1071f4e7ff63404e5ebeb23e6e780c354b6beb957a48ecfb69c3ea66da3632,7f771f0a01498990b2423e682e636addae1ecf677aa9274873d832f4c4811b01
1997,P,P,10490,wikipedia,176,fc4bee8871eddb5524ebd7d6e31794c0c737f943228a78911dc6ab8b24660dd7,7442b27dd51f2f206c4e763cd3e390a2c230b2e225c4dd0de5afc9c52dcd8ae6
1998,P,P,8818,wikipedia,146,fd605f99c27bf265a42723daa94d955b1f6a96e61bb869587358e7b04a16f3d1,7087d7ccb45f04871fbfd2f62c0d2e4bd59e66310284fbabe8610b7cfebd7bb8
1999,P,P,10333,wikipedia,195,ff32f6b1534eeb9842dd1f45ffb5df19eeb57fbfcde37cd11a18aab0414ce2cb,78a3bc87f948c9647ab8f2fda259a19d6299149db765afa6f9f912799241dcf6
